  0
SECTION
  2
HEADER
  9
$ACADVER
  1
AC1018
  9
$HANDSEED
  5
FFFFFFFF
  9
$ANGBASE
  50
0.0
  9
$ANGDIR
  70
1
  9
$MEASUREMENT
  70
1
  9
$INSUNITS
  70
4
  0
ENDSEC
  0
SECTION
  2
TABLES
  0
TABLE
  2
APPID
  5
1
330
0
100
AcDbSymbolTable
 70
1
  0
APPID
  5
2
330
1
100
AcDbSymbolTableRecord
100
AcDbRegAppTableRecord
  2
ACAD
 70
0
  0
ENDTAB
  0
TABLE
  2
LTYPE
  5
3
330
0
100
AcDbSymbolTable
 70
6
  0
LTYPE
  5
4
330
3
100
AcDbSymbolTableRecord
100
AcDbLinetypeTableRecord
  2
ByBlock
 70
0
  3

 72
65
 73
0
 40
0
  0
LTYPE
  5
5
330
3
100
AcDbSymbolTableRecord
100
AcDbLinetypeTableRecord
  2
ByLayer
 70
0
  3

 72
65
 73
0
 40
0
  0
LTYPE
  5
6
330
3
100
AcDbSymbolTableRecord
100
AcDbLinetypeTableRecord
  2
CONTINUOUS
 70
0
  3
Solid line
 72
65
 73
0
 40
0
  0
LTYPE
  5
7
330
3
100
AcDbSymbolTableRecord
100
AcDbLinetypeTableRecord
  2
DASHDOT
 70
0
  3
Dash Dot ____ _ ____ _
 72
65
 73
4
 40
2
 49
1.25
 74
0
 49
-0.25
 74
0
 49
0.25
 74
0
 49
-0.25
 74
0
  0
LTYPE
  5
8
330
3
100
AcDbSymbolTableRecord
100
AcDbLinetypeTableRecord
  2
DASHED
 70
0
  3
Dashed __ __ __ __ __
 72
65
 73
2
 40
0.75
 49
0.5
 74
0
 49
-0.25
 74
0
  0
LTYPE
  5
9
330
3
100
AcDbSymbolTableRecord
100
AcDbLinetypeTableRecord
  2
DOTTED
 70
0
  3
Dotted .  .  .  .
 72
65
 73
2
 40
0.2
 49
0.0
 74
0
 49
-0.2
 74
0
  0
ENDTAB
  0
TABLE
  2
STYLE
  5
A
330
0
100
AcDbSymbolTable
 70
4
  0
STYLE
  5
B
330
A
100
AcDbSymbolTableRecord
100
AcDbTextStyleTableRecord
  2
KICAD
 70
0
 40
0
 41
1
 42
1
 50
0
 71
0
  3
isocp.shx
  0
STYLE
  5
C
330
A
100
AcDbSymbolTableRecord
100
AcDbTextStyleTableRecord
  2
KICADB
 70
0
 40
0
 41
1
 42
1
 50
0
 71
0
  3
isocp.shx
  0
STYLE
  5
D
330
A
100
AcDbSymbolTableRecord
100
AcDbTextStyleTableRecord
  2
KICADI
 70
0
 40
0
 41
1
 42
1
 50
15
 71
0
  3
isocp.shx
  0
STYLE
  5
E
330
A
100
AcDbSymbolTableRecord
100
AcDbTextStyleTableRecord
  2
KICADBI
 70
0
 40
0
 41
1
 42
1
 50
15
 71
0
  3
isocp.shx
  0
ENDTAB
  0
TABLE
  2
LAYER
  5
F
330
0
100
AcDbSymbolTable
 70
2
  0
LAYER
  5
12
330
F
100
AcDbSymbolTableRecord
100
AcDbLayerTableRecord
  2
0
 70
0
 62
7
  6
CONTINUOUS
390
10
  0
LAYER
  5
13
330
F
100
AcDbSymbolTableRecord
100
AcDbLayerTableRecord
  2
B.Cu
 70
0
 62
153
420
5078980
  6
CONTINUOUS
390
10
  0
ENDTAB
  0
TABLE
  2
VPORT
  5
14
330
0
100
AcDbSymbolTable
 70
0
  0
ENDTAB
  0
TABLE
  2
VIEW
  5
15
330
0
100
AcDbSymbolTable
 70
0
  0
ENDTAB
  0
TABLE
  2
UCS
  5
16
330
0
100
AcDbSymbolTable
 70
0
  0
ENDTAB
  0
TABLE
  2
DIMSTYLE
  5
17
330
0
100
AcDbSymbolTable
 70
1
100
AcDbDimStyleTable
 71
0
  0
DIMSTYLE
105
18
330
17
100
AcDbSymbolTableRecord
100
AcDbDimStyleTableRecord
  2
Standard
 70
0
  0
ENDTAB
  0
TABLE
  2
BLOCK_RECORD
  5
19
330
0
100
AcDbSymbolTable
 70
3
  0
BLOCK_RECORD
  5
1A
330
19
100
AcDbSymbolTableRecord
100
AcDbBlockTableRecord
  2
*Model_Space
340
1D
 70
0
280
1
281
0
  0
BLOCK_RECORD
  5
1B
330
19
100
AcDbSymbolTableRecord
100
AcDbBlockTableRecord
  2
*Paper_Space
340
1E
 70
0
280
1
281
0
  0
BLOCK_RECORD
  5
1C
330
19
100
AcDbSymbolTableRecord
100
AcDbBlockTableRecord
  2
*Paper_Space0
340
1F
 70
0
280
1
281
0
  0
ENDTAB
  0
ENDSEC
  0
SECTION
  2
BLOCKS
  0
BLOCK
  5
23
330
1A
100
AcDbEntity
  8
0
100
AcDbBlockBegin
  2
*Model_Space
 70
0
 10
0.0
 20
0.0
 30
0.0
  3
*Model_Space
  1

  0
ENDBLK
  5
22
330
1A
100
AcDbEntity
  8
0
100
AcDbBlockEnd
  0
BLOCK
  5
25
330
1B
100
AcDbEntity
 67
1
  8
0
100
AcDbBlockBegin
  2
*Paper_Space
 70
0
 10
0.0
 20
0.0
 30
0.0
  3
*Paper_Space
  1

  0
ENDBLK
  5
24
330
1B
100
AcDbEntity
 67
1
  8
0
100
AcDbBlockEnd
  0
BLOCK
  5
27
330
1C
100
AcDbEntity
 67
1
  8
0
100
AcDbBlockBegin
  2
*Paper_Space0
 70
0
 10
0.0
 20
0.0
 30
0.0
  3
*Paper_Space0
  1

  0
ENDBLK
  5
26
330
1C
100
AcDbEntity
 67
1
  8
0
100
AcDbBlockEnd
  0
ENDSEC
  0
SECTION
  2
ENTITIES
  0
LINE
  5
28
330
1A
100
AcDbEntity
  8
B.Cu
  6
CONTINUOUS
100
AcDbLine
 10
168.3333149999999989
 20
-141.6290929999999832
 30
0
 11
168.4967419999999834
 21
-141.6616009999999903
 31
0
  0
LINE
  5
29
330
1A
100
AcDbEntity
  8
B.Cu
  6
CONTINUOUS
100
AcDbLine
 10
168.4967419999999834
 20
-141.6616009999999903
 30
0
 11
168.6506870000000049
 21
-141.7253670000000056
 31
0
  0
LINE
  5
2A
330
1A
100
AcDbEntity
  8
B.Cu
  6
CONTINUOUS
100
AcDbLine
 10
168.6506870000000049
 20
-141.7253670000000056
 30
0
 11
168.7892339999999933
 21
-141.8179409999999905
 31
0
  0
LINE
  5
2B
330
1A
100
AcDbEntity
  8
B.Cu
  6
CONTINUOUS
100
AcDbLine
 10
168.7892339999999933
 20
-141.8179409999999905
 30
0
 11
168.9070590000000038
 21
-141.935766000000001
 31
0
  0
LINE
  5
2C
330
1A
100
AcDbEntity
  8
B.Cu
  6
CONTINUOUS
100
AcDbLine
 10
168.9070590000000038
 20
-141.935766000000001
 30
0
 11
168.9996329999999887
 21
-142.0743129999999894
 31
0
  0
LINE
  5
2D
330
1A
100
AcDbEntity
  8
B.Cu
  6
CONTINUOUS
100
AcDbLine
 10
168.9996329999999887
 20
-142.0743129999999894
 30
0
 11
169.063399000000004
 21
-142.2282579999999825
 31
0
  0
LINE
  5
2E
330
1A
100
AcDbEntity
  8
B.Cu
  6
CONTINUOUS
100
AcDbLine
 10
169.063399000000004
 20
-142.2282579999999825
 30
0
 11
169.0959069999999826
 21
-142.3916849999999954
 31
0
  0
LINE
  5
2F
330
1A
100
AcDbEntity
  8
B.Cu
  6
CONTINUOUS
100
AcDbLine
 10
169.0959069999999826
 20
-142.3916849999999954
 30
0
 11
169.0959069999999826
 21
-142.5583149999999932
 31
0
  0
LINE
  5
30
330
1A
100
AcDbEntity
  8
B.Cu
  6
CONTINUOUS
100
AcDbLine
 10
169.0959069999999826
 20
-142.5583149999999932
 30
0
 11
169.063399000000004
 21
-142.7217420000000061
 31
0
  0
LINE
  5
31
330
1A
100
AcDbEntity
  8
B.Cu
  6
CONTINUOUS
100
AcDbLine
 10
169.063399000000004
 20
-142.7217420000000061
 30
0
 11
168.9996329999999887
 21
-142.8756869999999992
 31
0
  0
LINE
  5
32
330
1A
100
AcDbEntity
  8
B.Cu
  6
CONTINUOUS
100
AcDbLine
 10
168.9996329999999887
 20
-142.8756869999999992
 30
0
 11
168.9070590000000038
 21
-143.0142339999999876
 31
0
  0
LINE
  5
33
330
1A
100
AcDbEntity
  8
B.Cu
  6
CONTINUOUS
100
AcDbLine
 10
168.9070590000000038
 20
-143.0142339999999876
 30
0
 11
168.7892339999999933
 21
-143.1320589999999982
 31
0
  0
LINE
  5
34
330
1A
100
AcDbEntity
  8
B.Cu
  6
CONTINUOUS
100
AcDbLine
 10
168.7892339999999933
 20
-143.1320589999999982
 30
0
 11
168.6506870000000049
 21
-143.224632999999983
 31
0
  0
LINE
  5
35
330
1A
100
AcDbEntity
  8
B.Cu
  6
CONTINUOUS
100
AcDbLine
 10
168.6506870000000049
 20
-143.224632999999983
 30
0
 11
168.4967419999999834
 21
-143.2883989999999983
 31
0
  0
LINE
  5
36
330
1A
100
AcDbEntity
  8
B.Cu
  6
CONTINUOUS
100
AcDbLine
 10
168.4967419999999834
 20
-143.2883989999999983
 30
0
 11
168.3333149999999989
 21
-143.3209070000000054
 31
0
  0
LINE
  5
37
330
1A
100
AcDbEntity
  8
B.Cu
  6
CONTINUOUS
100
AcDbLine
 10
168.3333149999999989
 20
-143.3209070000000054
 30
0
 11
168.25
 21
-143.3249999999999886
 31
0
  0
LINE
  5
38
330
1A
100
AcDbEntity
  8
B.Cu
  6
CONTINUOUS
100
AcDbLine
 10
168.25
 20
-143.3249999999999886
 30
0
 11
168.
 21
-143.3249999999999886
 31
0
  0
LINE
  5
39
330
1A
100
AcDbEntity
  8
B.Cu
  6
CONTINUOUS
100
AcDbLine
 10
168.
 20
-143.3249999999999886
 30
0
 11
167.9166850000000011
 21
-143.3209070000000054
 31
0
  0
LINE
  5
3A
330
1A
100
AcDbEntity
  8
B.Cu
  6
CONTINUOUS
100
AcDbLine
 10
167.9166850000000011
 20
-143.3209070000000054
 30
0
 11
167.7532579999999882
 21
-143.2883989999999983
 31
0
  0
LINE
  5
3B
330
1A
100
AcDbEntity
  8
B.Cu
  6
CONTINUOUS
100
AcDbLine
 10
167.7532579999999882
 20
-143.2883989999999983
 30
0
 11
167.5993129999999951
 21
-143.224632999999983
 31
0
  0
LINE
  5
3C
330
1A
100
AcDbEntity
  8
B.Cu
  6
CONTINUOUS
100
AcDbLine
 10
167.5993129999999951
 20
-143.224632999999983
 30
0
 11
167.4607659999999782
 21
-143.1320589999999982
 31
0
  0
LINE
  5
3D
330
1A
100
AcDbEntity
  8
B.Cu
  6
CONTINUOUS
100
AcDbLine
 10
167.4607659999999782
 20
-143.1320589999999982
 30
0
 11
167.3429409999999962
 21
-143.0142339999999876
 31
0
  0
LINE
  5
3E
330
1A
100
AcDbEntity
  8
B.Cu
  6
CONTINUOUS
100
AcDbLine
 10
167.3429409999999962
 20
-143.0142339999999876
 30
0
 11
167.2503669999999829
 21
-142.8756869999999992
 31
0
  0
LINE
  5
3F
330
1A
100
AcDbEntity
  8
B.Cu
  6
CONTINUOUS
100
AcDbLine
 10
167.2503669999999829
 20
-142.8756869999999992
 30
0
 11
167.186600999999996
 21
-142.7217420000000061
 31
0
  0
LINE
  5
40
330
1A
100
AcDbEntity
  8
B.Cu
  6
CONTINUOUS
100
AcDbLine
 10
167.186600999999996
 20
-142.7217420000000061
 30
0
 11
167.1540929999999889
 21
-142.5583149999999932
 31
0
  0
LINE
  5
41
330
1A
100
AcDbEntity
  8
B.Cu
  6
CONTINUOUS
100
AcDbLine
 10
167.1540929999999889
 20
-142.5583149999999932
 30
0
 11
167.1540929999999889
 21
-142.3916849999999954
 31
0
  0
LINE
  5
42
330
1A
100
AcDbEntity
  8
B.Cu
  6
CONTINUOUS
100
AcDbLine
 10
167.1540929999999889
 20
-142.3916849999999954
 30
0
 11
167.186600999999996
 21
-142.2282579999999825
 31
0
  0
LINE
  5
43
330
1A
100
AcDbEntity
  8
B.Cu
  6
CONTINUOUS
100
AcDbLine
 10
167.186600999999996
 20
-142.2282579999999825
 30
0
 11
167.2503669999999829
 21
-142.0743129999999894
 31
0
  0
LINE
  5
44
330
1A
100
AcDbEntity
  8
B.Cu
  6
CONTINUOUS
100
AcDbLine
 10
167.2503669999999829
 20
-142.0743129999999894
 30
0
 11
167.3429409999999962
 21
-141.935766000000001
 31
0
  0
LINE
  5
45
330
1A
100
AcDbEntity
  8
B.Cu
  6
CONTINUOUS
100
AcDbLine
 10
167.3429409999999962
 20
-141.935766000000001
 30
0
 11
167.4607659999999782
 21
-141.8179409999999905
 31
0
  0
LINE
  5
46
330
1A
100
AcDbEntity
  8
B.Cu
  6
CONTINUOUS
100
AcDbLine
 10
167.4607659999999782
 20
-141.8179409999999905
 30
0
 11
167.5993129999999951
 21
-141.7253670000000056
 31
0
  0
LINE
  5
47
330
1A
100
AcDbEntity
  8
B.Cu
  6
CONTINUOUS
100
AcDbLine
 10
167.5993129999999951
 20
-141.7253670000000056
 30
0
 11
167.7532579999999882
 21
-141.6616009999999903
 31
0
  0
LINE
  5
48
330
1A
100
AcDbEntity
  8
B.Cu
  6
CONTINUOUS
100
AcDbLine
 10
167.7532579999999882
 20
-141.6616009999999903
 30
0
 11
167.9166850000000011
 21
-141.6290929999999832
 31
0
  0
LINE
  5
49
330
1A
100
AcDbEntity
  8
B.Cu
  6
CONTINUOUS
100
AcDbLine
 10
167.9166850000000011
 20
-141.6290929999999832
 30
0
 11
168.
 21
-141.625
 31
0
  0
LINE
  5
4A
330
1A
100
AcDbEntity
  8
B.Cu
  6
CONTINUOUS
100
AcDbLine
 10
168.
 20
-141.625
 30
0
 11
168.25
 21
-141.625
 31
0
  0
LINE
  5
4B
330
1A
100
AcDbEntity
  8
B.Cu
  6
CONTINUOUS
100
AcDbLine
 10
168.25
 20
-141.625
 30
0
 11
168.3333149999999989
 21
-141.6290929999999832
 31
0
  0
LINE
  5
4C
330
1A
100
AcDbEntity
  8
B.Cu
  6
CONTINUOUS
100
AcDbLine
 10
168.2230169999999987
 20
-138.9798150000000021
 30
0
 11
168.415284999999983
 21
-139.0180599999999913
 31
0
  0
LINE
  5
4D
330
1A
100
AcDbEntity
  8
B.Cu
  6
CONTINUOUS
100
AcDbLine
 10
168.415284999999983
 20
-139.0180599999999913
 30
0
 11
168.5963969999999961
 21
-139.0930789999999888
 31
0
  0
LINE
  5
4E
330
1A
100
AcDbEntity
  8
B.Cu
  6
CONTINUOUS
100
AcDbLine
 10
168.5963969999999961
 20
-139.0930789999999888
 30
0
 11
168.7593929999999887
 21
-139.201989999999995
 31
0
  0
LINE
  5
4F
330
1A
100
AcDbEntity
  8
B.Cu
  6
CONTINUOUS
100
AcDbLine
 10
168.7593929999999887
 20
-139.201989999999995
 30
0
 11
168.8980099999999993
 21
-139.3406070000000057
 31
0
  0
LINE
  5
50
330
1A
100
AcDbEntity
  8
B.Cu
  6
CONTINUOUS
100
AcDbLine
 10
168.8980099999999993
 20
-139.3406070000000057
 30
0
 11
169.0069210000000055
 21
-139.5036029999999982
 31
0
  0
LINE
  5
51
330
1A
100
AcDbEntity
  8
B.Cu
  6
CONTINUOUS
100
AcDbLine
 10
169.0069210000000055
 20
-139.5036029999999982
 30
0
 11
169.081940000000003
 21
-139.6847149999999829
 31
0
  0
LINE
  5
52
330
1A
100
AcDbEntity
  8
B.Cu
  6
CONTINUOUS
100
AcDbLine
 10
169.081940000000003
 20
-139.6847149999999829
 30
0
 11
169.1201849999999922
 21
-139.8769829999999956
 31
0
  0
LINE
  5
53
330
1A
100
AcDbEntity
  8
B.Cu
  6
CONTINUOUS
100
AcDbLine
 10
169.1201849999999922
 20
-139.8769829999999956
 30
0
 11
169.1201849999999922
 21
-140.073016999999993
 31
0
  0
LINE
  5
54
330
1A
100
AcDbEntity
  8
B.Cu
  6
CONTINUOUS
100
AcDbLine
 10
169.1201849999999922
 20
-140.073016999999993
 30
0
 11
169.081940000000003
 21
-140.2652850000000058
 31
0
  0
LINE
  5
55
330
1A
100
AcDbEntity
  8
B.Cu
  6
CONTINUOUS
100
AcDbLine
 10
169.081940000000003
 20
-140.2652850000000058
 30
0
 11
169.0069210000000055
 21
-140.4463969999999904
 31
0
  0
LINE
  5
56
330
1A
100
AcDbEntity
  8
B.Cu
  6
CONTINUOUS
100
AcDbLine
 10
169.0069210000000055
 20
-140.4463969999999904
 30
0
 11
168.8980099999999993
 21
-140.609392999999983
 31
0
  0
LINE
  5
57
330
1A
100
AcDbEntity
  8
B.Cu
  6
CONTINUOUS
100
AcDbLine
 10
168.8980099999999993
 20
-140.609392999999983
 30
0
 11
168.7593929999999887
 21
-140.7480099999999936
 31
0
  0
LINE
  5
58
330
1A
100
AcDbEntity
  8
B.Cu
  6
CONTINUOUS
100
AcDbLine
 10
168.7593929999999887
 20
-140.7480099999999936
 30
0
 11
168.5963969999999961
 21
-140.8569209999999998
 31
0
  0
LINE
  5
59
330
1A
100
AcDbEntity
  8
B.Cu
  6
CONTINUOUS
100
AcDbLine
 10
168.5963969999999961
 20
-140.8569209999999998
 30
0
 11
168.415284999999983
 21
-140.9319399999999973
 31
0
  0
LINE
  5
5A
330
1A
100
AcDbEntity
  8
B.Cu
  6
CONTINUOUS
100
AcDbLine
 10
168.415284999999983
 20
-140.9319399999999973
 30
0
 11
168.2230169999999987
 21
-140.9701849999999865
 31
0
  0
LINE
  5
5B
330
1A
100
AcDbEntity
  8
B.Cu
  6
CONTINUOUS
100
AcDbLine
 10
168.2230169999999987
 20
-140.9701849999999865
 30
0
 11
168.125
 21
-140.9749999999999943
 31
0
  0
LINE
  5
5C
330
1A
100
AcDbEntity
  8
B.Cu
  6
CONTINUOUS
100
AcDbLine
 10
168.125
 20
-140.9749999999999943
 30
0
 11
152.1850000000000023
 21
-140.9749999999999943
 31
0
  0
LINE
  5
5D
330
1A
100
AcDbEntity
  8
B.Cu
  6
CONTINUOUS
100
AcDbLine
 10
152.1850000000000023
 20
-140.9749999999999943
 30
0
 11
152.0869830000000036
 21
-140.9701849999999865
 31
0
  0
LINE
  5
5E
330
1A
100
AcDbEntity
  8
B.Cu
  6
CONTINUOUS
100
AcDbLine
 10
152.0869830000000036
 20
-140.9701849999999865
 30
0
 11
151.8947149999999908
 21
-140.9319399999999973
 31
0
  0
LINE
  5
5F
330
1A
100
AcDbEntity
  8
B.Cu
  6
CONTINUOUS
100
AcDbLine
 10
151.8947149999999908
 20
-140.9319399999999973
 30
0
 11
151.7136030000000062
 21
-140.8569209999999998
 31
0
  0
LINE
  5
60
330
1A
100
AcDbEntity
  8
B.Cu
  6
CONTINUOUS
100
AcDbLine
 10
151.7136030000000062
 20
-140.8569209999999998
 30
0
 11
151.5506069999999852
 21
-140.7480099999999936
 31
0
  0
LINE
  5
61
330
1A
100
AcDbEntity
  8
B.Cu
  6
CONTINUOUS
100
AcDbLine
 10
151.5506069999999852
 20
-140.7480099999999936
 30
0
 11
151.411990000000003
 21
-140.609392999999983
 31
0
  0
LINE
  5
62
330
1A
100
AcDbEntity
  8
B.Cu
  6
CONTINUOUS
100
AcDbLine
 10
151.411990000000003
 20
-140.609392999999983
 30
0
 11
151.3030789999999968
 21
-140.4463969999999904
 31
0
  0
LINE
  5
63
330
1A
100
AcDbEntity
  8
B.Cu
  6
CONTINUOUS
100
AcDbLine
 10
151.3030789999999968
 20
-140.4463969999999904
 30
0
 11
151.2280599999999993
 21
-140.2652850000000058
 31
0
  0
LINE
  5
64
330
1A
100
AcDbEntity
  8
B.Cu
  6
CONTINUOUS
100
AcDbLine
 10
151.2280599999999993
 20
-140.2652850000000058
 30
0
 11
151.1898149999999816
 21
-140.073016999999993
 31
0
  0
LINE
  5
65
330
1A
100
AcDbEntity
  8
B.Cu
  6
CONTINUOUS
100
AcDbLine
 10
151.1898149999999816
 20
-140.073016999999993
 30
0
 11
151.1898149999999816
 21
-139.8769829999999956
 31
0
  0
LINE
  5
66
330
1A
100
AcDbEntity
  8
B.Cu
  6
CONTINUOUS
100
AcDbLine
 10
151.1898149999999816
 20
-139.8769829999999956
 30
0
 11
151.2280599999999993
 21
-139.6847149999999829
 31
0
  0
LINE
  5
67
330
1A
100
AcDbEntity
  8
B.Cu
  6
CONTINUOUS
100
AcDbLine
 10
151.2280599999999993
 20
-139.6847149999999829
 30
0
 11
151.3030789999999968
 21
-139.5036029999999982
 31
0
  0
LINE
  5
68
330
1A
100
AcDbEntity
  8
B.Cu
  6
CONTINUOUS
100
AcDbLine
 10
151.3030789999999968
 20
-139.5036029999999982
 30
0
 11
151.411990000000003
 21
-139.3406070000000057
 31
0
  0
LINE
  5
69
330
1A
100
AcDbEntity
  8
B.Cu
  6
CONTINUOUS
100
AcDbLine
 10
151.411990000000003
 20
-139.3406070000000057
 30
0
 11
151.5506069999999852
 21
-139.201989999999995
 31
0
  0
LINE
  5
6A
330
1A
100
AcDbEntity
  8
B.Cu
  6
CONTINUOUS
100
AcDbLine
 10
151.5506069999999852
 20
-139.201989999999995
 30
0
 11
151.7136030000000062
 21
-139.0930789999999888
 31
0
  0
LINE
  5
6B
330
1A
100
AcDbEntity
  8
B.Cu
  6
CONTINUOUS
100
AcDbLine
 10
151.7136030000000062
 20
-139.0930789999999888
 30
0
 11
151.8947149999999908
 21
-139.0180599999999913
 31
0
  0
LINE
  5
6C
330
1A
100
AcDbEntity
  8
B.Cu
  6
CONTINUOUS
100
AcDbLine
 10
151.8947149999999908
 20
-139.0180599999999913
 30
0
 11
152.0869830000000036
 21
-138.9798150000000021
 31
0
  0
LINE
  5
6D
330
1A
100
AcDbEntity
  8
B.Cu
  6
CONTINUOUS
100
AcDbLine
 10
152.0869830000000036
 20
-138.9798150000000021
 30
0
 11
152.1850000000000023
 21
-138.9749999999999943
 31
0
  0
LINE
  5
6E
330
1A
100
AcDbEntity
  8
B.Cu
  6
CONTINUOUS
100
AcDbLine
 10
152.1850000000000023
 20
-138.9749999999999943
 30
0
 11
168.125
 21
-138.9749999999999943
 31
0
  0
LINE
  5
6F
330
1A
100
AcDbEntity
  8
B.Cu
  6
CONTINUOUS
100
AcDbLine
 10
168.125
 20
-138.9749999999999943
 30
0
 11
168.2230169999999987
 21
-138.9798150000000021
 31
0
  0
LINE
  5
70
330
1A
100
AcDbEntity
  8
B.Cu
  6
CONTINUOUS
100
AcDbLine
 10
152.3667419999999879
 20
-136.686600999999996
 30
0
 11
152.520686999999981
 21
-136.7503669999999829
 31
0
  0
LINE
  5
71
330
1A
100
AcDbEntity
  8
B.Cu
  6
CONTINUOUS
100
AcDbLine
 10
152.520686999999981
 20
-136.7503669999999829
 30
0
 11
152.6592339999999979
 21
-136.8429409999999962
 31
0
  0
LINE
  5
72
330
1A
100
AcDbEntity
  8
B.Cu
  6
CONTINUOUS
100
AcDbLine
 10
152.6592339999999979
 20
-136.8429409999999962
 30
0
 11
152.77705899999998
 21
-136.9607660000000067
 31
0
  0
LINE
  5
73
330
1A
100
AcDbEntity
  8
B.Cu
  6
CONTINUOUS
100
AcDbLine
 10
152.77705899999998
 20
-136.9607660000000067
 30
0
 11
152.8696329999999932
 21
-137.0993129999999951
 31
0
  0
LINE
  5
74
330
1A
100
AcDbEntity
  8
B.Cu
  6
CONTINUOUS
100
AcDbLine
 10
152.8696329999999932
 20
-137.0993129999999951
 30
0
 11
152.9333989999999801
 21
-137.2532579999999882
 31
0
  0
LINE
  5
75
330
1A
100
AcDbEntity
  8
B.Cu
  6
CONTINUOUS
100
AcDbLine
 10
152.9333989999999801
 20
-137.2532579999999882
 30
0
 11
152.9659069999999872
 21
-137.4166850000000011
 31
0
  0
LINE
  5
76
330
1A
100
AcDbEntity
  8
B.Cu
  6
CONTINUOUS
100
AcDbLine
 10
152.9659069999999872
 20
-137.4166850000000011
 30
0
 11
152.9659069999999872
 21
-137.5833149999999989
 31
0
  0
LINE
  5
77
330
1A
100
AcDbEntity
  8
B.Cu
  6
CONTINUOUS
100
AcDbLine
 10
152.9659069999999872
 20
-137.5833149999999989
 30
0
 11
152.9333989999999801
 21
-137.7467419999999834
 31
0
  0
LINE
  5
78
330
1A
100
AcDbEntity
  8
B.Cu
  6
CONTINUOUS
100
AcDbLine
 10
152.9333989999999801
 20
-137.7467419999999834
 30
0
 11
152.8696329999999932
 21
-137.9006870000000049
 31
0
  0
LINE
  5
79
330
1A
100
AcDbEntity
  8
B.Cu
  6
CONTINUOUS
100
AcDbLine
 10
152.8696329999999932
 20
-137.9006870000000049
 30
0
 11
152.77705899999998
 21
-138.0392339999999933
 31
0
  0
LINE
  5
7A
330
1A
100
AcDbEntity
  8
B.Cu
  6
CONTINUOUS
100
AcDbLine
 10
152.77705899999998
 20
-138.0392339999999933
 30
0
 11
152.6592339999999979
 21
-138.1570590000000038
 31
0
  0
LINE
  5
7B
330
1A
100
AcDbEntity
  8
B.Cu
  6
CONTINUOUS
100
AcDbLine
 10
152.6592339999999979
 20
-138.1570590000000038
 30
0
 11
152.520686999999981
 21
-138.2496329999999887
 31
0
  0
LINE
  5
7C
330
1A
100
AcDbEntity
  8
B.Cu
  6
CONTINUOUS
100
AcDbLine
 10
152.520686999999981
 20
-138.2496329999999887
 30
0
 11
152.3667419999999879
 21
-138.313399000000004
 31
0
  0
LINE
  5
7D
330
1A
100
AcDbEntity
  8
B.Cu
  6
CONTINUOUS
100
AcDbLine
 10
152.3667419999999879
 20
-138.313399000000004
 30
0
 11
152.2033150000000035
 21
-138.3459069999999826
 31
0
  0
LINE
  5
7E
330
1A
100
AcDbEntity
  8
B.Cu
  6
CONTINUOUS
100
AcDbLine
 10
152.2033150000000035
 20
-138.3459069999999826
 30
0
 11
152.0366850000000056
 21
-138.3459069999999826
 31
0
  0
LINE
  5
7F
330
1A
100
AcDbEntity
  8
B.Cu
  6
CONTINUOUS
100
AcDbLine
 10
152.0366850000000056
 20
-138.3459069999999826
 30
0
 11
151.8732579999999928
 21
-138.313399000000004
 31
0
  0
LINE
  5
80
330
1A
100
AcDbEntity
  8
B.Cu
  6
CONTINUOUS
100
AcDbLine
 10
151.8732579999999928
 20
-138.313399000000004
 30
0
 11
151.7193129999999996
 21
-138.2496329999999887
 31
0
  0
LINE
  5
81
330
1A
100
AcDbEntity
  8
B.Cu
  6
CONTINUOUS
100
AcDbLine
 10
151.7193129999999996
 20
-138.2496329999999887
 30
0
 11
151.5807659999999828
 21
-138.1570590000000038
 31
0
  0
LINE
  5
82
330
1A
100
AcDbEntity
  8
B.Cu
  6
CONTINUOUS
100
AcDbLine
 10
151.5807659999999828
 20
-138.1570590000000038
 30
0
 11
151.4629410000000007
 21
-138.0392339999999933
 31
0
  0
LINE
  5
83
330
1A
100
AcDbEntity
  8
B.Cu
  6
CONTINUOUS
100
AcDbLine
 10
151.4629410000000007
 20
-138.0392339999999933
 30
0
 11
151.3703669999999875
 21
-137.9006870000000049
 31
0
  0
LINE
  5
84
330
1A
100
AcDbEntity
  8
B.Cu
  6
CONTINUOUS
100
AcDbLine
 10
151.3703669999999875
 20
-137.9006870000000049
 30
0
 11
151.3066010000000006
 21
-137.7467419999999834
 31
0
  0
LINE
  5
85
330
1A
100
AcDbEntity
  8
B.Cu
  6
CONTINUOUS
100
AcDbLine
 10
151.3066010000000006
 20
-137.7467419999999834
 30
0
 11
151.2740929999999935
 21
-137.5833149999999989
 31
0
  0
LINE
  5
86
330
1A
100
AcDbEntity
  8
B.Cu
  6
CONTINUOUS
100
AcDbLine
 10
151.2740929999999935
 20
-137.5833149999999989
 30
0
 11
151.2740929999999935
 21
-137.4166850000000011
 31
0
  0
LINE
  5
87
330
1A
100
AcDbEntity
  8
B.Cu
  6
CONTINUOUS
100
AcDbLine
 10
151.2740929999999935
 20
-137.4166850000000011
 30
0
 11
151.3066010000000006
 21
-137.2532579999999882
 31
0
  0
LINE
  5
88
330
1A
100
AcDbEntity
  8
B.Cu
  6
CONTINUOUS
100
AcDbLine
 10
151.3066010000000006
 20
-137.2532579999999882
 30
0
 11
151.3703669999999875
 21
-137.0993129999999951
 31
0
  0
LINE
  5
89
330
1A
100
AcDbEntity
  8
B.Cu
  6
CONTINUOUS
100
AcDbLine
 10
151.3703669999999875
 20
-137.0993129999999951
 30
0
 11
151.4629410000000007
 21
-136.9607660000000067
 31
0
  0
LINE
  5
8A
330
1A
100
AcDbEntity
  8
B.Cu
  6
CONTINUOUS
100
AcDbLine
 10
151.4629410000000007
 20
-136.9607660000000067
 30
0
 11
151.5807659999999828
 21
-136.8429409999999962
 31
0
  0
LINE
  5
8B
330
1A
100
AcDbEntity
  8
B.Cu
  6
CONTINUOUS
100
AcDbLine
 10
151.5807659999999828
 20
-136.8429409999999962
 30
0
 11
151.7193129999999996
 21
-136.7503669999999829
 31
0
  0
LINE
  5
8C
330
1A
100
AcDbEntity
  8
B.Cu
  6
CONTINUOUS
100
AcDbLine
 10
151.7193129999999996
 20
-136.7503669999999829
 30
0
 11
151.8732579999999928
 21
-136.686600999999996
 31
0
  0
LINE
  5
8D
330
1A
100
AcDbEntity
  8
B.Cu
  6
CONTINUOUS
100
AcDbLine
 10
151.8732579999999928
 20
-136.686600999999996
 30
0
 11
152.0366850000000056
 21
-136.6540929999999889
 31
0
  0
LINE
  5
8E
330
1A
100
AcDbEntity
  8
B.Cu
  6
CONTINUOUS
100
AcDbLine
 10
152.0366850000000056
 20
-136.6540929999999889
 30
0
 11
152.2033150000000035
 21
-136.6540929999999889
 31
0
  0
LINE
  5
8F
330
1A
100
AcDbEntity
  8
B.Cu
  6
CONTINUOUS
100
AcDbLine
 10
152.2033150000000035
 20
-136.6540929999999889
 30
0
 11
152.3667419999999879
 21
-136.686600999999996
 31
0
  0
LINE
  5
90
330
1A
100
AcDbEntity
  8
B.Cu
  6
CONTINUOUS
100
AcDbLine
 10
168.9456710000000044
 20
-136.6440299999999866
 30
0
 11
169.0267769999999814
 21
-136.6982229999999845
 31
0
  0
LINE
  5
91
330
1A
100
AcDbEntity
  8
B.Cu
  6
CONTINUOUS
100
AcDbLine
 10
169.0267769999999814
 20
-136.6982229999999845
 30
0
 11
169.0809699999999793
 21
-136.7793289999999899
 31
0
  0
LINE
  5
92
330
1A
100
AcDbEntity
  8
B.Cu
  6
CONTINUOUS
100
AcDbLine
 10
169.0809699999999793
 20
-136.7793289999999899
 30
0
 11
169.0999999999999943
 21
-136.875
 31
0
  0
LINE
  5
93
330
1A
100
AcDbEntity
  8
B.Cu
  6
CONTINUOUS
100
AcDbLine
 10
169.0999999999999943
 20
-136.875
 30
0
 11
169.0999999999999943
 21
-138.0749999999999886
 31
0
  0
LINE
  5
94
330
1A
100
AcDbEntity
  8
B.Cu
  6
CONTINUOUS
100
AcDbLine
 10
169.0999999999999943
 20
-138.0749999999999886
 30
0
 11
169.0809699999999793
 21
-138.1706709999999987
 31
0
  0
LINE
  5
95
330
1A
100
AcDbEntity
  8
B.Cu
  6
CONTINUOUS
100
AcDbLine
 10
169.0809699999999793
 20
-138.1706709999999987
 30
0
 11
169.0267769999999814
 21
-138.2517770000000041
 31
0
  0
LINE
  5
96
330
1A
100
AcDbEntity
  8
B.Cu
  6
CONTINUOUS
100
AcDbLine
 10
169.0267769999999814
 20
-138.2517770000000041
 30
0
 11
168.9456710000000044
 21
-138.3059700000000021
 31
0
  0
LINE
  5
97
330
1A
100
AcDbEntity
  8
B.Cu
  6
CONTINUOUS
100
AcDbLine
 10
168.9456710000000044
 20
-138.3059700000000021
 30
0
 11
168.8499999999999943
 21
-138.3249999999999886
 31
0
  0
LINE
  5
98
330
1A
100
AcDbEntity
  8
B.Cu
  6
CONTINUOUS
100
AcDbLine
 10
168.8499999999999943
 20
-138.3249999999999886
 30
0
 11
167.4000000000000057
 21
-138.3249999999999886
 31
0
  0
LINE
  5
99
330
1A
100
AcDbEntity
  8
B.Cu
  6
CONTINUOUS
100
AcDbLine
 10
167.4000000000000057
 20
-138.3249999999999886
 30
0
 11
167.3043289999999956
 21
-138.3059700000000021
 31
0
  0
LINE
  5
9A
330
1A
100
AcDbEntity
  8
B.Cu
  6
CONTINUOUS
100
AcDbLine
 10
167.3043289999999956
 20
-138.3059700000000021
 30
0
 11
167.2232229999999902
 21
-138.2517770000000041
 31
0
  0
LINE
  5
9B
330
1A
100
AcDbEntity
  8
B.Cu
  6
CONTINUOUS
100
AcDbLine
 10
167.2232229999999902
 20
-138.2517770000000041
 30
0
 11
167.1690299999999922
 21
-138.1706709999999987
 31
0
  0
LINE
  5
9C
330
1A
100
AcDbEntity
  8
B.Cu
  6
CONTINUOUS
100
AcDbLine
 10
167.1690299999999922
 20
-138.1706709999999987
 30
0
 11
167.1500000000000057
 21
-138.0749999999999886
 31
0
  0
LINE
  5
9D
330
1A
100
AcDbEntity
  8
B.Cu
  6
CONTINUOUS
100
AcDbLine
 10
167.1500000000000057
 20
-138.0749999999999886
 30
0
 11
167.1500000000000057
 21
-136.875
 31
0
  0
LINE
  5
9E
330
1A
100
AcDbEntity
  8
B.Cu
  6
CONTINUOUS
100
AcDbLine
 10
167.1500000000000057
 20
-136.875
 30
0
 11
167.1690299999999922
 21
-136.7793289999999899
 31
0
  0
LINE
  5
9F
330
1A
100
AcDbEntity
  8
B.Cu
  6
CONTINUOUS
100
AcDbLine
 10
167.1690299999999922
 20
-136.7793289999999899
 30
0
 11
167.2232229999999902
 21
-136.6982229999999845
 31
0
  0
LINE
  5
A0
330
1A
100
AcDbEntity
  8
B.Cu
  6
CONTINUOUS
100
AcDbLine
 10
167.2232229999999902
 20
-136.6982229999999845
 30
0
 11
167.3043289999999956
 21
-136.6440299999999866
 31
0
  0
LINE
  5
A1
330
1A
100
AcDbEntity
  8
B.Cu
  6
CONTINUOUS
100
AcDbLine
 10
167.3043289999999956
 20
-136.6440299999999866
 30
0
 11
167.4000000000000057
 21
-136.625
 31
0
  0
LINE
  5
A2
330
1A
100
AcDbEntity
  8
B.Cu
  6
CONTINUOUS
100
AcDbLine
 10
167.4000000000000057
 20
-136.625
 30
0
 11
168.8499999999999943
 21
-136.625
 31
0
  0
LINE
  5
A3
330
1A
100
AcDbEntity
  8
B.Cu
  6
CONTINUOUS
100
AcDbLine
 10
168.8499999999999943
 20
-136.625
 30
0
 11
168.9456710000000044
 21
-136.6440299999999866
 31
0
  0
LINE
  5
A4
330
1A
100
AcDbEntity
  8
B.Cu
  6
CONTINUOUS
100
AcDbLine
 10
133.2083149999999989
 20
-139.6540929999999889
 30
0
 11
133.3717419999999834
 21
-139.686600999999996
 31
0
  0
LINE
  5
A5
330
1A
100
AcDbEntity
  8
B.Cu
  6
CONTINUOUS
100
AcDbLine
 10
133.3717419999999834
 20
-139.686600999999996
 30
0
 11
133.5256870000000049
 21
-139.7503669999999829
 31
0
  0
LINE
  5
A6
330
1A
100
AcDbEntity
  8
B.Cu
  6
CONTINUOUS
100
AcDbLine
 10
133.5256870000000049
 20
-139.7503669999999829
 30
0
 11
133.6642339999999933
 21
-139.8429409999999962
 31
0
  0
LINE
  5
A7
330
1A
100
AcDbEntity
  8
B.Cu
  6
CONTINUOUS
100
AcDbLine
 10
133.6642339999999933
 20
-139.8429409999999962
 30
0
 11
133.7820590000000038
 21
-139.9607660000000067
 31
0
  0
LINE
  5
A8
330
1A
100
AcDbEntity
  8
B.Cu
  6
CONTINUOUS
100
AcDbLine
 10
133.7820590000000038
 20
-139.9607660000000067
 30
0
 11
133.8746329999999887
 21
-140.0993129999999951
 31
0
  0
LINE
  5
A9
330
1A
100
AcDbEntity
  8
B.Cu
  6
CONTINUOUS
100
AcDbLine
 10
133.8746329999999887
 20
-140.0993129999999951
 30
0
 11
133.938399000000004
 21
-140.2532579999999882
 31
0
  0
LINE
  5
AA
330
1A
100
AcDbEntity
  8
B.Cu
  6
CONTINUOUS
100
AcDbLine
 10
133.938399000000004
 20
-140.2532579999999882
 30
0
 11
133.9709069999999826
 21
-140.4166850000000011
 31
0
  0
LINE
  5
AB
330
1A
100
AcDbEntity
  8
B.Cu
  6
CONTINUOUS
100
AcDbLine
 10
133.9709069999999826
 20
-140.4166850000000011
 30
0
 11
133.9709069999999826
 21
-140.5833149999999989
 31
0
  0
LINE
  5
AC
330
1A
100
AcDbEntity
  8
B.Cu
  6
CONTINUOUS
100
AcDbLine
 10
133.9709069999999826
 20
-140.5833149999999989
 30
0
 11
133.938399000000004
 21
-140.7467419999999834
 31
0
  0
LINE
  5
AD
330
1A
100
AcDbEntity
  8
B.Cu
  6
CONTINUOUS
100
AcDbLine
 10
133.938399000000004
 20
-140.7467419999999834
 30
0
 11
133.8746329999999887
 21
-140.9006870000000049
 31
0
  0
LINE
  5
AE
330
1A
100
AcDbEntity
  8
B.Cu
  6
CONTINUOUS
100
AcDbLine
 10
133.8746329999999887
 20
-140.9006870000000049
 30
0
 11
133.7820590000000038
 21
-141.0392339999999933
 31
0
  0
LINE
  5
AF
330
1A
100
AcDbEntity
  8
B.Cu
  6
CONTINUOUS
100
AcDbLine
 10
133.7820590000000038
 20
-141.0392339999999933
 30
0
 11
133.6642339999999933
 21
-141.1570590000000038
 31
0
  0
LINE
  5
B0
330
1A
100
AcDbEntity
  8
B.Cu
  6
CONTINUOUS
100
AcDbLine
 10
133.6642339999999933
 20
-141.1570590000000038
 30
0
 11
133.5256870000000049
 21
-141.2496329999999887
 31
0
  0
LINE
  5
B1
330
1A
100
AcDbEntity
  8
B.Cu
  6
CONTINUOUS
100
AcDbLine
 10
133.5256870000000049
 20
-141.2496329999999887
 30
0
 11
133.3717419999999834
 21
-141.313399000000004
 31
0
  0
LINE
  5
B2
330
1A
100
AcDbEntity
  8
B.Cu
  6
CONTINUOUS
100
AcDbLine
 10
133.3717419999999834
 20
-141.313399000000004
 30
0
 11
133.2083149999999989
 21
-141.3459069999999826
 31
0
  0
LINE
  5
B3
330
1A
100
AcDbEntity
  8
B.Cu
  6
CONTINUOUS
100
AcDbLine
 10
133.2083149999999989
 20
-141.3459069999999826
 30
0
 11
133.125
 21
-141.3499999999999943
 31
0
  0
LINE
  5
B4
330
1A
100
AcDbEntity
  8
B.Cu
  6
CONTINUOUS
100
AcDbLine
 10
133.125
 20
-141.3499999999999943
 30
0
 11
132.875
 21
-141.3499999999999943
 31
0
  0
LINE
  5
B5
330
1A
100
AcDbEntity
  8
B.Cu
  6
CONTINUOUS
100
AcDbLine
 10
132.875
 20
-141.3499999999999943
 30
0
 11
132.7916850000000011
 21
-141.3459069999999826
 31
0
  0
LINE
  5
B6
330
1A
100
AcDbEntity
  8
B.Cu
  6
CONTINUOUS
100
AcDbLine
 10
132.7916850000000011
 20
-141.3459069999999826
 30
0
 11
132.6282579999999882
 21
-141.313399000000004
 31
0
  0
LINE
  5
B7
330
1A
100
AcDbEntity
  8
B.Cu
  6
CONTINUOUS
100
AcDbLine
 10
132.6282579999999882
 20
-141.313399000000004
 30
0
 11
132.4743129999999951
 21
-141.2496329999999887
 31
0
  0
LINE
  5
B8
330
1A
100
AcDbEntity
  8
B.Cu
  6
CONTINUOUS
100
AcDbLine
 10
132.4743129999999951
 20
-141.2496329999999887
 30
0
 11
132.3357660000000067
 21
-141.1570590000000038
 31
0
  0
LINE
  5
B9
330
1A
100
AcDbEntity
  8
B.Cu
  6
CONTINUOUS
100
AcDbLine
 10
132.3357660000000067
 20
-141.1570590000000038
 30
0
 11
132.2179409999999962
 21
-141.0392339999999933
 31
0
  0
LINE
  5
BA
330
1A
100
AcDbEntity
  8
B.Cu
  6
CONTINUOUS
100
AcDbLine
 10
132.2179409999999962
 20
-141.0392339999999933
 30
0
 11
132.1253669999999829
 21
-140.9006870000000049
 31
0
  0
LINE
  5
BB
330
1A
100
AcDbEntity
  8
B.Cu
  6
CONTINUOUS
100
AcDbLine
 10
132.1253669999999829
 20
-140.9006870000000049
 30
0
 11
132.061600999999996
 21
-140.7467419999999834
 31
0
  0
LINE
  5
BC
330
1A
100
AcDbEntity
  8
B.Cu
  6
CONTINUOUS
100
AcDbLine
 10
132.061600999999996
 20
-140.7467419999999834
 30
0
 11
132.0290929999999889
 21
-140.5833149999999989
 31
0
  0
LINE
  5
BD
330
1A
100
AcDbEntity
  8
B.Cu
  6
CONTINUOUS
100
AcDbLine
 10
132.0290929999999889
 20
-140.5833149999999989
 30
0
 11
132.0290929999999889
 21
-140.4166850000000011
 31
0
  0
LINE
  5
BE
330
1A
100
AcDbEntity
  8
B.Cu
  6
CONTINUOUS
100
AcDbLine
 10
132.0290929999999889
 20
-140.4166850000000011
 30
0
 11
132.061600999999996
 21
-140.2532579999999882
 31
0
  0
LINE
  5
BF
330
1A
100
AcDbEntity
  8
B.Cu
  6
CONTINUOUS
100
AcDbLine
 10
132.061600999999996
 20
-140.2532579999999882
 30
0
 11
132.1253669999999829
 21
-140.0993129999999951
 31
0
  0
LINE
  5
C0
330
1A
100
AcDbEntity
  8
B.Cu
  6
CONTINUOUS
100
AcDbLine
 10
132.1253669999999829
 20
-140.0993129999999951
 30
0
 11
132.2179409999999962
 21
-139.9607660000000067
 31
0
  0
LINE
  5
C1
330
1A
100
AcDbEntity
  8
B.Cu
  6
CONTINUOUS
100
AcDbLine
 10
132.2179409999999962
 20
-139.9607660000000067
 30
0
 11
132.3357660000000067
 21
-139.8429409999999962
 31
0
  0
LINE
  5
C2
330
1A
100
AcDbEntity
  8
B.Cu
  6
CONTINUOUS
100
AcDbLine
 10
132.3357660000000067
 20
-139.8429409999999962
 30
0
 11
132.4743129999999951
 21
-139.7503669999999829
 31
0
  0
LINE
  5
C3
330
1A
100
AcDbEntity
  8
B.Cu
  6
CONTINUOUS
100
AcDbLine
 10
132.4743129999999951
 20
-139.7503669999999829
 30
0
 11
132.6282579999999882
 21
-139.686600999999996
 31
0
  0
LINE
  5
C4
330
1A
100
AcDbEntity
  8
B.Cu
  6
CONTINUOUS
100
AcDbLine
 10
132.6282579999999882
 20
-139.686600999999996
 30
0
 11
132.7916850000000011
 21
-139.6540929999999889
 31
0
  0
LINE
  5
C5
330
1A
100
AcDbEntity
  8
B.Cu
  6
CONTINUOUS
100
AcDbLine
 10
132.7916850000000011
 20
-139.6540929999999889
 30
0
 11
132.875
 21
-139.6500000000000057
 31
0
  0
LINE
  5
C6
330
1A
100
AcDbEntity
  8
B.Cu
  6
CONTINUOUS
100
AcDbLine
 10
132.875
 20
-139.6500000000000057
 30
0
 11
133.125
 21
-139.6500000000000057
 31
0
  0
LINE
  5
C7
330
1A
100
AcDbEntity
  8
B.Cu
  6
CONTINUOUS
100
AcDbLine
 10
133.125
 20
-139.6500000000000057
 30
0
 11
133.2083149999999989
 21
-139.6540929999999889
 31
0
  0
LINE
  5
C8
330
1A
100
AcDbEntity
  8
B.Cu
  6
CONTINUOUS
100
AcDbLine
 10
133.2083149999999989
 20
-137.1540929999999889
 30
0
 11
133.3717419999999834
 21
-137.186600999999996
 31
0
  0
LINE
  5
C9
330
1A
100
AcDbEntity
  8
B.Cu
  6
CONTINUOUS
100
AcDbLine
 10
133.3717419999999834
 20
-137.186600999999996
 30
0
 11
133.5256870000000049
 21
-137.2503669999999829
 31
0
  0
LINE
  5
CA
330
1A
100
AcDbEntity
  8
B.Cu
  6
CONTINUOUS
100
AcDbLine
 10
133.5256870000000049
 20
-137.2503669999999829
 30
0
 11
133.6642339999999933
 21
-137.3429409999999962
 31
0
  0
LINE
  5
CB
330
1A
100
AcDbEntity
  8
B.Cu
  6
CONTINUOUS
100
AcDbLine
 10
133.6642339999999933
 20
-137.3429409999999962
 30
0
 11
133.7820590000000038
 21
-137.4607660000000067
 31
0
  0
LINE
  5
CC
330
1A
100
AcDbEntity
  8
B.Cu
  6
CONTINUOUS
100
AcDbLine
 10
133.7820590000000038
 20
-137.4607660000000067
 30
0
 11
133.8746329999999887
 21
-137.5993129999999951
 31
0
  0
LINE
  5
CD
330
1A
100
AcDbEntity
  8
B.Cu
  6
CONTINUOUS
100
AcDbLine
 10
133.8746329999999887
 20
-137.5993129999999951
 30
0
 11
133.938399000000004
 21
-137.7532579999999882
 31
0
  0
LINE
  5
CE
330
1A
100
AcDbEntity
  8
B.Cu
  6
CONTINUOUS
100
AcDbLine
 10
133.938399000000004
 20
-137.7532579999999882
 30
0
 11
133.9709069999999826
 21
-137.9166850000000011
 31
0
  0
LINE
  5
CF
330
1A
100
AcDbEntity
  8
B.Cu
  6
CONTINUOUS
100
AcDbLine
 10
133.9709069999999826
 20
-137.9166850000000011
 30
0
 11
133.9709069999999826
 21
-138.0833149999999989
 31
0
  0
LINE
  5
D0
330
1A
100
AcDbEntity
  8
B.Cu
  6
CONTINUOUS
100
AcDbLine
 10
133.9709069999999826
 20
-138.0833149999999989
 30
0
 11
133.938399000000004
 21
-138.2467419999999834
 31
0
  0
LINE
  5
D1
330
1A
100
AcDbEntity
  8
B.Cu
  6
CONTINUOUS
100
AcDbLine
 10
133.938399000000004
 20
-138.2467419999999834
 30
0
 11
133.8746329999999887
 21
-138.4006870000000049
 31
0
  0
LINE
  5
D2
330
1A
100
AcDbEntity
  8
B.Cu
  6
CONTINUOUS
100
AcDbLine
 10
133.8746329999999887
 20
-138.4006870000000049
 30
0
 11
133.7820590000000038
 21
-138.5392339999999933
 31
0
  0
LINE
  5
D3
330
1A
100
AcDbEntity
  8
B.Cu
  6
CONTINUOUS
100
AcDbLine
 10
133.7820590000000038
 20
-138.5392339999999933
 30
0
 11
133.6642339999999933
 21
-138.6570590000000038
 31
0
  0
LINE
  5
D4
330
1A
100
AcDbEntity
  8
B.Cu
  6
CONTINUOUS
100
AcDbLine
 10
133.6642339999999933
 20
-138.6570590000000038
 30
0
 11
133.5256870000000049
 21
-138.7496329999999887
 31
0
  0
LINE
  5
D5
330
1A
100
AcDbEntity
  8
B.Cu
  6
CONTINUOUS
100
AcDbLine
 10
133.5256870000000049
 20
-138.7496329999999887
 30
0
 11
133.3717419999999834
 21
-138.813399000000004
 31
0
  0
LINE
  5
D6
330
1A
100
AcDbEntity
  8
B.Cu
  6
CONTINUOUS
100
AcDbLine
 10
133.3717419999999834
 20
-138.813399000000004
 30
0
 11
133.2083149999999989
 21
-138.8459069999999826
 31
0
  0
LINE
  5
D7
330
1A
100
AcDbEntity
  8
B.Cu
  6
CONTINUOUS
100
AcDbLine
 10
133.2083149999999989
 20
-138.8459069999999826
 30
0
 11
133.125
 21
-138.8499999999999943
 31
0
  0
LINE
  5
D8
330
1A
100
AcDbEntity
  8
B.Cu
  6
CONTINUOUS
100
AcDbLine
 10
133.125
 20
-138.8499999999999943
 30
0
 11
132.875
 21
-138.8499999999999943
 31
0
  0
LINE
  5
D9
330
1A
100
AcDbEntity
  8
B.Cu
  6
CONTINUOUS
100
AcDbLine
 10
132.875
 20
-138.8499999999999943
 30
0
 11
132.7916850000000011
 21
-138.8459069999999826
 31
0
  0
LINE
  5
DA
330
1A
100
AcDbEntity
  8
B.Cu
  6
CONTINUOUS
100
AcDbLine
 10
132.7916850000000011
 20
-138.8459069999999826
 30
0
 11
132.6282579999999882
 21
-138.813399000000004
 31
0
  0
LINE
  5
DB
330
1A
100
AcDbEntity
  8
B.Cu
  6
CONTINUOUS
100
AcDbLine
 10
132.6282579999999882
 20
-138.813399000000004
 30
0
 11
132.4743129999999951
 21
-138.7496329999999887
 31
0
  0
LINE
  5
DC
330
1A
100
AcDbEntity
  8
B.Cu
  6
CONTINUOUS
100
AcDbLine
 10
132.4743129999999951
 20
-138.7496329999999887
 30
0
 11
132.3357660000000067
 21
-138.6570590000000038
 31
0
  0
LINE
  5
DD
330
1A
100
AcDbEntity
  8
B.Cu
  6
CONTINUOUS
100
AcDbLine
 10
132.3357660000000067
 20
-138.6570590000000038
 30
0
 11
132.2179409999999962
 21
-138.5392339999999933
 31
0
  0
LINE
  5
DE
330
1A
100
AcDbEntity
  8
B.Cu
  6
CONTINUOUS
100
AcDbLine
 10
132.2179409999999962
 20
-138.5392339999999933
 30
0
 11
132.1253669999999829
 21
-138.4006870000000049
 31
0
  0
LINE
  5
DF
330
1A
100
AcDbEntity
  8
B.Cu
  6
CONTINUOUS
100
AcDbLine
 10
132.1253669999999829
 20
-138.4006870000000049
 30
0
 11
132.061600999999996
 21
-138.2467419999999834
 31
0
  0
LINE
  5
E0
330
1A
100
AcDbEntity
  8
B.Cu
  6
CONTINUOUS
100
AcDbLine
 10
132.061600999999996
 20
-138.2467419999999834
 30
0
 11
132.0290929999999889
 21
-138.0833149999999989
 31
0
  0
LINE
  5
E1
330
1A
100
AcDbEntity
  8
B.Cu
  6
CONTINUOUS
100
AcDbLine
 10
132.0290929999999889
 20
-138.0833149999999989
 30
0
 11
132.0290929999999889
 21
-137.9166850000000011
 31
0
  0
LINE
  5
E2
330
1A
100
AcDbEntity
  8
B.Cu
  6
CONTINUOUS
100
AcDbLine
 10
132.0290929999999889
 20
-137.9166850000000011
 30
0
 11
132.061600999999996
 21
-137.7532579999999882
 31
0
  0
LINE
  5
E3
330
1A
100
AcDbEntity
  8
B.Cu
  6
CONTINUOUS
100
AcDbLine
 10
132.061600999999996
 20
-137.7532579999999882
 30
0
 11
132.1253669999999829
 21
-137.5993129999999951
 31
0
  0
LINE
  5
E4
330
1A
100
AcDbEntity
  8
B.Cu
  6
CONTINUOUS
100
AcDbLine
 10
132.1253669999999829
 20
-137.5993129999999951
 30
0
 11
132.2179409999999962
 21
-137.4607660000000067
 31
0
  0
LINE
  5
E5
330
1A
100
AcDbEntity
  8
B.Cu
  6
CONTINUOUS
100
AcDbLine
 10
132.2179409999999962
 20
-137.4607660000000067
 30
0
 11
132.3357660000000067
 21
-137.3429409999999962
 31
0
  0
LINE
  5
E6
330
1A
100
AcDbEntity
  8
B.Cu
  6
CONTINUOUS
100
AcDbLine
 10
132.3357660000000067
 20
-137.3429409999999962
 30
0
 11
132.4743129999999951
 21
-137.2503669999999829
 31
0
  0
LINE
  5
E7
330
1A
100
AcDbEntity
  8
B.Cu
  6
CONTINUOUS
100
AcDbLine
 10
132.4743129999999951
 20
-137.2503669999999829
 30
0
 11
132.6282579999999882
 21
-137.186600999999996
 31
0
  0
LINE
  5
E8
330
1A
100
AcDbEntity
  8
B.Cu
  6
CONTINUOUS
100
AcDbLine
 10
132.6282579999999882
 20
-137.186600999999996
 30
0
 11
132.7916850000000011
 21
-137.1540929999999889
 31
0
  0
LINE
  5
E9
330
1A
100
AcDbEntity
  8
B.Cu
  6
CONTINUOUS
100
AcDbLine
 10
132.7916850000000011
 20
-137.1540929999999889
 30
0
 11
132.875
 21
-137.1500000000000057
 31
0
  0
LINE
  5
EA
330
1A
100
AcDbEntity
  8
B.Cu
  6
CONTINUOUS
100
AcDbLine
 10
132.875
 20
-137.1500000000000057
 30
0
 11
133.125
 21
-137.1500000000000057
 31
0
  0
LINE
  5
EB
330
1A
100
AcDbEntity
  8
B.Cu
  6
CONTINUOUS
100
AcDbLine
 10
133.125
 20
-137.1500000000000057
 30
0
 11
133.2083149999999989
 21
-137.1540929999999889
 31
0
  0
LINE
  5
EC
330
1A
100
AcDbEntity
  8
B.Cu
  6
CONTINUOUS
100
AcDbLine
 10
144.7467419999999834
 20
-139.2266009999999881
 30
0
 11
144.9006870000000049
 21
-139.2903670000000034
 31
0
  0
LINE
  5
ED
330
1A
100
AcDbEntity
  8
B.Cu
  6
CONTINUOUS
100
AcDbLine
 10
144.9006870000000049
 20
-139.2903670000000034
 30
0
 11
145.0392339999999933
 21
-139.3829409999999882
 31
0
  0
LINE
  5
EE
330
1A
100
AcDbEntity
  8
B.Cu
  6
CONTINUOUS
100
AcDbLine
 10
145.0392339999999933
 20
-139.3829409999999882
 30
0
 11
145.1570590000000038
 21
-139.5007659999999987
 31
0
  0
LINE
  5
EF
330
1A
100
AcDbEntity
  8
B.Cu
  6
CONTINUOUS
100
AcDbLine
 10
145.1570590000000038
 20
-139.5007659999999987
 30
0
 11
145.2496329999999887
 21
-139.6393129999999871
 31
0
  0
LINE
  5
F0
330
1A
100
AcDbEntity
  8
B.Cu
  6
CONTINUOUS
100
AcDbLine
 10
145.2496329999999887
 20
-139.6393129999999871
 30
0
 11
145.313399000000004
 21
-139.7932579999999803
 31
0
  0
LINE
  5
F1
330
1A
100
AcDbEntity
  8
B.Cu
  6
CONTINUOUS
100
AcDbLine
 10
145.313399000000004
 20
-139.7932579999999803
 30
0
 11
145.3459069999999826
 21
-139.9566849999999931
 31
0
  0
LINE
  5
F2
330
1A
100
AcDbEntity
  8
B.Cu
  6
CONTINUOUS
100
AcDbLine
 10
145.3459069999999826
 20
-139.9566849999999931
 30
0
 11
145.3459069999999826
 21
-140.123314999999991
 31
0
  0
LINE
  5
F3
330
1A
100
AcDbEntity
  8
B.Cu
  6
CONTINUOUS
100
AcDbLine
 10
145.3459069999999826
 20
-140.123314999999991
 30
0
 11
145.313399000000004
 21
-140.2867420000000038
 31
0
  0
LINE
  5
F4
330
1A
100
AcDbEntity
  8
B.Cu
  6
CONTINUOUS
100
AcDbLine
 10
145.313399000000004
 20
-140.2867420000000038
 30
0
 11
145.2496329999999887
 21
-140.4406869999999969
 31
0
  0
LINE
  5
F5
330
1A
100
AcDbEntity
  8
B.Cu
  6
CONTINUOUS
100
AcDbLine
 10
145.2496329999999887
 20
-140.4406869999999969
 30
0
 11
145.1570590000000038
 21
-140.5792339999999854
 31
0
  0
LINE
  5
F6
330
1A
100
AcDbEntity
  8
B.Cu
  6
CONTINUOUS
100
AcDbLine
 10
145.1570590000000038
 20
-140.5792339999999854
 30
0
 11
145.0392339999999933
 21
-140.6970589999999959
 31
0
  0
LINE
  5
F7
330
1A
100
AcDbEntity
  8
B.Cu
  6
CONTINUOUS
100
AcDbLine
 10
145.0392339999999933
 20
-140.6970589999999959
 30
0
 11
144.9006870000000049
 21
-140.7896329999999807
 31
0
  0
LINE
  5
F8
330
1A
100
AcDbEntity
  8
B.Cu
  6
CONTINUOUS
100
AcDbLine
 10
144.9006870000000049
 20
-140.7896329999999807
 30
0
 11
144.7467419999999834
 21
-140.853398999999996
 31
0
  0
LINE
  5
F9
330
1A
100
AcDbEntity
  8
B.Cu
  6
CONTINUOUS
100
AcDbLine
 10
144.7467419999999834
 20
-140.853398999999996
 30
0
 11
144.5833149999999989
 21
-140.8859070000000031
 31
0
  0
LINE
  5
FA
330
1A
100
AcDbEntity
  8
B.Cu
  6
CONTINUOUS
100
AcDbLine
 10
144.5833149999999989
 20
-140.8859070000000031
 30
0
 11
144.4166850000000011
 21
-140.8859070000000031
 31
0
  0
LINE
  5
FB
330
1A
100
AcDbEntity
  8
B.Cu
  6
CONTINUOUS
100
AcDbLine
 10
144.4166850000000011
 20
-140.8859070000000031
 30
0
 11
144.2532579999999882
 21
-140.853398999999996
 31
0
  0
LINE
  5
FC
330
1A
100
AcDbEntity
  8
B.Cu
  6
CONTINUOUS
100
AcDbLine
 10
144.2532579999999882
 20
-140.853398999999996
 30
0
 11
144.0993129999999951
 21
-140.7896329999999807
 31
0
  0
LINE
  5
FD
330
1A
100
AcDbEntity
  8
B.Cu
  6
CONTINUOUS
100
AcDbLine
 10
144.0993129999999951
 20
-140.7896329999999807
 30
0
 11
143.9607660000000067
 21
-140.6970589999999959
 31
0
  0
LINE
  5
FE
330
1A
100
AcDbEntity
  8
B.Cu
  6
CONTINUOUS
100
AcDbLine
 10
143.9607660000000067
 20
-140.6970589999999959
 30
0
 11
143.8429409999999962
 21
-140.5792339999999854
 31
0
  0
LINE
  5
FF
330
1A
100
AcDbEntity
  8
B.Cu
  6
CONTINUOUS
100
AcDbLine
 10
143.8429409999999962
 20
-140.5792339999999854
 30
0
 11
143.7503669999999829
 21
-140.4406869999999969
 31
0
  0
LINE
  5
100
330
1A
100
AcDbEntity
  8
B.Cu
  6
CONTINUOUS
100
AcDbLine
 10
143.7503669999999829
 20
-140.4406869999999969
 30
0
 11
143.686600999999996
 21
-140.2867420000000038
 31
0
  0
LINE
  5
101
330
1A
100
AcDbEntity
  8
B.Cu
  6
CONTINUOUS
100
AcDbLine
 10
143.686600999999996
 20
-140.2867420000000038
 30
0
 11
143.6540929999999889
 21
-140.123314999999991
 31
0
  0
LINE
  5
102
330
1A
100
AcDbEntity
  8
B.Cu
  6
CONTINUOUS
100
AcDbLine
 10
143.6540929999999889
 20
-140.123314999999991
 30
0
 11
143.6540929999999889
 21
-139.9566849999999931
 31
0
  0
LINE
  5
103
330
1A
100
AcDbEntity
  8
B.Cu
  6
CONTINUOUS
100
AcDbLine
 10
143.6540929999999889
 20
-139.9566849999999931
 30
0
 11
143.686600999999996
 21
-139.7932579999999803
 31
0
  0
LINE
  5
104
330
1A
100
AcDbEntity
  8
B.Cu
  6
CONTINUOUS
100
AcDbLine
 10
143.686600999999996
 20
-139.7932579999999803
 30
0
 11
143.7503669999999829
 21
-139.6393129999999871
 31
0
  0
LINE
  5
105
330
1A
100
AcDbEntity
  8
B.Cu
  6
CONTINUOUS
100
AcDbLine
 10
143.7503669999999829
 20
-139.6393129999999871
 30
0
 11
143.8429409999999962
 21
-139.5007659999999987
 31
0
  0
LINE
  5
106
330
1A
100
AcDbEntity
  8
B.Cu
  6
CONTINUOUS
100
AcDbLine
 10
143.8429409999999962
 20
-139.5007659999999987
 30
0
 11
143.9607660000000067
 21
-139.3829409999999882
 31
0
  0
LINE
  5
107
330
1A
100
AcDbEntity
  8
B.Cu
  6
CONTINUOUS
100
AcDbLine
 10
143.9607660000000067
 20
-139.3829409999999882
 30
0
 11
144.0993129999999951
 21
-139.2903670000000034
 31
0
  0
LINE
  5
108
330
1A
100
AcDbEntity
  8
B.Cu
  6
CONTINUOUS
100
AcDbLine
 10
144.0993129999999951
 20
-139.2903670000000034
 30
0
 11
144.2532579999999882
 21
-139.2266009999999881
 31
0
  0
LINE
  5
109
330
1A
100
AcDbEntity
  8
B.Cu
  6
CONTINUOUS
100
AcDbLine
 10
144.2532579999999882
 20
-139.2266009999999881
 30
0
 11
144.4166850000000011
 21
-139.194092999999981
 31
0
  0
LINE
  5
10A
330
1A
100
AcDbEntity
  8
B.Cu
  6
CONTINUOUS
100
AcDbLine
 10
144.4166850000000011
 20
-139.194092999999981
 30
0
 11
144.5833149999999989
 21
-139.194092999999981
 31
0
  0
LINE
  5
10B
330
1A
100
AcDbEntity
  8
B.Cu
  6
CONTINUOUS
100
AcDbLine
 10
144.5833149999999989
 20
-139.194092999999981
 30
0
 11
144.7467419999999834
 21
-139.2266009999999881
 31
0
  0
LINE
  5
10C
330
1A
100
AcDbEntity
  8
B.Cu
  6
CONTINUOUS
100
AcDbLine
 10
144.7467419999999834
 20
-136.686600999999996
 30
0
 11
144.9006870000000049
 21
-136.7503669999999829
 31
0
  0
LINE
  5
10D
330
1A
100
AcDbEntity
  8
B.Cu
  6
CONTINUOUS
100
AcDbLine
 10
144.9006870000000049
 20
-136.7503669999999829
 30
0
 11
145.0392339999999933
 21
-136.8429409999999962
 31
0
  0
LINE
  5
10E
330
1A
100
AcDbEntity
  8
B.Cu
  6
CONTINUOUS
100
AcDbLine
 10
145.0392339999999933
 20
-136.8429409999999962
 30
0
 11
145.1570590000000038
 21
-136.9607660000000067
 31
0
  0
LINE
  5
10F
330
1A
100
AcDbEntity
  8
B.Cu
  6
CONTINUOUS
100
AcDbLine
 10
145.1570590000000038
 20
-136.9607660000000067
 30
0
 11
145.2496329999999887
 21
-137.0993129999999951
 31
0
  0
LINE
  5
110
330
1A
100
AcDbEntity
  8
B.Cu
  6
CONTINUOUS
100
AcDbLine
 10
145.2496329999999887
 20
-137.0993129999999951
 30
0
 11
145.313399000000004
 21
-137.2532579999999882
 31
0
  0
LINE
  5
111
330
1A
100
AcDbEntity
  8
B.Cu
  6
CONTINUOUS
100
AcDbLine
 10
145.313399000000004
 20
-137.2532579999999882
 30
0
 11
145.3459069999999826
 21
-137.4166850000000011
 31
0
  0
LINE
  5
112
330
1A
100
AcDbEntity
  8
B.Cu
  6
CONTINUOUS
100
AcDbLine
 10
145.3459069999999826
 20
-137.4166850000000011
 30
0
 11
145.3459069999999826
 21
-137.5833149999999989
 31
0
  0
LINE
  5
113
330
1A
100
AcDbEntity
  8
B.Cu
  6
CONTINUOUS
100
AcDbLine
 10
145.3459069999999826
 20
-137.5833149999999989
 30
0
 11
145.313399000000004
 21
-137.7467419999999834
 31
0
  0
LINE
  5
114
330
1A
100
AcDbEntity
  8
B.Cu
  6
CONTINUOUS
100
AcDbLine
 10
145.313399000000004
 20
-137.7467419999999834
 30
0
 11
145.2496329999999887
 21
-137.9006870000000049
 31
0
  0
LINE
  5
115
330
1A
100
AcDbEntity
  8
B.Cu
  6
CONTINUOUS
100
AcDbLine
 10
145.2496329999999887
 20
-137.9006870000000049
 30
0
 11
145.1570590000000038
 21
-138.0392339999999933
 31
0
  0
LINE
  5
116
330
1A
100
AcDbEntity
  8
B.Cu
  6
CONTINUOUS
100
AcDbLine
 10
145.1570590000000038
 20
-138.0392339999999933
 30
0
 11
145.0392339999999933
 21
-138.1570590000000038
 31
0
  0
LINE
  5
117
330
1A
100
AcDbEntity
  8
B.Cu
  6
CONTINUOUS
100
AcDbLine
 10
145.0392339999999933
 20
-138.1570590000000038
 30
0
 11
144.9006870000000049
 21
-138.2496329999999887
 31
0
  0
LINE
  5
118
330
1A
100
AcDbEntity
  8
B.Cu
  6
CONTINUOUS
100
AcDbLine
 10
144.9006870000000049
 20
-138.2496329999999887
 30
0
 11
144.7467419999999834
 21
-138.313399000000004
 31
0
  0
LINE
  5
119
330
1A
100
AcDbEntity
  8
B.Cu
  6
CONTINUOUS
100
AcDbLine
 10
144.7467419999999834
 20
-138.313399000000004
 30
0
 11
144.5833149999999989
 21
-138.3459069999999826
 31
0
  0
LINE
  5
11A
330
1A
100
AcDbEntity
  8
B.Cu
  6
CONTINUOUS
100
AcDbLine
 10
144.5833149999999989
 20
-138.3459069999999826
 30
0
 11
144.4166850000000011
 21
-138.3459069999999826
 31
0
  0
LINE
  5
11B
330
1A
100
AcDbEntity
  8
B.Cu
  6
CONTINUOUS
100
AcDbLine
 10
144.4166850000000011
 20
-138.3459069999999826
 30
0
 11
144.2532579999999882
 21
-138.313399000000004
 31
0
  0
LINE
  5
11C
330
1A
100
AcDbEntity
  8
B.Cu
  6
CONTINUOUS
100
AcDbLine
 10
144.2532579999999882
 20
-138.313399000000004
 30
0
 11
144.0993129999999951
 21
-138.2496329999999887
 31
0
  0
LINE
  5
11D
330
1A
100
AcDbEntity
  8
B.Cu
  6
CONTINUOUS
100
AcDbLine
 10
144.0993129999999951
 20
-138.2496329999999887
 30
0
 11
143.9607660000000067
 21
-138.1570590000000038
 31
0
  0
LINE
  5
11E
330
1A
100
AcDbEntity
  8
B.Cu
  6
CONTINUOUS
100
AcDbLine
 10
143.9607660000000067
 20
-138.1570590000000038
 30
0
 11
143.8429409999999962
 21
-138.0392339999999933
 31
0
  0
LINE
  5
11F
330
1A
100
AcDbEntity
  8
B.Cu
  6
CONTINUOUS
100
AcDbLine
 10
143.8429409999999962
 20
-138.0392339999999933
 30
0
 11
143.7503669999999829
 21
-137.9006870000000049
 31
0
  0
LINE
  5
120
330
1A
100
AcDbEntity
  8
B.Cu
  6
CONTINUOUS
100
AcDbLine
 10
143.7503669999999829
 20
-137.9006870000000049
 30
0
 11
143.686600999999996
 21
-137.7467419999999834
 31
0
  0
LINE
  5
121
330
1A
100
AcDbEntity
  8
B.Cu
  6
CONTINUOUS
100
AcDbLine
 10
143.686600999999996
 20
-137.7467419999999834
 30
0
 11
143.6540929999999889
 21
-137.5833149999999989
 31
0
  0
LINE
  5
122
330
1A
100
AcDbEntity
  8
B.Cu
  6
CONTINUOUS
100
AcDbLine
 10
143.6540929999999889
 20
-137.5833149999999989
 30
0
 11
143.6540929999999889
 21
-137.4166850000000011
 31
0
  0
LINE
  5
123
330
1A
100
AcDbEntity
  8
B.Cu
  6
CONTINUOUS
100
AcDbLine
 10
143.6540929999999889
 20
-137.4166850000000011
 30
0
 11
143.686600999999996
 21
-137.2532579999999882
 31
0
  0
LINE
  5
124
330
1A
100
AcDbEntity
  8
B.Cu
  6
CONTINUOUS
100
AcDbLine
 10
143.686600999999996
 20
-137.2532579999999882
 30
0
 11
143.7503669999999829
 21
-137.0993129999999951
 31
0
  0
LINE
  5
125
330
1A
100
AcDbEntity
  8
B.Cu
  6
CONTINUOUS
100
AcDbLine
 10
143.7503669999999829
 20
-137.0993129999999951
 30
0
 11
143.8429409999999962
 21
-136.9607660000000067
 31
0
  0
LINE
  5
126
330
1A
100
AcDbEntity
  8
B.Cu
  6
CONTINUOUS
100
AcDbLine
 10
143.8429409999999962
 20
-136.9607660000000067
 30
0
 11
143.9607660000000067
 21
-136.8429409999999962
 31
0
  0
LINE
  5
127
330
1A
100
AcDbEntity
  8
B.Cu
  6
CONTINUOUS
100
AcDbLine
 10
143.9607660000000067
 20
-136.8429409999999962
 30
0
 11
144.0993129999999951
 21
-136.7503669999999829
 31
0
  0
LINE
  5
128
330
1A
100
AcDbEntity
  8
B.Cu
  6
CONTINUOUS
100
AcDbLine
 10
144.0993129999999951
 20
-136.7503669999999829
 30
0
 11
144.2532579999999882
 21
-136.686600999999996
 31
0
  0
LINE
  5
129
330
1A
100
AcDbEntity
  8
B.Cu
  6
CONTINUOUS
100
AcDbLine
 10
144.2532579999999882
 20
-136.686600999999996
 30
0
 11
144.4166850000000011
 21
-136.6540929999999889
 31
0
  0
LINE
  5
12A
330
1A
100
AcDbEntity
  8
B.Cu
  6
CONTINUOUS
100
AcDbLine
 10
144.4166850000000011
 20
-136.6540929999999889
 30
0
 11
144.5833149999999989
 21
-136.6540929999999889
 31
0
  0
LINE
  5
12B
330
1A
100
AcDbEntity
  8
B.Cu
  6
CONTINUOUS
100
AcDbLine
 10
144.5833149999999989
 20
-136.6540929999999889
 30
0
 11
144.7467419999999834
 21
-136.686600999999996
 31
0
  0
LINE
  5
12C
330
1A
100
AcDbEntity
  8
B.Cu
  6
CONTINUOUS
100
AcDbLine
 10
127.1956709999999902
 20
-138.0440299999999922
 30
0
 11
127.2767769999999956
 21
-138.0982229999999902
 31
0
  0
LINE
  5
12D
330
1A
100
AcDbEntity
  8
B.Cu
  6
CONTINUOUS
100
AcDbLine
 10
127.2767769999999956
 20
-138.0982229999999902
 30
0
 11
127.3309699999999935
 21
-138.1793289999999956
 31
0
  0
LINE
  5
12E
330
1A
100
AcDbEntity
  8
B.Cu
  6
CONTINUOUS
100
AcDbLine
 10
127.3309699999999935
 20
-138.1793289999999956
 30
0
 11
127.3499999999999943
 21
-138.2750000000000057
 31
0
  0
LINE
  5
12F
330
1A
100
AcDbEntity
  8
B.Cu
  6
CONTINUOUS
100
AcDbLine
 10
127.3499999999999943
 20
-138.2750000000000057
 30
0
 11
127.3499999999999943
 21
-139.7249999999999943
 31
0
  0
LINE
  5
130
330
1A
100
AcDbEntity
  8
B.Cu
  6
CONTINUOUS
100
AcDbLine
 10
127.3499999999999943
 20
-139.7249999999999943
 30
0
 11
127.3309699999999935
 21
-139.8206710000000044
 31
0
  0
LINE
  5
131
330
1A
100
AcDbEntity
  8
B.Cu
  6
CONTINUOUS
100
AcDbLine
 10
127.3309699999999935
 20
-139.8206710000000044
 30
0
 11
127.2767769999999956
 21
-139.9017769999999814
 31
0
  0
LINE
  5
132
330
1A
100
AcDbEntity
  8
B.Cu
  6
CONTINUOUS
100
AcDbLine
 10
127.2767769999999956
 20
-139.9017769999999814
 30
0
 11
127.1956709999999902
 21
-139.9559700000000078
 31
0
  0
LINE
  5
133
330
1A
100
AcDbEntity
  8
B.Cu
  6
CONTINUOUS
100
AcDbLine
 10
127.1956709999999902
 20
-139.9559700000000078
 30
0
 11
127.0999999999999943
 21
-139.9749999999999943
 31
0
  0
LINE
  5
134
330
1A
100
AcDbEntity
  8
B.Cu
  6
CONTINUOUS
100
AcDbLine
 10
127.0999999999999943
 20
-139.9749999999999943
 30
0
 11
125.8999999999999915
 21
-139.9749999999999943
 31
0
  0
LINE
  5
135
330
1A
100
AcDbEntity
  8
B.Cu
  6
CONTINUOUS
100
AcDbLine
 10
125.8999999999999915
 20
-139.9749999999999943
 30
0
 11
125.8043289999999956
 21
-139.9559700000000078
 31
0
  0
LINE
  5
136
330
1A
100
AcDbEntity
  8
B.Cu
  6
CONTINUOUS
100
AcDbLine
 10
125.8043289999999956
 20
-139.9559700000000078
 30
0
 11
125.7232229999999902
 21
-139.9017769999999814
 31
0
  0
LINE
  5
137
330
1A
100
AcDbEntity
  8
B.Cu
  6
CONTINUOUS
100
AcDbLine
 10
125.7232229999999902
 20
-139.9017769999999814
 30
0
 11
125.6690299999999922
 21
-139.8206710000000044
 31
0
  0
LINE
  5
138
330
1A
100
AcDbEntity
  8
B.Cu
  6
CONTINUOUS
100
AcDbLine
 10
125.6690299999999922
 20
-139.8206710000000044
 30
0
 11
125.6499999999999915
 21
-139.7249999999999943
 31
0
  0
LINE
  5
139
330
1A
100
AcDbEntity
  8
B.Cu
  6
CONTINUOUS
100
AcDbLine
 10
125.6499999999999915
 20
-139.7249999999999943
 30
0
 11
125.6499999999999915
 21
-138.2750000000000057
 31
0
  0
LINE
  5
13A
330
1A
100
AcDbEntity
  8
B.Cu
  6
CONTINUOUS
100
AcDbLine
 10
125.6499999999999915
 20
-138.2750000000000057
 30
0
 11
125.6690299999999922
 21
-138.1793289999999956
 31
0
  0
LINE
  5
13B
330
1A
100
AcDbEntity
  8
B.Cu
  6
CONTINUOUS
100
AcDbLine
 10
125.6690299999999922
 20
-138.1793289999999956
 30
0
 11
125.7232229999999902
 21
-138.0982229999999902
 31
0
  0
LINE
  5
13C
330
1A
100
AcDbEntity
  8
B.Cu
  6
CONTINUOUS
100
AcDbLine
 10
125.7232229999999902
 20
-138.0982229999999902
 30
0
 11
125.8043289999999956
 21
-138.0440299999999922
 31
0
  0
LINE
  5
13D
330
1A
100
AcDbEntity
  8
B.Cu
  6
CONTINUOUS
100
AcDbLine
 10
125.8043289999999956
 20
-138.0440299999999922
 30
0
 11
125.8999999999999915
 21
-138.0250000000000057
 31
0
  0
LINE
  5
13E
330
1A
100
AcDbEntity
  8
B.Cu
  6
CONTINUOUS
100
AcDbLine
 10
125.8999999999999915
 20
-138.0250000000000057
 30
0
 11
127.0999999999999943
 21
-138.0250000000000057
 31
0
  0
LINE
  5
13F
330
1A
100
AcDbEntity
  8
B.Cu
  6
CONTINUOUS
100
AcDbLine
 10
127.0999999999999943
 20
-138.0250000000000057
 30
0
 11
127.1956709999999902
 21
-138.0440299999999922
 31
0
  0
LINE
  5
140
330
1A
100
AcDbEntity
  8
B.Cu
  6
CONTINUOUS
100
AcDbLine
 10
116.7467419999999976
 20
-138.061600999999996
 30
0
 11
116.9006869999999907
 21
-138.1253669999999829
 31
0
  0
LINE
  5
141
330
1A
100
AcDbEntity
  8
B.Cu
  6
CONTINUOUS
100
AcDbLine
 10
116.9006869999999907
 20
-138.1253669999999829
 30
0
 11
117.0392339999999933
 21
-138.2179409999999962
 31
0
  0
LINE
  5
142
330
1A
100
AcDbEntity
  8
B.Cu
  6
CONTINUOUS
100
AcDbLine
 10
117.0392339999999933
 20
-138.2179409999999962
 30
0
 11
117.1570589999999896
 21
-138.3357660000000067
 31
0
  0
LINE
  5
143
330
1A
100
AcDbEntity
  8
B.Cu
  6
CONTINUOUS
100
AcDbLine
 10
117.1570589999999896
 20
-138.3357660000000067
 30
0
 11
117.2496329999999887
 21
-138.4743129999999951
 31
0
  0
LINE
  5
144
330
1A
100
AcDbEntity
  8
B.Cu
  6
CONTINUOUS
100
AcDbLine
 10
117.2496329999999887
 20
-138.4743129999999951
 30
0
 11
117.3133989999999898
 21
-138.6282579999999882
 31
0
  0
LINE
  5
145
330
1A
100
AcDbEntity
  8
B.Cu
  6
CONTINUOUS
100
AcDbLine
 10
117.3133989999999898
 20
-138.6282579999999882
 30
0
 11
117.3459069999999969
 21
-138.7916850000000011
 31
0
  0
LINE
  5
146
330
1A
100
AcDbEntity
  8
B.Cu
  6
CONTINUOUS
100
AcDbLine
 10
117.3459069999999969
 20
-138.7916850000000011
 30
0
 11
117.3499999999999943
 21
-138.875
 31
0
  0
LINE
  5
147
330
1A
100
AcDbEntity
  8
B.Cu
  6
CONTINUOUS
100
AcDbLine
 10
117.3499999999999943
 20
-138.875
 30
0
 11
117.3499999999999943
 21
-139.125
 31
0
  0
LINE
  5
148
330
1A
100
AcDbEntity
  8
B.Cu
  6
CONTINUOUS
100
AcDbLine
 10
117.3499999999999943
 20
-139.125
 30
0
 11
117.3459069999999969
 21
-139.2083149999999989
 31
0
  0
LINE
  5
149
330
1A
100
AcDbEntity
  8
B.Cu
  6
CONTINUOUS
100
AcDbLine
 10
117.3459069999999969
 20
-139.2083149999999989
 30
0
 11
117.3133989999999898
 21
-139.3717419999999834
 31
0
  0
LINE
  5
14A
330
1A
100
AcDbEntity
  8
B.Cu
  6
CONTINUOUS
100
AcDbLine
 10
117.3133989999999898
 20
-139.3717419999999834
 30
0
 11
117.2496329999999887
 21
-139.5256870000000049
 31
0
  0
LINE
  5
14B
330
1A
100
AcDbEntity
  8
B.Cu
  6
CONTINUOUS
100
AcDbLine
 10
117.2496329999999887
 20
-139.5256870000000049
 30
0
 11
117.1570589999999896
 21
-139.6642339999999933
 31
0
  0
LINE
  5
14C
330
1A
100
AcDbEntity
  8
B.Cu
  6
CONTINUOUS
100
AcDbLine
 10
117.1570589999999896
 20
-139.6642339999999933
 30
0
 11
117.0392339999999933
 21
-139.7820590000000038
 31
0
  0
LINE
  5
14D
330
1A
100
AcDbEntity
  8
B.Cu
  6
CONTINUOUS
100
AcDbLine
 10
117.0392339999999933
 20
-139.7820590000000038
 30
0
 11
116.9006869999999907
 21
-139.8746329999999887
 31
0
  0
LINE
  5
14E
330
1A
100
AcDbEntity
  8
B.Cu
  6
CONTINUOUS
100
AcDbLine
 10
116.9006869999999907
 20
-139.8746329999999887
 30
0
 11
116.7467419999999976
 21
-139.938399000000004
 31
0
  0
LINE
  5
14F
330
1A
100
AcDbEntity
  8
B.Cu
  6
CONTINUOUS
100
AcDbLine
 10
116.7467419999999976
 20
-139.938399000000004
 30
0
 11
116.5833149999999989
 21
-139.9709069999999826
 31
0
  0
LINE
  5
150
330
1A
100
AcDbEntity
  8
B.Cu
  6
CONTINUOUS
100
AcDbLine
 10
116.5833149999999989
 20
-139.9709069999999826
 30
0
 11
116.4166850000000011
 21
-139.9709069999999826
 31
0
  0
LINE
  5
151
330
1A
100
AcDbEntity
  8
B.Cu
  6
CONTINUOUS
100
AcDbLine
 10
116.4166850000000011
 20
-139.9709069999999826
 30
0
 11
116.2532579999999882
 21
-139.938399000000004
 31
0
  0
LINE
  5
152
330
1A
100
AcDbEntity
  8
B.Cu
  6
CONTINUOUS
100
AcDbLine
 10
116.2532579999999882
 20
-139.938399000000004
 30
0
 11
116.0993129999999951
 21
-139.8746329999999887
 31
0
  0
LINE
  5
153
330
1A
100
AcDbEntity
  8
B.Cu
  6
CONTINUOUS
100
AcDbLine
 10
116.0993129999999951
 20
-139.8746329999999887
 30
0
 11
115.9607659999999925
 21
-139.7820590000000038
 31
0
  0
LINE
  5
154
330
1A
100
AcDbEntity
  8
B.Cu
  6
CONTINUOUS
100
AcDbLine
 10
115.9607659999999925
 20
-139.7820590000000038
 30
0
 11
115.8429409999999962
 21
-139.6642339999999933
 31
0
  0
LINE
  5
155
330
1A
100
AcDbEntity
  8
B.Cu
  6
CONTINUOUS
100
AcDbLine
 10
115.8429409999999962
 20
-139.6642339999999933
 30
0
 11
115.7503669999999971
 21
-139.5256870000000049
 31
0
  0
LINE
  5
156
330
1A
100
AcDbEntity
  8
B.Cu
  6
CONTINUOUS
100
AcDbLine
 10
115.7503669999999971
 20
-139.5256870000000049
 30
0
 11
115.686600999999996
 21
-139.3717419999999834
 31
0
  0
LINE
  5
157
330
1A
100
AcDbEntity
  8
B.Cu
  6
CONTINUOUS
100
AcDbLine
 10
115.686600999999996
 20
-139.3717419999999834
 30
0
 11
115.6540929999999889
 21
-139.2083149999999989
 31
0
  0
LINE
  5
158
330
1A
100
AcDbEntity
  8
B.Cu
  6
CONTINUOUS
100
AcDbLine
 10
115.6540929999999889
 20
-139.2083149999999989
 30
0
 11
115.6499999999999915
 21
-139.125
 31
0
  0
LINE
  5
159
330
1A
100
AcDbEntity
  8
B.Cu
  6
CONTINUOUS
100
AcDbLine
 10
115.6499999999999915
 20
-139.125
 30
0
 11
115.6499999999999915
 21
-138.875
 31
0
  0
LINE
  5
15A
330
1A
100
AcDbEntity
  8
B.Cu
  6
CONTINUOUS
100
AcDbLine
 10
115.6499999999999915
 20
-138.875
 30
0
 11
115.6540929999999889
 21
-138.7916850000000011
 31
0
  0
LINE
  5
15B
330
1A
100
AcDbEntity
  8
B.Cu
  6
CONTINUOUS
100
AcDbLine
 10
115.6540929999999889
 20
-138.7916850000000011
 30
0
 11
115.686600999999996
 21
-138.6282579999999882
 31
0
  0
LINE
  5
15C
330
1A
100
AcDbEntity
  8
B.Cu
  6
CONTINUOUS
100
AcDbLine
 10
115.686600999999996
 20
-138.6282579999999882
 30
0
 11
115.7503669999999971
 21
-138.4743129999999951
 31
0
  0
LINE
  5
15D
330
1A
100
AcDbEntity
  8
B.Cu
  6
CONTINUOUS
100
AcDbLine
 10
115.7503669999999971
 20
-138.4743129999999951
 30
0
 11
115.8429409999999962
 21
-138.3357660000000067
 31
0
  0
LINE
  5
15E
330
1A
100
AcDbEntity
  8
B.Cu
  6
CONTINUOUS
100
AcDbLine
 10
115.8429409999999962
 20
-138.3357660000000067
 30
0
 11
115.9607659999999925
 21
-138.2179409999999962
 31
0
  0
LINE
  5
15F
330
1A
100
AcDbEntity
  8
B.Cu
  6
CONTINUOUS
100
AcDbLine
 10
115.9607659999999925
 20
-138.2179409999999962
 30
0
 11
116.0993129999999951
 21
-138.1253669999999829
 31
0
  0
LINE
  5
160
330
1A
100
AcDbEntity
  8
B.Cu
  6
CONTINUOUS
100
AcDbLine
 10
116.0993129999999951
 20
-138.1253669999999829
 30
0
 11
116.2532579999999882
 21
-138.061600999999996
 31
0
  0
LINE
  5
161
330
1A
100
AcDbEntity
  8
B.Cu
  6
CONTINUOUS
100
AcDbLine
 10
116.2532579999999882
 20
-138.061600999999996
 30
0
 11
116.4166850000000011
 21
-138.0290929999999889
 31
0
  0
LINE
  5
162
330
1A
100
AcDbEntity
  8
B.Cu
  6
CONTINUOUS
100
AcDbLine
 10
116.4166850000000011
 20
-138.0290929999999889
 30
0
 11
116.5833149999999989
 21
-138.0290929999999889
 31
0
  0
LINE
  5
163
330
1A
100
AcDbEntity
  8
B.Cu
  6
CONTINUOUS
100
AcDbLine
 10
116.5833149999999989
 20
-138.0290929999999889
 30
0
 11
116.7467419999999976
 21
-138.061600999999996
 31
0
  0
LINE
  5
164
330
1A
100
AcDbEntity
  8
B.Cu
  6
CONTINUOUS
100
AcDbLine
 10
119.2467419999999976
 20
-138.061600999999996
 30
0
 11
119.4006869999999907
 21
-138.1253669999999829
 31
0
  0
LINE
  5
165
330
1A
100
AcDbEntity
  8
B.Cu
  6
CONTINUOUS
100
AcDbLine
 10
119.4006869999999907
 20
-138.1253669999999829
 30
0
 11
119.5392339999999933
 21
-138.2179409999999962
 31
0
  0
LINE
  5
166
330
1A
100
AcDbEntity
  8
B.Cu
  6
CONTINUOUS
100
AcDbLine
 10
119.5392339999999933
 20
-138.2179409999999962
 30
0
 11
119.6570589999999896
 21
-138.3357660000000067
 31
0
  0
LINE
  5
167
330
1A
100
AcDbEntity
  8
B.Cu
  6
CONTINUOUS
100
AcDbLine
 10
119.6570589999999896
 20
-138.3357660000000067
 30
0
 11
119.7496329999999887
 21
-138.4743129999999951
 31
0
  0
LINE
  5
168
330
1A
100
AcDbEntity
  8
B.Cu
  6
CONTINUOUS
100
AcDbLine
 10
119.7496329999999887
 20
-138.4743129999999951
 30
0
 11
119.8133989999999898
 21
-138.6282579999999882
 31
0
  0
LINE
  5
169
330
1A
100
AcDbEntity
  8
B.Cu
  6
CONTINUOUS
100
AcDbLine
 10
119.8133989999999898
 20
-138.6282579999999882
 30
0
 11
119.8459069999999969
 21
-138.7916850000000011
 31
0
  0
LINE
  5
16A
330
1A
100
AcDbEntity
  8
B.Cu
  6
CONTINUOUS
100
AcDbLine
 10
119.8459069999999969
 20
-138.7916850000000011
 30
0
 11
119.8499999999999943
 21
-138.875
 31
0
  0
LINE
  5
16B
330
1A
100
AcDbEntity
  8
B.Cu
  6
CONTINUOUS
100
AcDbLine
 10
119.8499999999999943
 20
-138.875
 30
0
 11
119.8499999999999943
 21
-139.125
 31
0
  0
LINE
  5
16C
330
1A
100
AcDbEntity
  8
B.Cu
  6
CONTINUOUS
100
AcDbLine
 10
119.8499999999999943
 20
-139.125
 30
0
 11
119.8459069999999969
 21
-139.2083149999999989
 31
0
  0
LINE
  5
16D
330
1A
100
AcDbEntity
  8
B.Cu
  6
CONTINUOUS
100
AcDbLine
 10
119.8459069999999969
 20
-139.2083149999999989
 30
0
 11
119.8133989999999898
 21
-139.3717419999999834
 31
0
  0
LINE
  5
16E
330
1A
100
AcDbEntity
  8
B.Cu
  6
CONTINUOUS
100
AcDbLine
 10
119.8133989999999898
 20
-139.3717419999999834
 30
0
 11
119.7496329999999887
 21
-139.5256870000000049
 31
0
  0
LINE
  5
16F
330
1A
100
AcDbEntity
  8
B.Cu
  6
CONTINUOUS
100
AcDbLine
 10
119.7496329999999887
 20
-139.5256870000000049
 30
0
 11
119.6570589999999896
 21
-139.6642339999999933
 31
0
  0
LINE
  5
170
330
1A
100
AcDbEntity
  8
B.Cu
  6
CONTINUOUS
100
AcDbLine
 10
119.6570589999999896
 20
-139.6642339999999933
 30
0
 11
119.5392339999999933
 21
-139.7820590000000038
 31
0
  0
LINE
  5
171
330
1A
100
AcDbEntity
  8
B.Cu
  6
CONTINUOUS
100
AcDbLine
 10
119.5392339999999933
 20
-139.7820590000000038
 30
0
 11
119.4006869999999907
 21
-139.8746329999999887
 31
0
  0
LINE
  5
172
330
1A
100
AcDbEntity
  8
B.Cu
  6
CONTINUOUS
100
AcDbLine
 10
119.4006869999999907
 20
-139.8746329999999887
 30
0
 11
119.2467419999999976
 21
-139.938399000000004
 31
0
  0
LINE
  5
173
330
1A
100
AcDbEntity
  8
B.Cu
  6
CONTINUOUS
100
AcDbLine
 10
119.2467419999999976
 20
-139.938399000000004
 30
0
 11
119.0833149999999989
 21
-139.9709069999999826
 31
0
  0
LINE
  5
174
330
1A
100
AcDbEntity
  8
B.Cu
  6
CONTINUOUS
100
AcDbLine
 10
119.0833149999999989
 20
-139.9709069999999826
 30
0
 11
118.9166850000000011
 21
-139.9709069999999826
 31
0
  0
LINE
  5
175
330
1A
100
AcDbEntity
  8
B.Cu
  6
CONTINUOUS
100
AcDbLine
 10
118.9166850000000011
 20
-139.9709069999999826
 30
0
 11
118.7532579999999882
 21
-139.938399000000004
 31
0
  0
LINE
  5
176
330
1A
100
AcDbEntity
  8
B.Cu
  6
CONTINUOUS
100
AcDbLine
 10
118.7532579999999882
 20
-139.938399000000004
 30
0
 11
118.5993129999999951
 21
-139.8746329999999887
 31
0
  0
LINE
  5
177
330
1A
100
AcDbEntity
  8
B.Cu
  6
CONTINUOUS
100
AcDbLine
 10
118.5993129999999951
 20
-139.8746329999999887
 30
0
 11
118.4607659999999925
 21
-139.7820590000000038
 31
0
  0
LINE
  5
178
330
1A
100
AcDbEntity
  8
B.Cu
  6
CONTINUOUS
100
AcDbLine
 10
118.4607659999999925
 20
-139.7820590000000038
 30
0
 11
118.3429409999999962
 21
-139.6642339999999933
 31
0
  0
LINE
  5
179
330
1A
100
AcDbEntity
  8
B.Cu
  6
CONTINUOUS
100
AcDbLine
 10
118.3429409999999962
 20
-139.6642339999999933
 30
0
 11
118.2503669999999971
 21
-139.5256870000000049
 31
0
  0
LINE
  5
17A
330
1A
100
AcDbEntity
  8
B.Cu
  6
CONTINUOUS
100
AcDbLine
 10
118.2503669999999971
 20
-139.5256870000000049
 30
0
 11
118.186600999999996
 21
-139.3717419999999834
 31
0
  0
LINE
  5
17B
330
1A
100
AcDbEntity
  8
B.Cu
  6
CONTINUOUS
100
AcDbLine
 10
118.186600999999996
 20
-139.3717419999999834
 30
0
 11
118.1540929999999889
 21
-139.2083149999999989
 31
0
  0
LINE
  5
17C
330
1A
100
AcDbEntity
  8
B.Cu
  6
CONTINUOUS
100
AcDbLine
 10
118.1540929999999889
 20
-139.2083149999999989
 30
0
 11
118.1499999999999915
 21
-139.125
 31
0
  0
LINE
  5
17D
330
1A
100
AcDbEntity
  8
B.Cu
  6
CONTINUOUS
100
AcDbLine
 10
118.1499999999999915
 20
-139.125
 30
0
 11
118.1499999999999915
 21
-138.875
 31
0
  0
LINE
  5
17E
330
1A
100
AcDbEntity
  8
B.Cu
  6
CONTINUOUS
100
AcDbLine
 10
118.1499999999999915
 20
-138.875
 30
0
 11
118.1540929999999889
 21
-138.7916850000000011
 31
0
  0
LINE
  5
17F
330
1A
100
AcDbEntity
  8
B.Cu
  6
CONTINUOUS
100
AcDbLine
 10
118.1540929999999889
 20
-138.7916850000000011
 30
0
 11
118.186600999999996
 21
-138.6282579999999882
 31
0
  0
LINE
  5
180
330
1A
100
AcDbEntity
  8
B.Cu
  6
CONTINUOUS
100
AcDbLine
 10
118.186600999999996
 20
-138.6282579999999882
 30
0
 11
118.2503669999999971
 21
-138.4743129999999951
 31
0
  0
LINE
  5
181
330
1A
100
AcDbEntity
  8
B.Cu
  6
CONTINUOUS
100
AcDbLine
 10
118.2503669999999971
 20
-138.4743129999999951
 30
0
 11
118.3429409999999962
 21
-138.3357660000000067
 31
0
  0
LINE
  5
182
330
1A
100
AcDbEntity
  8
B.Cu
  6
CONTINUOUS
100
AcDbLine
 10
118.3429409999999962
 20
-138.3357660000000067
 30
0
 11
118.4607659999999925
 21
-138.2179409999999962
 31
0
  0
LINE
  5
183
330
1A
100
AcDbEntity
  8
B.Cu
  6
CONTINUOUS
100
AcDbLine
 10
118.4607659999999925
 20
-138.2179409999999962
 30
0
 11
118.5993129999999951
 21
-138.1253669999999829
 31
0
  0
LINE
  5
184
330
1A
100
AcDbEntity
  8
B.Cu
  6
CONTINUOUS
100
AcDbLine
 10
118.5993129999999951
 20
-138.1253669999999829
 30
0
 11
118.7532579999999882
 21
-138.061600999999996
 31
0
  0
LINE
  5
185
330
1A
100
AcDbEntity
  8
B.Cu
  6
CONTINUOUS
100
AcDbLine
 10
118.7532579999999882
 20
-138.061600999999996
 30
0
 11
118.9166850000000011
 21
-138.0290929999999889
 31
0
  0
LINE
  5
186
330
1A
100
AcDbEntity
  8
B.Cu
  6
CONTINUOUS
100
AcDbLine
 10
118.9166850000000011
 20
-138.0290929999999889
 30
0
 11
119.0833149999999989
 21
-138.0290929999999889
 31
0
  0
LINE
  5
187
330
1A
100
AcDbEntity
  8
B.Cu
  6
CONTINUOUS
100
AcDbLine
 10
119.0833149999999989
 20
-138.0290929999999889
 30
0
 11
119.2467419999999976
 21
-138.061600999999996
 31
0
  0
LINE
  5
188
330
1A
100
AcDbEntity
  8
B.Cu
  6
CONTINUOUS
100
AcDbLine
 10
121.7467419999999976
 20
-138.061600999999996
 30
0
 11
121.9006869999999907
 21
-138.1253669999999829
 31
0
  0
LINE
  5
189
330
1A
100
AcDbEntity
  8
B.Cu
  6
CONTINUOUS
100
AcDbLine
 10
121.9006869999999907
 20
-138.1253669999999829
 30
0
 11
122.0392339999999933
 21
-138.2179409999999962
 31
0
  0
LINE
  5
18A
330
1A
100
AcDbEntity
  8
B.Cu
  6
CONTINUOUS
100
AcDbLine
 10
122.0392339999999933
 20
-138.2179409999999962
 30
0
 11
122.1570589999999896
 21
-138.3357660000000067
 31
0
  0
LINE
  5
18B
330
1A
100
AcDbEntity
  8
B.Cu
  6
CONTINUOUS
100
AcDbLine
 10
122.1570589999999896
 20
-138.3357660000000067
 30
0
 11
122.2496329999999887
 21
-138.4743129999999951
 31
0
  0
LINE
  5
18C
330
1A
100
AcDbEntity
  8
B.Cu
  6
CONTINUOUS
100
AcDbLine
 10
122.2496329999999887
 20
-138.4743129999999951
 30
0
 11
122.3133989999999898
 21
-138.6282579999999882
 31
0
  0
LINE
  5
18D
330
1A
100
AcDbEntity
  8
B.Cu
  6
CONTINUOUS
100
AcDbLine
 10
122.3133989999999898
 20
-138.6282579999999882
 30
0
 11
122.3459069999999969
 21
-138.7916850000000011
 31
0
  0
LINE
  5
18E
330
1A
100
AcDbEntity
  8
B.Cu
  6
CONTINUOUS
100
AcDbLine
 10
122.3459069999999969
 20
-138.7916850000000011
 30
0
 11
122.3499999999999943
 21
-138.875
 31
0
  0
LINE
  5
18F
330
1A
100
AcDbEntity
  8
B.Cu
  6
CONTINUOUS
100
AcDbLine
 10
122.3499999999999943
 20
-138.875
 30
0
 11
122.3499999999999943
 21
-139.125
 31
0
  0
LINE
  5
190
330
1A
100
AcDbEntity
  8
B.Cu
  6
CONTINUOUS
100
AcDbLine
 10
122.3499999999999943
 20
-139.125
 30
0
 11
122.3459069999999969
 21
-139.2083149999999989
 31
0
  0
LINE
  5
191
330
1A
100
AcDbEntity
  8
B.Cu
  6
CONTINUOUS
100
AcDbLine
 10
122.3459069999999969
 20
-139.2083149999999989
 30
0
 11
122.3133989999999898
 21
-139.3717419999999834
 31
0
  0
LINE
  5
192
330
1A
100
AcDbEntity
  8
B.Cu
  6
CONTINUOUS
100
AcDbLine
 10
122.3133989999999898
 20
-139.3717419999999834
 30
0
 11
122.2496329999999887
 21
-139.5256870000000049
 31
0
  0
LINE
  5
193
330
1A
100
AcDbEntity
  8
B.Cu
  6
CONTINUOUS
100
AcDbLine
 10
122.2496329999999887
 20
-139.5256870000000049
 30
0
 11
122.1570589999999896
 21
-139.6642339999999933
 31
0
  0
LINE
  5
194
330
1A
100
AcDbEntity
  8
B.Cu
  6
CONTINUOUS
100
AcDbLine
 10
122.1570589999999896
 20
-139.6642339999999933
 30
0
 11
122.0392339999999933
 21
-139.7820590000000038
 31
0
  0
LINE
  5
195
330
1A
100
AcDbEntity
  8
B.Cu
  6
CONTINUOUS
100
AcDbLine
 10
122.0392339999999933
 20
-139.7820590000000038
 30
0
 11
121.9006869999999907
 21
-139.8746329999999887
 31
0
  0
LINE
  5
196
330
1A
100
AcDbEntity
  8
B.Cu
  6
CONTINUOUS
100
AcDbLine
 10
121.9006869999999907
 20
-139.8746329999999887
 30
0
 11
121.7467419999999976
 21
-139.938399000000004
 31
0
  0
LINE
  5
197
330
1A
100
AcDbEntity
  8
B.Cu
  6
CONTINUOUS
100
AcDbLine
 10
121.7467419999999976
 20
-139.938399000000004
 30
0
 11
121.5833149999999989
 21
-139.9709069999999826
 31
0
  0
LINE
  5
198
330
1A
100
AcDbEntity
  8
B.Cu
  6
CONTINUOUS
100
AcDbLine
 10
121.5833149999999989
 20
-139.9709069999999826
 30
0
 11
121.4166850000000011
 21
-139.9709069999999826
 31
0
  0
LINE
  5
199
330
1A
100
AcDbEntity
  8
B.Cu
  6
CONTINUOUS
100
AcDbLine
 10
121.4166850000000011
 20
-139.9709069999999826
 30
0
 11
121.2532579999999882
 21
-139.938399000000004
 31
0
  0
LINE
  5
19A
330
1A
100
AcDbEntity
  8
B.Cu
  6
CONTINUOUS
100
AcDbLine
 10
121.2532579999999882
 20
-139.938399000000004
 30
0
 11
121.0993129999999951
 21
-139.8746329999999887
 31
0
  0
LINE
  5
19B
330
1A
100
AcDbEntity
  8
B.Cu
  6
CONTINUOUS
100
AcDbLine
 10
121.0993129999999951
 20
-139.8746329999999887
 30
0
 11
120.9607659999999925
 21
-139.7820590000000038
 31
0
  0
LINE
  5
19C
330
1A
100
AcDbEntity
  8
B.Cu
  6
CONTINUOUS
100
AcDbLine
 10
120.9607659999999925
 20
-139.7820590000000038
 30
0
 11
120.8429409999999962
 21
-139.6642339999999933
 31
0
  0
LINE
  5
19D
330
1A
100
AcDbEntity
  8
B.Cu
  6
CONTINUOUS
100
AcDbLine
 10
120.8429409999999962
 20
-139.6642339999999933
 30
0
 11
120.7503669999999971
 21
-139.5256870000000049
 31
0
  0
LINE
  5
19E
330
1A
100
AcDbEntity
  8
B.Cu
  6
CONTINUOUS
100
AcDbLine
 10
120.7503669999999971
 20
-139.5256870000000049
 30
0
 11
120.686600999999996
 21
-139.3717419999999834
 31
0
  0
LINE
  5
19F
330
1A
100
AcDbEntity
  8
B.Cu
  6
CONTINUOUS
100
AcDbLine
 10
120.686600999999996
 20
-139.3717419999999834
 30
0
 11
120.6540929999999889
 21
-139.2083149999999989
 31
0
  0
LINE
  5
1A0
330
1A
100
AcDbEntity
  8
B.Cu
  6
CONTINUOUS
100
AcDbLine
 10
120.6540929999999889
 20
-139.2083149999999989
 30
0
 11
120.6499999999999915
 21
-139.125
 31
0
  0
LINE
  5
1A1
330
1A
100
AcDbEntity
  8
B.Cu
  6
CONTINUOUS
100
AcDbLine
 10
120.6499999999999915
 20
-139.125
 30
0
 11
120.6499999999999915
 21
-138.875
 31
0
  0
LINE
  5
1A2
330
1A
100
AcDbEntity
  8
B.Cu
  6
CONTINUOUS
100
AcDbLine
 10
120.6499999999999915
 20
-138.875
 30
0
 11
120.6540929999999889
 21
-138.7916850000000011
 31
0
  0
LINE
  5
1A3
330
1A
100
AcDbEntity
  8
B.Cu
  6
CONTINUOUS
100
AcDbLine
 10
120.6540929999999889
 20
-138.7916850000000011
 30
0
 11
120.686600999999996
 21
-138.6282579999999882
 31
0
  0
LINE
  5
1A4
330
1A
100
AcDbEntity
  8
B.Cu
  6
CONTINUOUS
100
AcDbLine
 10
120.686600999999996
 20
-138.6282579999999882
 30
0
 11
120.7503669999999971
 21
-138.4743129999999951
 31
0
  0
LINE
  5
1A5
330
1A
100
AcDbEntity
  8
B.Cu
  6
CONTINUOUS
100
AcDbLine
 10
120.7503669999999971
 20
-138.4743129999999951
 30
0
 11
120.8429409999999962
 21
-138.3357660000000067
 31
0
  0
LINE
  5
1A6
330
1A
100
AcDbEntity
  8
B.Cu
  6
CONTINUOUS
100
AcDbLine
 10
120.8429409999999962
 20
-138.3357660000000067
 30
0
 11
120.9607659999999925
 21
-138.2179409999999962
 31
0
  0
LINE
  5
1A7
330
1A
100
AcDbEntity
  8
B.Cu
  6
CONTINUOUS
100
AcDbLine
 10
120.9607659999999925
 20
-138.2179409999999962
 30
0
 11
121.0993129999999951
 21
-138.1253669999999829
 31
0
  0
LINE
  5
1A8
330
1A
100
AcDbEntity
  8
B.Cu
  6
CONTINUOUS
100
AcDbLine
 10
121.0993129999999951
 20
-138.1253669999999829
 30
0
 11
121.2532579999999882
 21
-138.061600999999996
 31
0
  0
LINE
  5
1A9
330
1A
100
AcDbEntity
  8
B.Cu
  6
CONTINUOUS
100
AcDbLine
 10
121.2532579999999882
 20
-138.061600999999996
 30
0
 11
121.4166850000000011
 21
-138.0290929999999889
 31
0
  0
LINE
  5
1AA
330
1A
100
AcDbEntity
  8
B.Cu
  6
CONTINUOUS
100
AcDbLine
 10
121.4166850000000011
 20
-138.0290929999999889
 30
0
 11
121.5833149999999989
 21
-138.0290929999999889
 31
0
  0
LINE
  5
1AB
330
1A
100
AcDbEntity
  8
B.Cu
  6
CONTINUOUS
100
AcDbLine
 10
121.5833149999999989
 20
-138.0290929999999889
 30
0
 11
121.7467419999999976
 21
-138.061600999999996
 31
0
  0
LINE
  5
1AC
330
1A
100
AcDbEntity
  8
B.Cu
  6
CONTINUOUS
100
AcDbLine
 10
124.2467419999999976
 20
-138.061600999999996
 30
0
 11
124.4006869999999907
 21
-138.1253669999999829
 31
0
  0
LINE
  5
1AD
330
1A
100
AcDbEntity
  8
B.Cu
  6
CONTINUOUS
100
AcDbLine
 10
124.4006869999999907
 20
-138.1253669999999829
 30
0
 11
124.5392339999999933
 21
-138.2179409999999962
 31
0
  0
LINE
  5
1AE
330
1A
100
AcDbEntity
  8
B.Cu
  6
CONTINUOUS
100
AcDbLine
 10
124.5392339999999933
 20
-138.2179409999999962
 30
0
 11
124.6570589999999896
 21
-138.3357660000000067
 31
0
  0
LINE
  5
1AF
330
1A
100
AcDbEntity
  8
B.Cu
  6
CONTINUOUS
100
AcDbLine
 10
124.6570589999999896
 20
-138.3357660000000067
 30
0
 11
124.7496329999999887
 21
-138.4743129999999951
 31
0
  0
LINE
  5
1B0
330
1A
100
AcDbEntity
  8
B.Cu
  6
CONTINUOUS
100
AcDbLine
 10
124.7496329999999887
 20
-138.4743129999999951
 30
0
 11
124.8133989999999898
 21
-138.6282579999999882
 31
0
  0
LINE
  5
1B1
330
1A
100
AcDbEntity
  8
B.Cu
  6
CONTINUOUS
100
AcDbLine
 10
124.8133989999999898
 20
-138.6282579999999882
 30
0
 11
124.8459069999999969
 21
-138.7916850000000011
 31
0
  0
LINE
  5
1B2
330
1A
100
AcDbEntity
  8
B.Cu
  6
CONTINUOUS
100
AcDbLine
 10
124.8459069999999969
 20
-138.7916850000000011
 30
0
 11
124.8499999999999943
 21
-138.875
 31
0
  0
LINE
  5
1B3
330
1A
100
AcDbEntity
  8
B.Cu
  6
CONTINUOUS
100
AcDbLine
 10
124.8499999999999943
 20
-138.875
 30
0
 11
124.8499999999999943
 21
-139.125
 31
0
  0
LINE
  5
1B4
330
1A
100
AcDbEntity
  8
B.Cu
  6
CONTINUOUS
100
AcDbLine
 10
124.8499999999999943
 20
-139.125
 30
0
 11
124.8459069999999969
 21
-139.2083149999999989
 31
0
  0
LINE
  5
1B5
330
1A
100
AcDbEntity
  8
B.Cu
  6
CONTINUOUS
100
AcDbLine
 10
124.8459069999999969
 20
-139.2083149999999989
 30
0
 11
124.8133989999999898
 21
-139.3717419999999834
 31
0
  0
LINE
  5
1B6
330
1A
100
AcDbEntity
  8
B.Cu
  6
CONTINUOUS
100
AcDbLine
 10
124.8133989999999898
 20
-139.3717419999999834
 30
0
 11
124.7496329999999887
 21
-139.5256870000000049
 31
0
  0
LINE
  5
1B7
330
1A
100
AcDbEntity
  8
B.Cu
  6
CONTINUOUS
100
AcDbLine
 10
124.7496329999999887
 20
-139.5256870000000049
 30
0
 11
124.6570589999999896
 21
-139.6642339999999933
 31
0
  0
LINE
  5
1B8
330
1A
100
AcDbEntity
  8
B.Cu
  6
CONTINUOUS
100
AcDbLine
 10
124.6570589999999896
 20
-139.6642339999999933
 30
0
 11
124.5392339999999933
 21
-139.7820590000000038
 31
0
  0
LINE
  5
1B9
330
1A
100
AcDbEntity
  8
B.Cu
  6
CONTINUOUS
100
AcDbLine
 10
124.5392339999999933
 20
-139.7820590000000038
 30
0
 11
124.4006869999999907
 21
-139.8746329999999887
 31
0
  0
LINE
  5
1BA
330
1A
100
AcDbEntity
  8
B.Cu
  6
CONTINUOUS
100
AcDbLine
 10
124.4006869999999907
 20
-139.8746329999999887
 30
0
 11
124.2467419999999976
 21
-139.938399000000004
 31
0
  0
LINE
  5
1BB
330
1A
100
AcDbEntity
  8
B.Cu
  6
CONTINUOUS
100
AcDbLine
 10
124.2467419999999976
 20
-139.938399000000004
 30
0
 11
124.0833149999999989
 21
-139.9709069999999826
 31
0
  0
LINE
  5
1BC
330
1A
100
AcDbEntity
  8
B.Cu
  6
CONTINUOUS
100
AcDbLine
 10
124.0833149999999989
 20
-139.9709069999999826
 30
0
 11
123.9166850000000011
 21
-139.9709069999999826
 31
0
  0
LINE
  5
1BD
330
1A
100
AcDbEntity
  8
B.Cu
  6
CONTINUOUS
100
AcDbLine
 10
123.9166850000000011
 20
-139.9709069999999826
 30
0
 11
123.7532579999999882
 21
-139.938399000000004
 31
0
  0
LINE
  5
1BE
330
1A
100
AcDbEntity
  8
B.Cu
  6
CONTINUOUS
100
AcDbLine
 10
123.7532579999999882
 20
-139.938399000000004
 30
0
 11
123.5993129999999951
 21
-139.8746329999999887
 31
0
  0
LINE
  5
1BF
330
1A
100
AcDbEntity
  8
B.Cu
  6
CONTINUOUS
100
AcDbLine
 10
123.5993129999999951
 20
-139.8746329999999887
 30
0
 11
123.4607659999999925
 21
-139.7820590000000038
 31
0
  0
LINE
  5
1C0
330
1A
100
AcDbEntity
  8
B.Cu
  6
CONTINUOUS
100
AcDbLine
 10
123.4607659999999925
 20
-139.7820590000000038
 30
0
 11
123.3429409999999962
 21
-139.6642339999999933
 31
0
  0
LINE
  5
1C1
330
1A
100
AcDbEntity
  8
B.Cu
  6
CONTINUOUS
100
AcDbLine
 10
123.3429409999999962
 20
-139.6642339999999933
 30
0
 11
123.2503669999999971
 21
-139.5256870000000049
 31
0
  0
LINE
  5
1C2
330
1A
100
AcDbEntity
  8
B.Cu
  6
CONTINUOUS
100
AcDbLine
 10
123.2503669999999971
 20
-139.5256870000000049
 30
0
 11
123.186600999999996
 21
-139.3717419999999834
 31
0
  0
LINE
  5
1C3
330
1A
100
AcDbEntity
  8
B.Cu
  6
CONTINUOUS
100
AcDbLine
 10
123.186600999999996
 20
-139.3717419999999834
 30
0
 11
123.1540929999999889
 21
-139.2083149999999989
 31
0
  0
LINE
  5
1C4
330
1A
100
AcDbEntity
  8
B.Cu
  6
CONTINUOUS
100
AcDbLine
 10
123.1540929999999889
 20
-139.2083149999999989
 30
0
 11
123.1499999999999915
 21
-139.125
 31
0
  0
LINE
  5
1C5
330
1A
100
AcDbEntity
  8
B.Cu
  6
CONTINUOUS
100
AcDbLine
 10
123.1499999999999915
 20
-139.125
 30
0
 11
123.1499999999999915
 21
-138.875
 31
0
  0
LINE
  5
1C6
330
1A
100
AcDbEntity
  8
B.Cu
  6
CONTINUOUS
100
AcDbLine
 10
123.1499999999999915
 20
-138.875
 30
0
 11
123.1540929999999889
 21
-138.7916850000000011
 31
0
  0
LINE
  5
1C7
330
1A
100
AcDbEntity
  8
B.Cu
  6
CONTINUOUS
100
AcDbLine
 10
123.1540929999999889
 20
-138.7916850000000011
 30
0
 11
123.186600999999996
 21
-138.6282579999999882
 31
0
  0
LINE
  5
1C8
330
1A
100
AcDbEntity
  8
B.Cu
  6
CONTINUOUS
100
AcDbLine
 10
123.186600999999996
 20
-138.6282579999999882
 30
0
 11
123.2503669999999971
 21
-138.4743129999999951
 31
0
  0
LINE
  5
1C9
330
1A
100
AcDbEntity
  8
B.Cu
  6
CONTINUOUS
100
AcDbLine
 10
123.2503669999999971
 20
-138.4743129999999951
 30
0
 11
123.3429409999999962
 21
-138.3357660000000067
 31
0
  0
LINE
  5
1CA
330
1A
100
AcDbEntity
  8
B.Cu
  6
CONTINUOUS
100
AcDbLine
 10
123.3429409999999962
 20
-138.3357660000000067
 30
0
 11
123.4607659999999925
 21
-138.2179409999999962
 31
0
  0
LINE
  5
1CB
330
1A
100
AcDbEntity
  8
B.Cu
  6
CONTINUOUS
100
AcDbLine
 10
123.4607659999999925
 20
-138.2179409999999962
 30
0
 11
123.5993129999999951
 21
-138.1253669999999829
 31
0
  0
LINE
  5
1CC
330
1A
100
AcDbEntity
  8
B.Cu
  6
CONTINUOUS
100
AcDbLine
 10
123.5993129999999951
 20
-138.1253669999999829
 30
0
 11
123.7532579999999882
 21
-138.061600999999996
 31
0
  0
LINE
  5
1CD
330
1A
100
AcDbEntity
  8
B.Cu
  6
CONTINUOUS
100
AcDbLine
 10
123.7532579999999882
 20
-138.061600999999996
 30
0
 11
123.9166850000000011
 21
-138.0290929999999889
 31
0
  0
LINE
  5
1CE
330
1A
100
AcDbEntity
  8
B.Cu
  6
CONTINUOUS
100
AcDbLine
 10
123.9166850000000011
 20
-138.0290929999999889
 30
0
 11
124.0833149999999989
 21
-138.0290929999999889
 31
0
  0
LINE
  5
1CF
330
1A
100
AcDbEntity
  8
B.Cu
  6
CONTINUOUS
100
AcDbLine
 10
124.0833149999999989
 20
-138.0290929999999889
 30
0
 11
124.2467419999999976
 21
-138.061600999999996
 31
0
  0
LINE
  5
1D0
330
1A
100
AcDbEntity
  8
B.Cu
  6
CONTINUOUS
100
AcDbLine
 10
119.8499999999999943
 20
-99.25
 30
0
 11
117.
 21
-99.25
 31
0
  0
LINE
  5
1D1
330
1A
100
AcDbEntity
  8
B.Cu
  6
CONTINUOUS
100
AcDbLine
 10
117.
 20
-99.25
 30
0
 11
117.
 21
-103.875
 31
0
  0
LINE
  5
1D2
330
1A
100
AcDbEntity
  8
B.Cu
  6
CONTINUOUS
100
AcDbLine
 10
117.
 20
-103.875
 30
0
 11
120.524998999999994
 21
-103.875
 31
0
  0
LINE
  5
1D3
330
1A
100
AcDbEntity
  8
B.Cu
  6
CONTINUOUS
100
AcDbLine
 10
120.524998999999994
 20
-103.875
 30
0
 11
120.6206699999999898
 21
-103.8940300000000008
 31
0
  0
LINE
  5
1D4
330
1A
100
AcDbEntity
  8
B.Cu
  6
CONTINUOUS
100
AcDbLine
 10
120.6206699999999898
 20
-103.8940300000000008
 30
0
 11
120.7017759999999953
 21
-103.9482239999999962
 31
0
  0
LINE
  5
1D5
330
1A
100
AcDbEntity
  8
B.Cu
  6
CONTINUOUS
100
AcDbLine
 10
120.7017759999999953
 20
-103.9482239999999962
 30
0
 11
120.7559699999999907
 21
-104.0293300000000016
 31
0
  0
LINE
  5
1D6
330
1A
100
AcDbEntity
  8
B.Cu
  6
CONTINUOUS
100
AcDbLine
 10
120.7559699999999907
 20
-104.0293300000000016
 30
0
 11
120.774998999999994
 21
-104.125001999999995
 31
0
  0
LINE
  5
1D7
330
1A
100
AcDbEntity
  8
B.Cu
  6
CONTINUOUS
100
AcDbLine
 10
120.774998999999994
 20
-104.125001999999995
 30
0
 11
120.7749999999999915
 21
-105.7249989999999968
 31
0
  0
LINE
  5
1D8
330
1A
100
AcDbEntity
  8
B.Cu
  6
CONTINUOUS
100
AcDbLine
 10
120.7749999999999915
 20
-105.7249989999999968
 30
0
 11
120.7559699999999907
 21
-105.8206699999999927
 31
0
  0
LINE
  5
1D9
330
1A
100
AcDbEntity
  8
B.Cu
  6
CONTINUOUS
100
AcDbLine
 10
120.7559699999999907
 20
-105.8206699999999927
 30
0
 11
120.7017759999999953
 21
-105.9017759999999981
 31
0
  0
LINE
  5
1DA
330
1A
100
AcDbEntity
  8
B.Cu
  6
CONTINUOUS
100
AcDbLine
 10
120.7017759999999953
 20
-105.9017759999999981
 30
0
 11
120.6206699999999898
 21
-105.9559699999999935
 31
0
  0
LINE
  5
1DB
330
1A
100
AcDbEntity
  8
B.Cu
  6
CONTINUOUS
100
AcDbLine
 10
120.6206699999999898
 20
-105.9559699999999935
 30
0
 11
120.5249979999999965
 21
-105.9749989999999968
 31
0
  0
LINE
  5
1DC
330
1A
100
AcDbEntity
  8
B.Cu
  6
CONTINUOUS
100
AcDbLine
 10
120.5249979999999965
 20
-105.9749989999999968
 30
0
 11
117.
 21
-105.9749989999999968
 31
0
  0
LINE
  5
1DD
330
1A
100
AcDbEntity
  8
B.Cu
  6
CONTINUOUS
100
AcDbLine
 10
117.
 20
-105.9749989999999968
 30
0
 11
117.
 21
-114.9357859999999931
 31
0
  0
LINE
  5
1DE
330
1A
100
AcDbEntity
  8
B.Cu
  6
CONTINUOUS
100
AcDbLine
 10
117.
 20
-114.9357859999999931
 30
0
 11
130.8742139999999949
 21
-128.8100000000000023
 31
0
  0
LINE
  5
1DF
330
1A
100
AcDbEntity
  8
B.Cu
  6
CONTINUOUS
100
AcDbLine
 10
130.8742139999999949
 20
-128.8100000000000023
 30
0
 11
139.6725969999999961
 21
-128.8100000000000023
 31
0
  0
LINE
  5
1E0
330
1A
100
AcDbEntity
  8
B.Cu
  6
CONTINUOUS
100
AcDbLine
 10
139.6725969999999961
 20
-128.8100000000000023
 30
0
 11
139.8056069999999806
 21
-128.6769899999999893
 31
0
  0
LINE
  5
1E1
330
1A
100
AcDbEntity
  8
B.Cu
  6
CONTINUOUS
100
AcDbLine
 10
139.8056069999999806
 20
-128.6769899999999893
 30
0
 11
139.9686030000000017
 21
-128.5680789999999831
 31
0
  0
LINE
  5
1E2
330
1A
100
AcDbEntity
  8
B.Cu
  6
CONTINUOUS
100
AcDbLine
 10
139.9686030000000017
 20
-128.5680789999999831
 30
0
 11
140.1497149999999863
 21
-128.4930599999999856
 31
0
  0
LINE
  5
1E3
330
1A
100
AcDbEntity
  8
B.Cu
  6
CONTINUOUS
100
AcDbLine
 10
140.1497149999999863
 20
-128.4930599999999856
 30
0
 11
140.341982999999999
 21
-128.4548149999999964
 31
0
  0
LINE
  5
1E4
330
1A
100
AcDbEntity
  8
B.Cu
  6
CONTINUOUS
100
AcDbLine
 10
140.341982999999999
 20
-128.4548149999999964
 30
0
 11
140.4399999999999977
 21
-128.4499999999999886
 31
0
  0
LINE
  5
1E5
330
1A
100
AcDbEntity
  8
B.Cu
  6
CONTINUOUS
100
AcDbLine
 10
140.4399999999999977
 20
-128.4499999999999886
 30
0
 11
142.
 21
-128.4499999999999886
 31
0
  0
LINE
  5
1E6
330
1A
100
AcDbEntity
  8
B.Cu
  6
CONTINUOUS
100
AcDbLine
 10
142.
 20
-128.4499999999999886
 30
0
 11
142.0980169999999987
 21
-128.4548149999999964
 31
0
  0
LINE
  5
1E7
330
1A
100
AcDbEntity
  8
B.Cu
  6
CONTINUOUS
100
AcDbLine
 10
142.0980169999999987
 20
-128.4548149999999964
 30
0
 11
142.290284999999983
 21
-128.4930599999999856
 31
0
  0
LINE
  5
1E8
330
1A
100
AcDbEntity
  8
B.Cu
  6
CONTINUOUS
100
AcDbLine
 10
142.290284999999983
 20
-128.4930599999999856
 30
0
 11
142.4713969999999961
 21
-128.5680789999999831
 31
0
  0
LINE
  5
1E9
330
1A
100
AcDbEntity
  8
B.Cu
  6
CONTINUOUS
100
AcDbLine
 10
142.4713969999999961
 20
-128.5680789999999831
 30
0
 11
142.5034629999999822
 21
-128.5895050000000026
 31
0
  0
LINE
  5
1EA
330
1A
100
AcDbEntity
  8
B.Cu
  6
CONTINUOUS
100
AcDbLine
 10
142.5034629999999822
 20
-128.5895050000000026
 30
0
 11
142.6343939999999861
 21
-128.6769889999999918
 31
0
  0
LINE
  5
1EB
330
1A
100
AcDbEntity
  8
B.Cu
  6
CONTINUOUS
100
AcDbLine
 10
142.6343939999999861
 20
-128.6769889999999918
 30
0
 11
142.7071070000000077
 21
-128.7428929999999809
 31
0
  0
LINE
  5
1EC
330
1A
100
AcDbEntity
  8
B.Cu
  6
CONTINUOUS
100
AcDbLine
 10
142.7071070000000077
 20
-128.7428929999999809
 30
0
 11
143.4392139999999927
 21
-129.4749999999999943
 31
0
  0
LINE
  5
1ED
330
1A
100
AcDbEntity
  8
B.Cu
  6
CONTINUOUS
100
AcDbLine
 10
143.4392139999999927
 20
-129.4749999999999943
 30
0
 11
144.5
 21
-129.4749999999999943
 31
0
  0
LINE
  5
1EE
330
1A
100
AcDbEntity
  8
B.Cu
  6
CONTINUOUS
100
AcDbLine
 10
144.5
 20
-129.4749999999999943
 30
0
 11
144.5980169999999987
 21
-129.4798150000000021
 31
0
  0
LINE
  5
1EF
330
1A
100
AcDbEntity
  8
B.Cu
  6
CONTINUOUS
100
AcDbLine
 10
144.5980169999999987
 20
-129.4798150000000021
 30
0
 11
144.790284999999983
 21
-129.5180599999999913
 31
0
  0
LINE
  5
1F0
330
1A
100
AcDbEntity
  8
B.Cu
  6
CONTINUOUS
100
AcDbLine
 10
144.790284999999983
 20
-129.5180599999999913
 30
0
 11
144.9713969999999961
 21
-129.5930789999999888
 31
0
  0
LINE
  5
1F1
330
1A
100
AcDbEntity
  8
B.Cu
  6
CONTINUOUS
100
AcDbLine
 10
144.9713969999999961
 20
-129.5930789999999888
 30
0
 11
145.1343929999999887
 21
-129.701989999999995
 31
0
  0
LINE
  5
1F2
330
1A
100
AcDbEntity
  8
B.Cu
  6
CONTINUOUS
100
AcDbLine
 10
145.1343929999999887
 20
-129.701989999999995
 30
0
 11
145.2730099999999993
 21
-129.8406070000000057
 31
0
  0
LINE
  5
1F3
330
1A
100
AcDbEntity
  8
B.Cu
  6
CONTINUOUS
100
AcDbLine
 10
145.2730099999999993
 20
-129.8406070000000057
 30
0
 11
145.3819210000000055
 21
-130.0036029999999982
 31
0
  0
LINE
  5
1F4
330
1A
100
AcDbEntity
  8
B.Cu
  6
CONTINUOUS
100
AcDbLine
 10
145.3819210000000055
 20
-130.0036029999999982
 30
0
 11
145.456940000000003
 21
-130.1847149999999829
 31
0
  0
LINE
  5
1F5
330
1A
100
AcDbEntity
  8
B.Cu
  6
CONTINUOUS
100
AcDbLine
 10
145.456940000000003
 20
-130.1847149999999829
 30
0
 11
145.4951849999999922
 21
-130.3769829999999956
 31
0
  0
LINE
  5
1F6
330
1A
100
AcDbEntity
  8
B.Cu
  6
CONTINUOUS
100
AcDbLine
 10
145.4951849999999922
 20
-130.3769829999999956
 30
0
 11
145.5
 21
-130.4749999999999943
 31
0
  0
LINE
  5
1F7
330
1A
100
AcDbEntity
  8
B.Cu
  6
CONTINUOUS
100
AcDbLine
 10
145.5
 20
-130.4749999999999943
 30
0
 11
145.5
 21
-132.9639999999999986
 31
0
  0
LINE
  5
1F8
330
1A
100
AcDbEntity
  8
B.Cu
  6
CONTINUOUS
100
AcDbLine
 10
145.5
 20
-132.9639999999999986
 30
0
 11
160.2330560000000048
 21
-132.9639999999999986
 31
0
  0
LINE
  5
1F9
330
1A
100
AcDbEntity
  8
B.Cu
  6
CONTINUOUS
100
AcDbLine
 10
160.2330560000000048
 20
-132.9639999999999986
 30
0
 11
175.0799999999999841
 21
-118.1170559999999909
 31
0
  0
LINE
  5
1FA
330
1A
100
AcDbEntity
  8
B.Cu
  6
CONTINUOUS
100
AcDbLine
 10
175.0799999999999841
 20
-118.1170559999999909
 30
0
 11
175.0799999999999841
 21
-117.
 31
0
  0
LINE
  5
1FB
330
1A
100
AcDbEntity
  8
B.Cu
  6
CONTINUOUS
100
AcDbLine
 10
175.0799999999999841
 20
-117.
 30
0
 11
175.0799999999999841
 21
-113.5
 31
0
  0
LINE
  5
1FC
330
1A
100
AcDbEntity
  8
B.Cu
  6
CONTINUOUS
100
AcDbLine
 10
175.0799999999999841
 20
-113.5
 30
0
 11
175.0848149999999919
 21
-113.4019830000000013
 31
0
  0
LINE
  5
1FD
330
1A
100
AcDbEntity
  8
B.Cu
  6
CONTINUOUS
100
AcDbLine
 10
175.0848149999999919
 20
-113.4019830000000013
 30
0
 11
175.1230599999999811
 21
-113.2097149999999885
 31
0
  0
LINE
  5
1FE
330
1A
100
AcDbEntity
  8
B.Cu
  6
CONTINUOUS
100
AcDbLine
 10
175.1230599999999811
 20
-113.2097149999999885
 30
0
 11
175.1980789999999786
 21
-113.0286029999999897
 31
0
  0
LINE
  5
1FF
330
1A
100
AcDbEntity
  8
B.Cu
  6
CONTINUOUS
100
AcDbLine
 10
175.1980789999999786
 20
-113.0286029999999897
 30
0
 11
175.3069899999999848
 21
-112.8656069999999971
 31
0
  0
LINE
  5
200
330
1A
100
AcDbEntity
  8
B.Cu
  6
CONTINUOUS
100
AcDbLine
 10
175.3069899999999848
 20
-112.8656069999999971
 30
0
 11
175.4456069999999954
 21
-112.7269900000000007
 31
0
  0
LINE
  5
201
330
1A
100
AcDbEntity
  8
B.Cu
  6
CONTINUOUS
100
AcDbLine
 10
175.4456069999999954
 20
-112.7269900000000007
 30
0
 11
175.608602999999988
 21
-112.6180789999999945
 31
0
  0
LINE
  5
202
330
1A
100
AcDbEntity
  8
B.Cu
  6
CONTINUOUS
100
AcDbLine
 10
175.608602999999988
 20
-112.6180789999999945
 30
0
 11
175.7897150000000011
 21
-112.543059999999997
 31
0
  0
LINE
  5
203
330
1A
100
AcDbEntity
  8
B.Cu
  6
CONTINUOUS
100
AcDbLine
 10
175.7897150000000011
 20
-112.543059999999997
 30
0
 11
175.9819829999999854
 21
-112.5048149999999936
 31
0
  0
LINE
  5
204
330
1A
100
AcDbEntity
  8
B.Cu
  6
CONTINUOUS
100
AcDbLine
 10
175.9819829999999854
 20
-112.5048149999999936
 30
0
 11
176.1780169999999828
 21
-112.5048149999999936
 31
0
  0
LINE
  5
205
330
1A
100
AcDbEntity
  8
B.Cu
  6
CONTINUOUS
100
AcDbLine
 10
176.1780169999999828
 20
-112.5048149999999936
 30
0
 11
176.3702849999999955
 21
-112.543059999999997
 31
0
  0
LINE
  5
206
330
1A
100
AcDbEntity
  8
B.Cu
  6
CONTINUOUS
100
AcDbLine
 10
176.3702849999999955
 20
-112.543059999999997
 30
0
 11
176.5513969999999802
 21
-112.6180789999999945
 31
0
  0
LINE
  5
207
330
1A
100
AcDbEntity
  8
B.Cu
  6
CONTINUOUS
100
AcDbLine
 10
176.5513969999999802
 20
-112.6180789999999945
 30
0
 11
176.7143930000000012
 21
-112.7269900000000007
 31
0
  0
LINE
  5
208
330
1A
100
AcDbEntity
  8
B.Cu
  6
CONTINUOUS
100
AcDbLine
 10
176.7143930000000012
 20
-112.7269900000000007
 30
0
 11
176.8530099999999834
 21
-112.8656069999999971
 31
0
  0
LINE
  5
209
330
1A
100
AcDbEntity
  8
B.Cu
  6
CONTINUOUS
100
AcDbLine
 10
176.8530099999999834
 20
-112.8656069999999971
 30
0
 11
176.9619209999999896
 21
-113.0286029999999897
 31
0
  0
LINE
  5
20A
330
1A
100
AcDbEntity
  8
B.Cu
  6
CONTINUOUS
100
AcDbLine
 10
176.9619209999999896
 20
-113.0286029999999897
 30
0
 11
177.0369399999999871
 21
-113.2097149999999885
 31
0
  0
LINE
  5
20B
330
1A
100
AcDbEntity
  8
B.Cu
  6
CONTINUOUS
100
AcDbLine
 10
177.0369399999999871
 20
-113.2097149999999885
 30
0
 11
177.0751850000000047
 21
-113.4019830000000013
 31
0
  0
LINE
  5
20C
330
1A
100
AcDbEntity
  8
B.Cu
  6
CONTINUOUS
100
AcDbLine
 10
177.0751850000000047
 20
-113.4019830000000013
 30
0
 11
177.0799999999999841
 21
-113.5
 31
0
  0
LINE
  5
20D
330
1A
100
AcDbEntity
  8
B.Cu
  6
CONTINUOUS
100
AcDbLine
 10
177.0799999999999841
 20
-113.5
 30
0
 11
177.0799999999999841
 21
-117.
 31
0
  0
LINE
  5
20E
330
1A
100
AcDbEntity
  8
B.Cu
  6
CONTINUOUS
100
AcDbLine
 10
177.0799999999999841
 20
-117.
 30
0
 11
177.0799999999999841
 21
-118.5312699999999921
 31
0
  0
LINE
  5
20F
330
1A
100
AcDbEntity
  8
B.Cu
  6
CONTINUOUS
100
AcDbLine
 10
177.0799999999999841
 20
-118.5312699999999921
 30
0
 11
177.0751850000000047
 21
-118.6292869999999908
 31
0
  0
LINE
  5
210
330
1A
100
AcDbEntity
  8
B.Cu
  6
CONTINUOUS
100
AcDbLine
 10
177.0751850000000047
 20
-118.6292869999999908
 30
0
 11
177.0369399999999871
 21
-118.8215549999999894
 31
0
  0
LINE
  5
211
330
1A
100
AcDbEntity
  8
B.Cu
  6
CONTINUOUS
100
AcDbLine
 10
177.0369399999999871
 20
-118.8215549999999894
 30
0
 11
176.9619209999999896
 21
-119.0026669999999882
 31
0
  0
LINE
  5
212
330
1A
100
AcDbEntity
  8
B.Cu
  6
CONTINUOUS
100
AcDbLine
 10
176.9619209999999896
 20
-119.0026669999999882
 30
0
 11
176.912982999999997
 21
-119.0759070000000008
 31
0
  0
LINE
  5
213
330
1A
100
AcDbEntity
  8
B.Cu
  6
CONTINUOUS
100
AcDbLine
 10
176.912982999999997
 20
-119.0759070000000008
 30
0
 11
176.8530099999999834
 21
-119.1656639999999925
 31
0
  0
LINE
  5
214
330
1A
100
AcDbEntity
  8
B.Cu
  6
CONTINUOUS
100
AcDbLine
 10
176.8530099999999834
 20
-119.1656639999999925
 30
0
 11
176.7871069999999918
 21
-119.2383769999999998
 31
0
  0
LINE
  5
215
330
1A
100
AcDbEntity
  8
B.Cu
  6
CONTINUOUS
100
AcDbLine
 10
176.7871069999999918
 20
-119.2383769999999998
 30
0
 11
161.3543769999999995
 21
-134.6711070000000063
 31
0
  0
LINE
  5
216
330
1A
100
AcDbEntity
  8
B.Cu
  6
CONTINUOUS
100
AcDbLine
 10
161.3543769999999995
 20
-134.6711070000000063
 30
0
 11
161.2816640000000064
 21
-134.7370109999999954
 31
0
  0
LINE
  5
217
330
1A
100
AcDbEntity
  8
B.Cu
  6
CONTINUOUS
100
AcDbLine
 10
161.2816640000000064
 20
-134.7370109999999954
 30
0
 11
161.1652819999999906
 21
-134.8147730000000024
 31
0
  0
LINE
  5
218
330
1A
100
AcDbEntity
  8
B.Cu
  6
CONTINUOUS
100
AcDbLine
 10
161.1652819999999906
 20
-134.8147730000000024
 30
0
 11
161.1186669999999879
 21
-134.8459210000000041
 31
0
  0
LINE
  5
219
330
1A
100
AcDbEntity
  8
B.Cu
  6
CONTINUOUS
100
AcDbLine
 10
161.1186669999999879
 20
-134.8459210000000041
 30
0
 11
160.9375550000000032
 21
-134.9209400000000016
 31
0
  0
LINE
  5
21A
330
1A
100
AcDbEntity
  8
B.Cu
  6
CONTINUOUS
100
AcDbLine
 10
160.9375550000000032
 20
-134.9209400000000016
 30
0
 11
160.7452869999999905
 21
-134.9591849999999909
 31
0
  0
LINE
  5
21B
330
1A
100
AcDbEntity
  8
B.Cu
  6
CONTINUOUS
100
AcDbLine
 10
160.7452869999999905
 20
-134.9591849999999909
 30
0
 11
160.6472699999999918
 21
-134.9639999999999986
 31
0
  0
LINE
  5
21C
330
1A
100
AcDbEntity
  8
B.Cu
  6
CONTINUOUS
100
AcDbLine
 10
160.6472699999999918
 20
-134.9639999999999986
 30
0
 11
144.2339999999999804
 21
-134.9639999999999986
 31
0
  0
LINE
  5
21D
330
1A
100
AcDbEntity
  8
B.Cu
  6
CONTINUOUS
100
AcDbLine
 10
144.2339999999999804
 20
-134.9639999999999986
 30
0
 11
144.1359829999999818
 21
-134.9591849999999909
 31
0
  0
LINE
  5
21E
330
1A
100
AcDbEntity
  8
B.Cu
  6
CONTINUOUS
100
AcDbLine
 10
144.1359829999999818
 20
-134.9591849999999909
 30
0
 11
143.9437149999999974
 21
-134.9209400000000016
 31
0
  0
LINE
  5
21F
330
1A
100
AcDbEntity
  8
B.Cu
  6
CONTINUOUS
100
AcDbLine
 10
143.9437149999999974
 20
-134.9209400000000016
 30
0
 11
143.7626029999999844
 21
-134.8459210000000041
 31
0
  0
LINE
  5
220
330
1A
100
AcDbEntity
  8
B.Cu
  6
CONTINUOUS
100
AcDbLine
 10
143.7626029999999844
 20
-134.8459210000000041
 30
0
 11
143.5996059999999943
 21
-134.7370099999999979
 31
0
  0
LINE
  5
221
330
1A
100
AcDbEntity
  8
B.Cu
  6
CONTINUOUS
100
AcDbLine
 10
143.5996059999999943
 20
-134.7370099999999979
 30
0
 11
143.5268930000000012
 21
-134.6711059999999804
 31
0
  0
LINE
  5
222
330
1A
100
AcDbEntity
  8
B.Cu
  6
CONTINUOUS
100
AcDbLine
 10
143.5268930000000012
 20
-134.6711059999999804
 30
0
 11
141.9278929999999832
 21
-133.0721069999999884
 31
0
  0
LINE
  5
223
330
1A
100
AcDbEntity
  8
B.Cu
  6
CONTINUOUS
100
AcDbLine
 10
141.9278929999999832
 20
-133.0721069999999884
 30
0
 11
139.6657859999999971
 21
-130.8100000000000023
 31
0
  0
LINE
  5
224
330
1A
100
AcDbEntity
  8
B.Cu
  6
CONTINUOUS
100
AcDbLine
 10
139.6657859999999971
 20
-130.8100000000000023
 30
0
 11
130.460000000000008
 21
-130.8100000000000023
 31
0
  0
LINE
  5
225
330
1A
100
AcDbEntity
  8
B.Cu
  6
CONTINUOUS
100
AcDbLine
 10
130.460000000000008
 20
-130.8100000000000023
 30
0
 11
130.3619829999999808
 21
-130.8051849999999945
 31
0
  0
LINE
  5
226
330
1A
100
AcDbEntity
  8
B.Cu
  6
CONTINUOUS
100
AcDbLine
 10
130.3619829999999808
 20
-130.8051849999999945
 30
0
 11
130.1697149999999965
 21
-130.7669400000000053
 31
0
  0
LINE
  5
227
330
1A
100
AcDbEntity
  8
B.Cu
  6
CONTINUOUS
100
AcDbLine
 10
130.1697149999999965
 20
-130.7669400000000053
 30
0
 11
129.9886029999999835
 21
-130.6919210000000078
 31
0
  0
LINE
  5
228
330
1A
100
AcDbEntity
  8
B.Cu
  6
CONTINUOUS
100
AcDbLine
 10
129.9886029999999835
 20
-130.6919210000000078
 30
0
 11
129.8480659999999887
 21
-130.5980169999999987
 31
0
  0
LINE
  5
229
330
1A
100
AcDbEntity
  8
B.Cu
  6
CONTINUOUS
100
AcDbLine
 10
129.8480659999999887
 20
-130.5980169999999987
 30
0
 11
129.8256059999999934
 21
-130.5830100000000016
 31
0
  0
LINE
  5
22A
330
1A
100
AcDbEntity
  8
B.Cu
  6
CONTINUOUS
100
AcDbLine
 10
129.8256059999999934
 20
-130.5830100000000016
 30
0
 11
129.7528930000000003
 21
-130.5171069999999816
 31
0
  0
LINE
  5
22B
330
1A
100
AcDbEntity
  8
B.Cu
  6
CONTINUOUS
100
AcDbLine
 10
129.7528930000000003
 20
-130.5171069999999816
 30
0
 11
115.2928929999999923
 21
-116.0571069999999878
 31
0
  0
LINE
  5
22C
330
1A
100
AcDbEntity
  8
B.Cu
  6
CONTINUOUS
100
AcDbLine
 10
115.2928929999999923
 20
-116.0571069999999878
 30
0
 11
115.226988999999989
 21
-115.9843939999999947
 31
0
  0
LINE
  5
22D
330
1A
100
AcDbEntity
  8
B.Cu
  6
CONTINUOUS
100
AcDbLine
 10
115.226988999999989
 20
-115.9843939999999947
 30
0
 11
115.1408659999999884
 21
-115.8554999999999922
 31
0
  0
LINE
  5
22E
330
1A
100
AcDbEntity
  8
B.Cu
  6
CONTINUOUS
100
AcDbLine
 10
115.1408659999999884
 20
-115.8554999999999922
 30
0
 11
115.1180789999999945
 21
-115.8213969999999904
 31
0
  0
LINE
  5
22F
330
1A
100
AcDbEntity
  8
B.Cu
  6
CONTINUOUS
100
AcDbLine
 10
115.1180789999999945
 20
-115.8213969999999904
 30
0
 11
115.043059999999997
 21
-115.6402849999999916
 31
0
  0
LINE
  5
230
330
1A
100
AcDbEntity
  8
B.Cu
  6
CONTINUOUS
100
AcDbLine
 10
115.043059999999997
 20
-115.6402849999999916
 30
0
 11
115.0048149999999936
 21
-115.448016999999993
 31
0
  0
LINE
  5
231
330
1A
100
AcDbEntity
  8
B.Cu
  6
CONTINUOUS
100
AcDbLine
 10
115.0048149999999936
 20
-115.448016999999993
 30
0
 11
115.
 21
-115.3499999999999943
 31
0
  0
LINE
  5
232
330
1A
100
AcDbEntity
  8
B.Cu
  6
CONTINUOUS
100
AcDbLine
 10
115.
 20
-115.3499999999999943
 30
0
 11
115.
 21
-99.25
 31
0
  0
LINE
  5
233
330
1A
100
AcDbEntity
  8
B.Cu
  6
CONTINUOUS
100
AcDbLine
 10
115.
 20
-99.25
 30
0
 11
114.1499999999999915
 21
-99.25
 31
0
  0
LINE
  5
234
330
1A
100
AcDbEntity
  8
B.Cu
  6
CONTINUOUS
100
AcDbLine
 10
114.1499999999999915
 20
-99.25
 30
0
 11
114.1499999999999915
 21
-94.75
 31
0
  0
LINE
  5
235
330
1A
100
AcDbEntity
  8
B.Cu
  6
CONTINUOUS
100
AcDbLine
 10
114.1499999999999915
 20
-94.75
 30
0
 11
119.8499999999999943
 21
-94.75
 31
0
  0
LINE
  5
236
330
1A
100
AcDbEntity
  8
B.Cu
  6
CONTINUOUS
100
AcDbLine
 10
119.8499999999999943
 20
-94.75
 30
0
 11
119.8499999999999943
 21
-99.25
 31
0
  0
LINE
  5
237
330
1A
100
AcDbEntity
  8
B.Cu
  6
CONTINUOUS
100
AcDbLine
 10
138.6805569999999932
 20
-126.8694539999999904
 30
0
 11
138.7613389999999924
 21
-126.9234299999999962
 31
0
  0
LINE
  5
238
330
1A
100
AcDbEntity
  8
B.Cu
  6
CONTINUOUS
100
AcDbLine
 10
138.7613389999999924
 20
-126.9234299999999962
 30
0
 11
138.8153149999999982
 21
-127.0042119999999954
 31
0
  0
LINE
  5
239
330
1A
100
AcDbEntity
  8
B.Cu
  6
CONTINUOUS
100
AcDbLine
 10
138.8153149999999982
 20
-127.0042119999999954
 30
0
 11
138.8342690000000061
 21
-127.0994999999999919
 31
0
  0
LINE
  5
23A
330
1A
100
AcDbEntity
  8
B.Cu
  6
CONTINUOUS
100
AcDbLine
 10
138.8342690000000061
 20
-127.0994999999999919
 30
0
 11
138.8312039999999854
 21
-127.1384499999999917
 31
0
  0
LINE
  5
23B
330
1A
100
AcDbEntity
  8
B.Cu
  6
CONTINUOUS
100
AcDbLine
 10
138.8312039999999854
 20
-127.1384499999999917
 30
0
 11
138.8259999999999934
 21
-127.1713039999999921
 31
0
  0
LINE
  5
23C
330
1A
100
AcDbEntity
  8
B.Cu
  6
CONTINUOUS
100
AcDbLine
 10
138.8259999999999934
 20
-127.1713039999999921
 30
0
 11
138.8259999999999934
 21
-127.3686869999999942
 31
0
  0
LINE
  5
23D
330
1A
100
AcDbEntity
  8
B.Cu
  6
CONTINUOUS
100
AcDbLine
 10
138.8259999999999934
 20
-127.3686869999999942
 30
0
 11
138.8260009999999909
 21
-127.3687029999999965
 31
0
  0
LINE
  5
23E
330
1A
100
AcDbEntity
  8
B.Cu
  6
CONTINUOUS
100
AcDbLine
 10
138.8260009999999909
 20
-127.3687029999999965
 30
0
 11
138.8568750000000023
 21
-127.5636399999999924
 31
0
  0
LINE
  5
23F
330
1A
100
AcDbEntity
  8
B.Cu
  6
CONTINUOUS
100
AcDbLine
 10
138.8568750000000023
 20
-127.5636399999999924
 30
0
 11
138.8568769999999972
 21
-127.5636459999999914
 31
0
  0
LINE
  5
240
330
1A
100
AcDbEntity
  8
B.Cu
  6
CONTINUOUS
100
AcDbLine
 10
138.8568769999999972
 20
-127.5636459999999914
 30
0
 11
138.9178699999999935
 21
-127.7513639999999953
 31
0
  0
LINE
  5
241
330
1A
100
AcDbEntity
  8
B.Cu
  6
CONTINUOUS
100
AcDbLine
 10
138.9178699999999935
 20
-127.7513639999999953
 30
0
 11
138.9178739999999834
 21
-127.751373000000001
 31
0
  0
LINE
  5
242
330
1A
100
AcDbEntity
  8
B.Cu
  6
CONTINUOUS
100
AcDbLine
 10
138.9178739999999834
 20
-127.751373000000001
 30
0
 11
139.0074819999999818
 21
-127.9272390000000001
 31
0
  0
LINE
  5
243
330
1A
100
AcDbEntity
  8
B.Cu
  6
CONTINUOUS
100
AcDbLine
 10
139.0074819999999818
 20
-127.9272390000000001
 30
0
 11
139.0094200000000058
 21
-127.9304009999999892
 31
0
  0
LINE
  5
244
330
1A
100
AcDbEntity
  8
B.Cu
  6
CONTINUOUS
100
AcDbLine
 10
139.0094200000000058
 20
-127.9304009999999892
 30
0
 11
139.0102760000000046
 21
-127.9327219999999983
 31
0
  0
LINE
  5
245
330
1A
100
AcDbEntity
  8
B.Cu
  6
CONTINUOUS
100
AcDbLine
 10
139.0102760000000046
 20
-127.9327219999999983
 30
0
 11
139.0119239999999934
 21
-127.9359559999999902
 31
0
  0
LINE
  5
246
330
1A
100
AcDbEntity
  8
B.Cu
  6
CONTINUOUS
100
AcDbLine
 10
139.0119239999999934
 20
-127.9359559999999902
 30
0
 11
139.011540999999994
 21
-127.9361509999999953
 31
0
  0
LINE
  5
247
330
1A
100
AcDbEntity
  8
B.Cu
  6
CONTINUOUS
100
AcDbLine
 10
139.011540999999994
 20
-127.9361509999999953
 30
0
 11
139.0430460000000039
 21
-128.0215509999999881
 31
0
  0
LINE
  5
248
330
1A
100
AcDbEntity
  8
B.Cu
  6
CONTINUOUS
100
AcDbLine
 10
139.0430460000000039
 20
-128.0215509999999881
 30
0
 11
139.0392300000000034
 21
-128.1186309999999935
 31
0
  0
LINE
  5
249
330
1A
100
AcDbEntity
  8
B.Cu
  6
CONTINUOUS
100
AcDbLine
 10
139.0392300000000034
 20
-128.1186309999999935
 30
0
 11
138.9985539999999844
 21
-128.2068610000000035
 31
0
  0
LINE
  5
24A
330
1A
100
AcDbEntity
  8
B.Cu
  6
CONTINUOUS
100
AcDbLine
 10
138.9985539999999844
 20
-128.2068610000000035
 30
0
 11
138.9272100000000023
 21
-128.2728089999999952
 31
0
  0
LINE
  5
24B
330
1A
100
AcDbEntity
  8
B.Cu
  6
CONTINUOUS
100
AcDbLine
 10
138.9272100000000023
 20
-128.2728089999999952
 30
0
 11
138.8360600000000034
 21
-128.3064349999999934
 31
0
  0
LINE
  5
24C
330
1A
100
AcDbEntity
  8
B.Cu
  6
CONTINUOUS
100
AcDbLine
 10
138.8360600000000034
 20
-128.3064349999999934
 30
0
 11
138.797111000000001
 21
-128.3094999999999857
 31
0
  0
LINE
  5
24D
330
1A
100
AcDbEntity
  8
B.Cu
  6
CONTINUOUS
100
AcDbLine
 10
138.797111000000001
 20
-128.3094999999999857
 30
0
 11
131.1846669999999904
 21
-128.3094999999999857
 31
0
  0
LINE
  5
24E
330
1A
100
AcDbEntity
  8
B.Cu
  6
CONTINUOUS
100
AcDbLine
 10
131.1846669999999904
 20
-128.3094999999999857
 30
0
 11
131.0893790000000081
 21
-128.2905460000000062
 31
0
  0
LINE
  5
24F
330
1A
100
AcDbEntity
  8
B.Cu
  6
CONTINUOUS
100
AcDbLine
 10
131.0893790000000081
 20
-128.2905460000000062
 30
0
 11
131.0085969999999804
 21
-128.2365700000000004
 31
0
  0
LINE
  5
250
330
1A
100
AcDbEntity
  8
B.Cu
  6
CONTINUOUS
100
AcDbLine
 10
131.0085969999999804
 20
-128.2365700000000004
 30
0
 11
130.397595999999993
 21
-127.6255689999999987
 31
0
  0
LINE
  5
251
330
1A
100
AcDbEntity
  8
B.Cu
  6
CONTINUOUS
100
AcDbLine
 10
130.397595999999993
 20
-127.6255689999999987
 30
0
 11
130.3436199999999872
 21
-127.5447869999999995
 31
0
  0
LINE
  5
252
330
1A
100
AcDbEntity
  8
B.Cu
  6
CONTINUOUS
100
AcDbLine
 10
130.3436199999999872
 20
-127.5447869999999995
 30
0
 11
130.3246660000000077
 21
-127.4494989999999888
 31
0
  0
LINE
  5
253
330
1A
100
AcDbEntity
  8
B.Cu
  6
CONTINUOUS
100
AcDbLine
 10
130.3246660000000077
 20
-127.4494989999999888
 30
0
 11
130.3436199999999872
 21
-127.3542109999999923
 31
0
  0
LINE
  5
254
330
1A
100
AcDbEntity
  8
B.Cu
  6
CONTINUOUS
100
AcDbLine
 10
130.3436199999999872
 20
-127.3542109999999923
 30
0
 11
130.397595999999993
 21
-127.273428999999993
 31
0
  0
LINE
  5
255
330
1A
100
AcDbEntity
  8
B.Cu
  6
CONTINUOUS
100
AcDbLine
 10
130.397595999999993
 20
-127.273428999999993
 30
0
 11
130.4783779999999922
 21
-127.2194529999999872
 31
0
  0
LINE
  5
256
330
1A
100
AcDbEntity
  8
B.Cu
  6
CONTINUOUS
100
AcDbLine
 10
130.4783779999999922
 20
-127.2194529999999872
 30
0
 11
130.5736660000000029
 21
-127.2004989999999935
 31
0
  0
LINE
  5
257
330
1A
100
AcDbEntity
  8
B.Cu
  6
CONTINUOUS
100
AcDbLine
 10
130.5736660000000029
 20
-127.2004989999999935
 30
0
 11
131.4978659999999877
 21
-127.2004989999999935
 31
0
  0
LINE
  5
258
330
1A
100
AcDbEntity
  8
B.Cu
  6
CONTINUOUS
100
AcDbLine
 10
131.4978659999999877
 20
-127.2004989999999935
 30
0
 11
131.497872000000001
 21
-127.2004989999999935
 31
0
  0
LINE
  5
259
330
1A
100
AcDbEntity
  8
B.Cu
  6
CONTINUOUS
100
AcDbLine
 10
131.497872000000001
 20
-127.2004989999999935
 30
0
 11
131.5574829999999906
 21
-127.1940910000000002
 31
0
  0
LINE
  5
25A
330
1A
100
AcDbEntity
  8
B.Cu
  6
CONTINUOUS
100
AcDbLine
 10
131.5574829999999906
 20
-127.1940910000000002
 30
0
 11
131.6923309999999958
 21
-127.1437959999999947
 31
0
  0
LINE
  5
25B
330
1A
100
AcDbEntity
  8
B.Cu
  6
CONTINUOUS
100
AcDbLine
 10
131.6923309999999958
 20
-127.1437959999999947
 30
0
 11
131.8075460000000021
 21
-127.0575459999999879
 31
0
  0
LINE
  5
25C
330
1A
100
AcDbEntity
  8
B.Cu
  6
CONTINUOUS
100
AcDbLine
 10
131.8075460000000021
 20
-127.0575459999999879
 30
0
 11
131.8878459999999961
 21
-126.9502779999999973
 31
0
  0
LINE
  5
25D
330
1A
100
AcDbEntity
  8
B.Cu
  6
CONTINUOUS
100
AcDbLine
 10
131.8878459999999961
 20
-126.9502779999999973
 30
0
 11
131.9601240000000075
 21
-126.8853559999999874
 31
0
  0
LINE
  5
25E
330
1A
100
AcDbEntity
  8
B.Cu
  6
CONTINUOUS
100
AcDbLine
 10
131.9601240000000075
 20
-126.8853559999999874
 30
0
 11
132.0517449999999826
 21
-126.8530339999999939
 31
0
  0
LINE
  5
25F
330
1A
100
AcDbEntity
  8
B.Cu
  6
CONTINUOUS
100
AcDbLine
 10
132.0517449999999826
 20
-126.8530339999999939
 30
0
 11
132.0871799999999894
 21
-126.8504999999999967
 31
0
  0
LINE
  5
260
330
1A
100
AcDbEntity
  8
B.Cu
  6
CONTINUOUS
100
AcDbLine
 10
132.0871799999999894
 20
-126.8504999999999967
 30
0
 11
138.5852689999999825
 21
-126.8504999999999967
 31
0
  0
LINE
  5
261
330
1A
100
AcDbEntity
  8
B.Cu
  6
CONTINUOUS
100
AcDbLine
 10
138.5852689999999825
 20
-126.8504999999999967
 30
0
 11
138.6805569999999932
 21
-126.8694539999999904
 31
0
  0
LINE
  5
262
330
1A
100
AcDbEntity
  8
B.Cu
  6
CONTINUOUS
100
AcDbLine
 10
140.2988749999999811
 20
-124.008466999999996
 30
0
 11
140.4354329999999891
 21
-124.0650309999999905
 31
0
  0
LINE
  5
263
330
1A
100
AcDbEntity
  8
B.Cu
  6
CONTINUOUS
100
AcDbLine
 10
140.4354329999999891
 20
-124.0650309999999905
 30
0
 11
140.5583330000000046
 21
-124.1471499999999963
 31
0
  0
LINE
  5
264
330
1A
100
AcDbEntity
  8
B.Cu
  6
CONTINUOUS
100
AcDbLine
 10
140.5583330000000046
 20
-124.1471499999999963
 30
0
 11
140.6628499999999917
 21
-124.2516669999999976
 31
0
  0
LINE
  5
265
330
1A
100
AcDbEntity
  8
B.Cu
  6
CONTINUOUS
100
AcDbLine
 10
140.6628499999999917
 20
-124.2516669999999976
 30
0
 11
140.7449689999999975
 21
-124.374566999999999
 31
0
  0
LINE
  5
266
330
1A
100
AcDbEntity
  8
B.Cu
  6
CONTINUOUS
100
AcDbLine
 10
140.7449689999999975
 20
-124.374566999999999
 30
0
 11
140.8015330000000063
 21
-124.5111249999999927
 31
0
  0
LINE
  5
267
330
1A
100
AcDbEntity
  8
B.Cu
  6
CONTINUOUS
100
AcDbLine
 10
140.8015330000000063
 20
-124.5111249999999927
 30
0
 11
140.8303689999999904
 21
-124.6560949999999934
 31
0
  0
LINE
  5
268
330
1A
100
AcDbEntity
  8
B.Cu
  6
CONTINUOUS
100
AcDbLine
 10
140.8303689999999904
 20
-124.6560949999999934
 30
0
 11
140.8303689999999904
 21
-124.8039050000000003
 31
0
  0
LINE
  5
269
330
1A
100
AcDbEntity
  8
B.Cu
  6
CONTINUOUS
100
AcDbLine
 10
140.8303689999999904
 20
-124.8039050000000003
 30
0
 11
140.8015330000000063
 21
-124.948875000000001
 31
0
  0
LINE
  5
26A
330
1A
100
AcDbEntity
  8
B.Cu
  6
CONTINUOUS
100
AcDbLine
 10
140.8015330000000063
 20
-124.948875000000001
 30
0
 11
140.7449689999999975
 21
-125.0854329999999948
 31
0
  0
LINE
  5
26B
330
1A
100
AcDbEntity
  8
B.Cu
  6
CONTINUOUS
100
AcDbLine
 10
140.7449689999999975
 20
-125.0854329999999948
 30
0
 11
140.6628499999999917
 21
-125.2083329999999961
 31
0
  0
LINE
  5
26C
330
1A
100
AcDbEntity
  8
B.Cu
  6
CONTINUOUS
100
AcDbLine
 10
140.6628499999999917
 20
-125.2083329999999961
 30
0
 11
140.5583330000000046
 21
-125.3128499999999974
 31
0
  0
LINE
  5
26D
330
1A
100
AcDbEntity
  8
B.Cu
  6
CONTINUOUS
100
AcDbLine
 10
140.5583330000000046
 20
-125.3128499999999974
 30
0
 11
140.4354329999999891
 21
-125.394968999999989
 31
0
  0
LINE
  5
26E
330
1A
100
AcDbEntity
  8
B.Cu
  6
CONTINUOUS
100
AcDbLine
 10
140.4354329999999891
 20
-125.394968999999989
 30
0
 11
140.2988749999999811
 21
-125.4515329999999977
 31
0
  0
LINE
  5
26F
330
1A
100
AcDbEntity
  8
B.Cu
  6
CONTINUOUS
100
AcDbLine
 10
140.2988749999999811
 20
-125.4515329999999977
 30
0
 11
140.1539049999999804
 21
-125.480368999999996
 31
0
  0
LINE
  5
270
330
1A
100
AcDbEntity
  8
B.Cu
  6
CONTINUOUS
100
AcDbLine
 10
140.1539049999999804
 20
-125.480368999999996
 30
0
 11
140.0367379999999855
 21
-125.480368999999996
 31
0
  0
LINE
  5
271
330
1A
100
AcDbEntity
  8
B.Cu
  6
CONTINUOUS
100
AcDbLine
 10
140.0367379999999855
 20
-125.480368999999996
 30
0
 11
139.3135529999999846
 21
-126.2035529999999994
 31
0
  0
LINE
  5
272
330
1A
100
AcDbEntity
  8
B.Cu
  6
CONTINUOUS
100
AcDbLine
 10
139.3135529999999846
 20
-126.2035529999999994
 30
0
 11
139.264396000000005
 21
-126.2466609999999889
 31
0
  0
LINE
  5
273
330
1A
100
AcDbEntity
  8
B.Cu
  6
CONTINUOUS
100
AcDbLine
 10
139.264396000000005
 20
-126.2466609999999889
 30
0
 11
139.264380999999986
 21
-126.2466769999999912
 31
0
  0
LINE
  5
274
330
1A
100
AcDbEntity
  8
B.Cu
  6
CONTINUOUS
100
AcDbLine
 10
139.264380999999986
 20
-126.2466769999999912
 30
0
 11
139.1513419999999996
 21
-126.3119399999999928
 31
0
  0
LINE
  5
275
330
1A
100
AcDbEntity
  8
B.Cu
  6
CONTINUOUS
100
AcDbLine
 10
139.1513419999999996
 20
-126.3119399999999928
 30
0
 11
139.0252629999999954
 21
-126.3457229999999925
 31
0
  0
LINE
  5
276
330
1A
100
AcDbEntity
  8
B.Cu
  6
CONTINUOUS
100
AcDbLine
 10
139.0252629999999954
 20
-126.3457229999999925
 30
0
 11
139.0252480000000048
 21
-126.3457229999999925
 31
0
  0
LINE
  5
277
330
1A
100
AcDbEntity
  8
B.Cu
  6
CONTINUOUS
100
AcDbLine
 10
139.0252480000000048
 20
-126.3457229999999925
 30
0
 11
138.9599999999999795
 21
-126.3499999999999943
 31
0
  0
LINE
  5
278
330
1A
100
AcDbEntity
  8
B.Cu
  6
CONTINUOUS
100
AcDbLine
 10
138.9599999999999795
 20
-126.3499999999999943
 30
0
 11
131.4499999999999886
 21
-126.3499999999999943
 31
0
  0
LINE
  5
279
330
1A
100
AcDbEntity
  8
B.Cu
  6
CONTINUOUS
100
AcDbLine
 10
131.4499999999999886
 20
-126.3499999999999943
 30
0
 11
131.4499999999999886
 21
-126.6999999999999886
 31
0
  0
LINE
  5
27A
330
1A
100
AcDbEntity
  8
B.Cu
  6
CONTINUOUS
100
AcDbLine
 10
131.4499999999999886
 20
-126.6999999999999886
 30
0
 11
129.75
 21
-126.6999999999999886
 31
0
  0
LINE
  5
27B
330
1A
100
AcDbEntity
  8
B.Cu
  6
CONTINUOUS
100
AcDbLine
 10
129.75
 20
-126.6999999999999886
 30
0
 11
129.75
 21
-125.
 31
0
  0
LINE
  5
27C
330
1A
100
AcDbEntity
  8
B.Cu
  6
CONTINUOUS
100
AcDbLine
 10
129.75
 20
-125.
 30
0
 11
131.4499999999999886
 21
-125.
 31
0
  0
LINE
  5
27D
330
1A
100
AcDbEntity
  8
B.Cu
  6
CONTINUOUS
100
AcDbLine
 10
131.4499999999999886
 20
-125.
 30
0
 11
131.4499999999999886
 21
-125.3499999999999943
 31
0
  0
LINE
  5
27E
330
1A
100
AcDbEntity
  8
B.Cu
  6
CONTINUOUS
100
AcDbLine
 10
131.4499999999999886
 20
-125.3499999999999943
 30
0
 11
138.7528939999999977
 21
-125.3499999999999943
 31
0
  0
LINE
  5
27F
330
1A
100
AcDbEntity
  8
B.Cu
  6
CONTINUOUS
100
AcDbLine
 10
138.7528939999999977
 20
-125.3499999999999943
 30
0
 11
139.3296310000000062
 21
-124.7732619999999883
 31
0
  0
LINE
  5
280
330
1A
100
AcDbEntity
  8
B.Cu
  6
CONTINUOUS
100
AcDbLine
 10
139.3296310000000062
 20
-124.7732619999999883
 30
0
 11
139.3296310000000062
 21
-124.6560949999999934
 31
0
  0
LINE
  5
281
330
1A
100
AcDbEntity
  8
B.Cu
  6
CONTINUOUS
100
AcDbLine
 10
139.3296310000000062
 20
-124.6560949999999934
 30
0
 11
139.3584669999999903
 21
-124.5111249999999927
 31
0
  0
LINE
  5
282
330
1A
100
AcDbEntity
  8
B.Cu
  6
CONTINUOUS
100
AcDbLine
 10
139.3584669999999903
 20
-124.5111249999999927
 30
0
 11
139.415030999999999
 21
-124.374566999999999
 31
0
  0
LINE
  5
283
330
1A
100
AcDbEntity
  8
B.Cu
  6
CONTINUOUS
100
AcDbLine
 10
139.415030999999999
 20
-124.374566999999999
 30
0
 11
139.4971500000000049
 21
-124.2516669999999976
 31
0
  0
LINE
  5
284
330
1A
100
AcDbEntity
  8
B.Cu
  6
CONTINUOUS
100
AcDbLine
 10
139.4971500000000049
 20
-124.2516669999999976
 30
0
 11
139.601666999999992
 21
-124.1471499999999963
 31
0
  0
LINE
  5
285
330
1A
100
AcDbEntity
  8
B.Cu
  6
CONTINUOUS
100
AcDbLine
 10
139.601666999999992
 20
-124.1471499999999963
 30
0
 11
139.7245670000000075
 21
-124.0650309999999905
 31
0
  0
LINE
  5
286
330
1A
100
AcDbEntity
  8
B.Cu
  6
CONTINUOUS
100
AcDbLine
 10
139.7245670000000075
 20
-124.0650309999999905
 30
0
 11
139.861124999999987
 21
-124.008466999999996
 31
0
  0
LINE
  5
287
330
1A
100
AcDbEntity
  8
B.Cu
  6
CONTINUOUS
100
AcDbLine
 10
139.861124999999987
 20
-124.008466999999996
 30
0
 11
140.0060949999999877
 21
-123.9796309999999977
 31
0
  0
LINE
  5
288
330
1A
100
AcDbEntity
  8
B.Cu
  6
CONTINUOUS
100
AcDbLine
 10
140.0060949999999877
 20
-123.9796309999999977
 30
0
 11
140.1539049999999804
 21
-123.9796309999999977
 31
0
  0
LINE
  5
289
330
1A
100
AcDbEntity
  8
B.Cu
  6
CONTINUOUS
100
AcDbLine
 10
140.1539049999999804
 20
-123.9796309999999977
 30
0
 11
140.2988749999999811
 21
-124.008466999999996
 31
0
  0
LINE
  5
28A
330
1A
100
AcDbEntity
  8
B.Cu
  6
CONTINUOUS
100
AcDbLine
 10
130.8467420000000061
 20
-122.4966009999999983
 30
0
 11
131.0006869999999992
 21
-122.5603669999999994
 31
0
  0
LINE
  5
28B
330
1A
100
AcDbEntity
  8
B.Cu
  6
CONTINUOUS
100
AcDbLine
 10
131.0006869999999992
 20
-122.5603669999999994
 30
0
 11
131.1392339999999876
 21
-122.6529409999999984
 31
0
  0
LINE
  5
28C
330
1A
100
AcDbEntity
  8
B.Cu
  6
CONTINUOUS
100
AcDbLine
 10
131.1392339999999876
 20
-122.6529409999999984
 30
0
 11
131.2570589999999982
 21
-122.7707659999999947
 31
0
  0
LINE
  5
28D
330
1A
100
AcDbEntity
  8
B.Cu
  6
CONTINUOUS
100
AcDbLine
 10
131.2570589999999982
 20
-122.7707659999999947
 30
0
 11
131.349632999999983
 21
-122.9093129999999974
 31
0
  0
LINE
  5
28E
330
1A
100
AcDbEntity
  8
B.Cu
  6
CONTINUOUS
100
AcDbLine
 10
131.349632999999983
 20
-122.9093129999999974
 30
0
 11
131.4133989999999983
 21
-123.0632579999999905
 31
0
  0
LINE
  5
28F
330
1A
100
AcDbEntity
  8
B.Cu
  6
CONTINUOUS
100
AcDbLine
 10
131.4133989999999983
 20
-123.0632579999999905
 30
0
 11
131.4459070000000054
 21
-123.2266849999999891
 31
0
  0
LINE
  5
290
330
1A
100
AcDbEntity
  8
B.Cu
  6
CONTINUOUS
100
AcDbLine
 10
131.4459070000000054
 20
-123.2266849999999891
 30
0
 11
131.4459070000000054
 21
-123.3933150000000012
 31
0
  0
LINE
  5
291
330
1A
100
AcDbEntity
  8
B.Cu
  6
CONTINUOUS
100
AcDbLine
 10
131.4459070000000054
 20
-123.3933150000000012
 30
0
 11
131.4133989999999983
 21
-123.5567419999999998
 31
0
  0
LINE
  5
292
330
1A
100
AcDbEntity
  8
B.Cu
  6
CONTINUOUS
100
AcDbLine
 10
131.4133989999999983
 20
-123.5567419999999998
 30
0
 11
131.349632999999983
 21
-123.710686999999993
 31
0
  0
LINE
  5
293
330
1A
100
AcDbEntity
  8
B.Cu
  6
CONTINUOUS
100
AcDbLine
 10
131.349632999999983
 20
-123.710686999999993
 30
0
 11
131.2570589999999982
 21
-123.8492339999999956
 31
0
  0
LINE
  5
294
330
1A
100
AcDbEntity
  8
B.Cu
  6
CONTINUOUS
100
AcDbLine
 10
131.2570589999999982
 20
-123.8492339999999956
 30
0
 11
131.1392339999999876
 21
-123.9670589999999919
 31
0
  0
LINE
  5
295
330
1A
100
AcDbEntity
  8
B.Cu
  6
CONTINUOUS
100
AcDbLine
 10
131.1392339999999876
 20
-123.9670589999999919
 30
0
 11
131.0006869999999992
 21
-124.0596329999999909
 31
0
  0
LINE
  5
296
330
1A
100
AcDbEntity
  8
B.Cu
  6
CONTINUOUS
100
AcDbLine
 10
131.0006869999999992
 20
-124.0596329999999909
 30
0
 11
130.8467420000000061
 21
-124.123398999999992
 31
0
  0
LINE
  5
297
330
1A
100
AcDbEntity
  8
B.Cu
  6
CONTINUOUS
100
AcDbLine
 10
130.8467420000000061
 20
-124.123398999999992
 30
0
 11
130.6833149999999932
 21
-124.1559069999999991
 31
0
  0
LINE
  5
298
330
1A
100
AcDbEntity
  8
B.Cu
  6
CONTINUOUS
100
AcDbLine
 10
130.6833149999999932
 20
-124.1559069999999991
 30
0
 11
130.5166849999999954
 21
-124.1559069999999991
 31
0
  0
LINE
  5
299
330
1A
100
AcDbEntity
  8
B.Cu
  6
CONTINUOUS
100
AcDbLine
 10
130.5166849999999954
 20
-124.1559069999999991
 30
0
 11
130.3532579999999825
 21
-124.123398999999992
 31
0
  0
LINE
  5
29A
330
1A
100
AcDbEntity
  8
B.Cu
  6
CONTINUOUS
100
AcDbLine
 10
130.3532579999999825
 20
-124.123398999999992
 30
0
 11
130.1993129999999894
 21
-124.0596329999999909
 31
0
  0
LINE
  5
29B
330
1A
100
AcDbEntity
  8
B.Cu
  6
CONTINUOUS
100
AcDbLine
 10
130.1993129999999894
 20
-124.0596329999999909
 30
0
 11
130.060766000000001
 21
-123.9670589999999919
 31
0
  0
LINE
  5
29C
330
1A
100
AcDbEntity
  8
B.Cu
  6
CONTINUOUS
100
AcDbLine
 10
130.060766000000001
 20
-123.9670589999999919
 30
0
 11
129.9429409999999905
 21
-123.8492339999999956
 31
0
  0
LINE
  5
29D
330
1A
100
AcDbEntity
  8
B.Cu
  6
CONTINUOUS
100
AcDbLine
 10
129.9429409999999905
 20
-123.8492339999999956
 30
0
 11
129.8503670000000056
 21
-123.710686999999993
 31
0
  0
LINE
  5
29E
330
1A
100
AcDbEntity
  8
B.Cu
  6
CONTINUOUS
100
AcDbLine
 10
129.8503670000000056
 20
-123.710686999999993
 30
0
 11
129.7866009999999903
 21
-123.5567419999999998
 31
0
  0
LINE
  5
29F
330
1A
100
AcDbEntity
  8
B.Cu
  6
CONTINUOUS
100
AcDbLine
 10
129.7866009999999903
 20
-123.5567419999999998
 30
0
 11
129.7540929999999832
 21
-123.3933150000000012
 31
0
  0
LINE
  5
2A0
330
1A
100
AcDbEntity
  8
B.Cu
  6
CONTINUOUS
100
AcDbLine
 10
129.7540929999999832
 20
-123.3933150000000012
 30
0
 11
129.7540929999999832
 21
-123.2266849999999891
 31
0
  0
LINE
  5
2A1
330
1A
100
AcDbEntity
  8
B.Cu
  6
CONTINUOUS
100
AcDbLine
 10
129.7540929999999832
 20
-123.2266849999999891
 30
0
 11
129.7866009999999903
 21
-123.0632579999999905
 31
0
  0
LINE
  5
2A2
330
1A
100
AcDbEntity
  8
B.Cu
  6
CONTINUOUS
100
AcDbLine
 10
129.7866009999999903
 20
-123.0632579999999905
 30
0
 11
129.8503670000000056
 21
-122.9093129999999974
 31
0
  0
LINE
  5
2A3
330
1A
100
AcDbEntity
  8
B.Cu
  6
CONTINUOUS
100
AcDbLine
 10
129.8503670000000056
 20
-122.9093129999999974
 30
0
 11
129.9429409999999905
 21
-122.7707659999999947
 31
0
  0
LINE
  5
2A4
330
1A
100
AcDbEntity
  8
B.Cu
  6
CONTINUOUS
100
AcDbLine
 10
129.9429409999999905
 20
-122.7707659999999947
 30
0
 11
130.060766000000001
 21
-122.6529409999999984
 31
0
  0
LINE
  5
2A5
330
1A
100
AcDbEntity
  8
B.Cu
  6
CONTINUOUS
100
AcDbLine
 10
130.060766000000001
 20
-122.6529409999999984
 30
0
 11
130.1993129999999894
 21
-122.5603669999999994
 31
0
  0
LINE
  5
2A6
330
1A
100
AcDbEntity
  8
B.Cu
  6
CONTINUOUS
100
AcDbLine
 10
130.1993129999999894
 20
-122.5603669999999994
 30
0
 11
130.3532579999999825
 21
-122.4966009999999983
 31
0
  0
LINE
  5
2A7
330
1A
100
AcDbEntity
  8
B.Cu
  6
CONTINUOUS
100
AcDbLine
 10
130.3532579999999825
 20
-122.4966009999999983
 30
0
 11
130.5166849999999954
 21
-122.4640929999999912
 31
0
  0
LINE
  5
2A8
330
1A
100
AcDbEntity
  8
B.Cu
  6
CONTINUOUS
100
AcDbLine
 10
130.5166849999999954
 20
-122.4640929999999912
 30
0
 11
130.6833149999999932
 21
-122.4640929999999912
 31
0
  0
LINE
  5
2A9
330
1A
100
AcDbEntity
  8
B.Cu
  6
CONTINUOUS
100
AcDbLine
 10
130.6833149999999932
 20
-122.4640929999999912
 30
0
 11
130.8467420000000061
 21
-122.4966009999999983
 31
0
  0
LINE
  5
2AA
330
1A
100
AcDbEntity
  8
B.Cu
  6
CONTINUOUS
100
AcDbLine
 10
140.2988749999999811
 20
-121.4284669999999977
 30
0
 11
140.4354329999999891
 21
-121.4850309999999922
 31
0
  0
LINE
  5
2AB
330
1A
100
AcDbEntity
  8
B.Cu
  6
CONTINUOUS
100
AcDbLine
 10
140.4354329999999891
 20
-121.4850309999999922
 30
0
 11
140.5583330000000046
 21
-121.567149999999998
 31
0
  0
LINE
  5
2AC
330
1A
100
AcDbEntity
  8
B.Cu
  6
CONTINUOUS
100
AcDbLine
 10
140.5583330000000046
 20
-121.567149999999998
 30
0
 11
140.6628499999999917
 21
-121.6716669999999993
 31
0
  0
LINE
  5
2AD
330
1A
100
AcDbEntity
  8
B.Cu
  6
CONTINUOUS
100
AcDbLine
 10
140.6628499999999917
 20
-121.6716669999999993
 30
0
 11
140.7449689999999975
 21
-121.7945670000000007
 31
0
  0
LINE
  5
2AE
330
1A
100
AcDbEntity
  8
B.Cu
  6
CONTINUOUS
100
AcDbLine
 10
140.7449689999999975
 20
-121.7945670000000007
 30
0
 11
140.8015330000000063
 21
-121.9311249999999944
 31
0
  0
LINE
  5
2AF
330
1A
100
AcDbEntity
  8
B.Cu
  6
CONTINUOUS
100
AcDbLine
 10
140.8015330000000063
 20
-121.9311249999999944
 30
0
 11
140.8303689999999904
 21
-122.0760949999999951
 31
0
  0
LINE
  5
2B0
330
1A
100
AcDbEntity
  8
B.Cu
  6
CONTINUOUS
100
AcDbLine
 10
140.8303689999999904
 20
-122.0760949999999951
 30
0
 11
140.8303689999999904
 21
-122.2239049999999878
 31
0
  0
LINE
  5
2B1
330
1A
100
AcDbEntity
  8
B.Cu
  6
CONTINUOUS
100
AcDbLine
 10
140.8303689999999904
 20
-122.2239049999999878
 30
0
 11
140.8015330000000063
 21
-122.3688749999999885
 31
0
  0
LINE
  5
2B2
330
1A
100
AcDbEntity
  8
B.Cu
  6
CONTINUOUS
100
AcDbLine
 10
140.8015330000000063
 20
-122.3688749999999885
 30
0
 11
140.7449689999999975
 21
-122.5054329999999965
 31
0
  0
LINE
  5
2B3
330
1A
100
AcDbEntity
  8
B.Cu
  6
CONTINUOUS
100
AcDbLine
 10
140.7449689999999975
 20
-122.5054329999999965
 30
0
 11
140.6628499999999917
 21
-122.6283329999999978
 31
0
  0
LINE
  5
2B4
330
1A
100
AcDbEntity
  8
B.Cu
  6
CONTINUOUS
100
AcDbLine
 10
140.6628499999999917
 20
-122.6283329999999978
 30
0
 11
140.5583330000000046
 21
-122.7328499999999991
 31
0
  0
LINE
  5
2B5
330
1A
100
AcDbEntity
  8
B.Cu
  6
CONTINUOUS
100
AcDbLine
 10
140.5583330000000046
 20
-122.7328499999999991
 30
0
 11
140.4354329999999891
 21
-122.8149689999999907
 31
0
  0
LINE
  5
2B6
330
1A
100
AcDbEntity
  8
B.Cu
  6
CONTINUOUS
100
AcDbLine
 10
140.4354329999999891
 20
-122.8149689999999907
 30
0
 11
140.2988749999999811
 21
-122.8715329999999994
 31
0
  0
LINE
  5
2B7
330
1A
100
AcDbEntity
  8
B.Cu
  6
CONTINUOUS
100
AcDbLine
 10
140.2988749999999811
 20
-122.8715329999999994
 30
0
 11
140.1539049999999804
 21
-122.9003689999999978
 31
0
  0
LINE
  5
2B8
330
1A
100
AcDbEntity
  8
B.Cu
  6
CONTINUOUS
100
AcDbLine
 10
140.1539049999999804
 20
-122.9003689999999978
 30
0
 11
140.0060949999999877
 21
-122.9003689999999978
 31
0
  0
LINE
  5
2B9
330
1A
100
AcDbEntity
  8
B.Cu
  6
CONTINUOUS
100
AcDbLine
 10
140.0060949999999877
 20
-122.9003689999999978
 30
0
 11
139.861124999999987
 21
-122.8715329999999994
 31
0
  0
LINE
  5
2BA
330
1A
100
AcDbEntity
  8
B.Cu
  6
CONTINUOUS
100
AcDbLine
 10
139.861124999999987
 20
-122.8715329999999994
 30
0
 11
139.7245670000000075
 21
-122.8149689999999907
 31
0
  0
LINE
  5
2BB
330
1A
100
AcDbEntity
  8
B.Cu
  6
CONTINUOUS
100
AcDbLine
 10
139.7245670000000075
 20
-122.8149689999999907
 30
0
 11
139.601666999999992
 21
-122.7328499999999991
 31
0
  0
LINE
  5
2BC
330
1A
100
AcDbEntity
  8
B.Cu
  6
CONTINUOUS
100
AcDbLine
 10
139.601666999999992
 20
-122.7328499999999991
 30
0
 11
139.4971500000000049
 21
-122.6283329999999978
 31
0
  0
LINE
  5
2BD
330
1A
100
AcDbEntity
  8
B.Cu
  6
CONTINUOUS
100
AcDbLine
 10
139.4971500000000049
 20
-122.6283329999999978
 30
0
 11
139.415030999999999
 21
-122.5054329999999965
 31
0
  0
LINE
  5
2BE
330
1A
100
AcDbEntity
  8
B.Cu
  6
CONTINUOUS
100
AcDbLine
 10
139.415030999999999
 20
-122.5054329999999965
 30
0
 11
139.3584669999999903
 21
-122.3688749999999885
 31
0
  0
LINE
  5
2BF
330
1A
100
AcDbEntity
  8
B.Cu
  6
CONTINUOUS
100
AcDbLine
 10
139.3584669999999903
 20
-122.3688749999999885
 30
0
 11
139.3296310000000062
 21
-122.2239049999999878
 31
0
  0
LINE
  5
2C0
330
1A
100
AcDbEntity
  8
B.Cu
  6
CONTINUOUS
100
AcDbLine
 10
139.3296310000000062
 20
-122.2239049999999878
 30
0
 11
139.3296310000000062
 21
-122.0760949999999951
 31
0
  0
LINE
  5
2C1
330
1A
100
AcDbEntity
  8
B.Cu
  6
CONTINUOUS
100
AcDbLine
 10
139.3296310000000062
 20
-122.0760949999999951
 30
0
 11
139.3584669999999903
 21
-121.9311249999999944
 31
0
  0
LINE
  5
2C2
330
1A
100
AcDbEntity
  8
B.Cu
  6
CONTINUOUS
100
AcDbLine
 10
139.3584669999999903
 20
-121.9311249999999944
 30
0
 11
139.415030999999999
 21
-121.7945670000000007
 31
0
  0
LINE
  5
2C3
330
1A
100
AcDbEntity
  8
B.Cu
  6
CONTINUOUS
100
AcDbLine
 10
139.415030999999999
 20
-121.7945670000000007
 30
0
 11
139.4971500000000049
 21
-121.6716669999999993
 31
0
  0
LINE
  5
2C4
330
1A
100
AcDbEntity
  8
B.Cu
  6
CONTINUOUS
100
AcDbLine
 10
139.4971500000000049
 20
-121.6716669999999993
 30
0
 11
139.601666999999992
 21
-121.567149999999998
 31
0
  0
LINE
  5
2C5
330
1A
100
AcDbEntity
  8
B.Cu
  6
CONTINUOUS
100
AcDbLine
 10
139.601666999999992
 20
-121.567149999999998
 30
0
 11
139.7245670000000075
 21
-121.4850309999999922
 31
0
  0
LINE
  5
2C6
330
1A
100
AcDbEntity
  8
B.Cu
  6
CONTINUOUS
100
AcDbLine
 10
139.7245670000000075
 20
-121.4850309999999922
 30
0
 11
139.861124999999987
 21
-121.4284669999999977
 31
0
  0
LINE
  5
2C7
330
1A
100
AcDbEntity
  8
B.Cu
  6
CONTINUOUS
100
AcDbLine
 10
139.861124999999987
 20
-121.4284669999999977
 30
0
 11
140.0060949999999877
 21
-121.3996309999999994
 31
0
  0
LINE
  5
2C8
330
1A
100
AcDbEntity
  8
B.Cu
  6
CONTINUOUS
100
AcDbLine
 10
140.0060949999999877
 20
-121.3996309999999994
 30
0
 11
140.1539049999999804
 21
-121.3996309999999994
 31
0
  0
LINE
  5
2C9
330
1A
100
AcDbEntity
  8
B.Cu
  6
CONTINUOUS
100
AcDbLine
 10
140.1539049999999804
 20
-121.3996309999999994
 30
0
 11
140.2988749999999811
 21
-121.4284669999999977
 31
0
  0
LINE
  5
2CA
330
1A
100
AcDbEntity
  8
B.Cu
  6
CONTINUOUS
100
AcDbLine
 10
130.8467420000000061
 20
-119.956600999999992
 30
0
 11
131.0006869999999992
 21
-120.0203669999999931
 31
0
  0
LINE
  5
2CB
330
1A
100
AcDbEntity
  8
B.Cu
  6
CONTINUOUS
100
AcDbLine
 10
131.0006869999999992
 20
-120.0203669999999931
 30
0
 11
131.1392339999999876
 21
-120.1129409999999922
 31
0
  0
LINE
  5
2CC
330
1A
100
AcDbEntity
  8
B.Cu
  6
CONTINUOUS
100
AcDbLine
 10
131.1392339999999876
 20
-120.1129409999999922
 30
0
 11
131.2570589999999982
 21
-120.2307659999999885
 31
0
  0
LINE
  5
2CD
330
1A
100
AcDbEntity
  8
B.Cu
  6
CONTINUOUS
100
AcDbLine
 10
131.2570589999999982
 20
-120.2307659999999885
 30
0
 11
131.349632999999983
 21
-120.3693129999999911
 31
0
  0
LINE
  5
2CE
330
1A
100
AcDbEntity
  8
B.Cu
  6
CONTINUOUS
100
AcDbLine
 10
131.349632999999983
 20
-120.3693129999999911
 30
0
 11
131.4133989999999983
 21
-120.5232579999999984
 31
0
  0
LINE
  5
2CF
330
1A
100
AcDbEntity
  8
B.Cu
  6
CONTINUOUS
100
AcDbLine
 10
131.4133989999999983
 20
-120.5232579999999984
 30
0
 11
131.4459070000000054
 21
-120.6866849999999971
 31
0
  0
LINE
  5
2D0
330
1A
100
AcDbEntity
  8
B.Cu
  6
CONTINUOUS
100
AcDbLine
 10
131.4459070000000054
 20
-120.6866849999999971
 30
0
 11
131.4459070000000054
 21
-120.8533149999999949
 31
0
  0
LINE
  5
2D1
330
1A
100
AcDbEntity
  8
B.Cu
  6
CONTINUOUS
100
AcDbLine
 10
131.4459070000000054
 20
-120.8533149999999949
 30
0
 11
131.4133989999999983
 21
-121.0167419999999936
 31
0
  0
LINE
  5
2D2
330
1A
100
AcDbEntity
  8
B.Cu
  6
CONTINUOUS
100
AcDbLine
 10
131.4133989999999983
 20
-121.0167419999999936
 30
0
 11
131.349632999999983
 21
-121.1706870000000009
 31
0
  0
LINE
  5
2D3
330
1A
100
AcDbEntity
  8
B.Cu
  6
CONTINUOUS
100
AcDbLine
 10
131.349632999999983
 20
-121.1706870000000009
 30
0
 11
131.2570589999999982
 21
-121.3092339999999894
 31
0
  0
LINE
  5
2D4
330
1A
100
AcDbEntity
  8
B.Cu
  6
CONTINUOUS
100
AcDbLine
 10
131.2570589999999982
 20
-121.3092339999999894
 30
0
 11
131.1392339999999876
 21
-121.4270589999999999
 31
0
  0
LINE
  5
2D5
330
1A
100
AcDbEntity
  8
B.Cu
  6
CONTINUOUS
100
AcDbLine
 10
131.1392339999999876
 20
-121.4270589999999999
 30
0
 11
131.0006869999999992
 21
-121.5196329999999989
 31
0
  0
LINE
  5
2D6
330
1A
100
AcDbEntity
  8
B.Cu
  6
CONTINUOUS
100
AcDbLine
 10
131.0006869999999992
 20
-121.5196329999999989
 30
0
 11
130.8467420000000061
 21
-121.583399
 31
0
  0
LINE
  5
2D7
330
1A
100
AcDbEntity
  8
B.Cu
  6
CONTINUOUS
100
AcDbLine
 10
130.8467420000000061
 20
-121.583399
 30
0
 11
130.6833149999999932
 21
-121.6159069999999929
 31
0
  0
LINE
  5
2D8
330
1A
100
AcDbEntity
  8
B.Cu
  6
CONTINUOUS
100
AcDbLine
 10
130.6833149999999932
 20
-121.6159069999999929
 30
0
 11
130.5166849999999954
 21
-121.6159069999999929
 31
0
  0
LINE
  5
2D9
330
1A
100
AcDbEntity
  8
B.Cu
  6
CONTINUOUS
100
AcDbLine
 10
130.5166849999999954
 20
-121.6159069999999929
 30
0
 11
130.3532579999999825
 21
-121.583399
 31
0
  0
LINE
  5
2DA
330
1A
100
AcDbEntity
  8
B.Cu
  6
CONTINUOUS
100
AcDbLine
 10
130.3532579999999825
 20
-121.583399
 30
0
 11
130.1993129999999894
 21
-121.5196329999999989
 31
0
  0
LINE
  5
2DB
330
1A
100
AcDbEntity
  8
B.Cu
  6
CONTINUOUS
100
AcDbLine
 10
130.1993129999999894
 20
-121.5196329999999989
 30
0
 11
130.060766000000001
 21
-121.4270589999999999
 31
0
  0
LINE
  5
2DC
330
1A
100
AcDbEntity
  8
B.Cu
  6
CONTINUOUS
100
AcDbLine
 10
130.060766000000001
 20
-121.4270589999999999
 30
0
 11
129.9429409999999905
 21
-121.3092339999999894
 31
0
  0
LINE
  5
2DD
330
1A
100
AcDbEntity
  8
B.Cu
  6
CONTINUOUS
100
AcDbLine
 10
129.9429409999999905
 20
-121.3092339999999894
 30
0
 11
129.8503670000000056
 21
-121.1706870000000009
 31
0
  0
LINE
  5
2DE
330
1A
100
AcDbEntity
  8
B.Cu
  6
CONTINUOUS
100
AcDbLine
 10
129.8503670000000056
 20
-121.1706870000000009
 30
0
 11
129.7866009999999903
 21
-121.0167419999999936
 31
0
  0
LINE
  5
2DF
330
1A
100
AcDbEntity
  8
B.Cu
  6
CONTINUOUS
100
AcDbLine
 10
129.7866009999999903
 20
-121.0167419999999936
 30
0
 11
129.7540929999999832
 21
-120.8533149999999949
 31
0
  0
LINE
  5
2E0
330
1A
100
AcDbEntity
  8
B.Cu
  6
CONTINUOUS
100
AcDbLine
 10
129.7540929999999832
 20
-120.8533149999999949
 30
0
 11
129.7540929999999832
 21
-120.6866849999999971
 31
0
  0
LINE
  5
2E1
330
1A
100
AcDbEntity
  8
B.Cu
  6
CONTINUOUS
100
AcDbLine
 10
129.7540929999999832
 20
-120.6866849999999971
 30
0
 11
129.7866009999999903
 21
-120.5232579999999984
 31
0
  0
LINE
  5
2E2
330
1A
100
AcDbEntity
  8
B.Cu
  6
CONTINUOUS
100
AcDbLine
 10
129.7866009999999903
 20
-120.5232579999999984
 30
0
 11
129.8503670000000056
 21
-120.3693129999999911
 31
0
  0
LINE
  5
2E3
330
1A
100
AcDbEntity
  8
B.Cu
  6
CONTINUOUS
100
AcDbLine
 10
129.8503670000000056
 20
-120.3693129999999911
 30
0
 11
129.9429409999999905
 21
-120.2307659999999885
 31
0
  0
LINE
  5
2E4
330
1A
100
AcDbEntity
  8
B.Cu
  6
CONTINUOUS
100
AcDbLine
 10
129.9429409999999905
 20
-120.2307659999999885
 30
0
 11
130.060766000000001
 21
-120.1129409999999922
 31
0
  0
LINE
  5
2E5
330
1A
100
AcDbEntity
  8
B.Cu
  6
CONTINUOUS
100
AcDbLine
 10
130.060766000000001
 20
-120.1129409999999922
 30
0
 11
130.1993129999999894
 21
-120.0203669999999931
 31
0
  0
LINE
  5
2E6
330
1A
100
AcDbEntity
  8
B.Cu
  6
CONTINUOUS
100
AcDbLine
 10
130.1993129999999894
 20
-120.0203669999999931
 30
0
 11
130.3532579999999825
 21
-119.956600999999992
 31
0
  0
LINE
  5
2E7
330
1A
100
AcDbEntity
  8
B.Cu
  6
CONTINUOUS
100
AcDbLine
 10
130.3532579999999825
 20
-119.956600999999992
 30
0
 11
130.5166849999999954
 21
-119.9240929999999992
 31
0
  0
LINE
  5
2E8
330
1A
100
AcDbEntity
  8
B.Cu
  6
CONTINUOUS
100
AcDbLine
 10
130.5166849999999954
 20
-119.9240929999999992
 30
0
 11
130.6833149999999932
 21
-119.9240929999999992
 31
0
  0
LINE
  5
2E9
330
1A
100
AcDbEntity
  8
B.Cu
  6
CONTINUOUS
100
AcDbLine
 10
130.6833149999999932
 20
-119.9240929999999992
 30
0
 11
130.8467420000000061
 21
-119.956600999999992
 31
0
  0
LINE
  5
2EA
330
1A
100
AcDbEntity
  8
B.Cu
  6
CONTINUOUS
100
AcDbLine
 10
140.2988749999999811
 20
-118.9284669999999977
 30
0
 11
140.4354329999999891
 21
-118.9850309999999922
 31
0
  0
LINE
  5
2EB
330
1A
100
AcDbEntity
  8
B.Cu
  6
CONTINUOUS
100
AcDbLine
 10
140.4354329999999891
 20
-118.9850309999999922
 30
0
 11
140.5583330000000046
 21
-119.067149999999998
 31
0
  0
LINE
  5
2EC
330
1A
100
AcDbEntity
  8
B.Cu
  6
CONTINUOUS
100
AcDbLine
 10
140.5583330000000046
 20
-119.067149999999998
 30
0
 11
140.6628499999999917
 21
-119.1716669999999993
 31
0
  0
LINE
  5
2ED
330
1A
100
AcDbEntity
  8
B.Cu
  6
CONTINUOUS
100
AcDbLine
 10
140.6628499999999917
 20
-119.1716669999999993
 30
0
 11
140.7449689999999975
 21
-119.2945670000000007
 31
0
  0
LINE
  5
2EE
330
1A
100
AcDbEntity
  8
B.Cu
  6
CONTINUOUS
100
AcDbLine
 10
140.7449689999999975
 20
-119.2945670000000007
 30
0
 11
140.8015330000000063
 21
-119.4311249999999944
 31
0
  0
LINE
  5
2EF
330
1A
100
AcDbEntity
  8
B.Cu
  6
CONTINUOUS
100
AcDbLine
 10
140.8015330000000063
 20
-119.4311249999999944
 30
0
 11
140.8303689999999904
 21
-119.5760949999999951
 31
0
  0
LINE
  5
2F0
330
1A
100
AcDbEntity
  8
B.Cu
  6
CONTINUOUS
100
AcDbLine
 10
140.8303689999999904
 20
-119.5760949999999951
 30
0
 11
140.8303689999999904
 21
-119.7239049999999878
 31
0
  0
LINE
  5
2F1
330
1A
100
AcDbEntity
  8
B.Cu
  6
CONTINUOUS
100
AcDbLine
 10
140.8303689999999904
 20
-119.7239049999999878
 30
0
 11
140.8015330000000063
 21
-119.8688749999999885
 31
0
  0
LINE
  5
2F2
330
1A
100
AcDbEntity
  8
B.Cu
  6
CONTINUOUS
100
AcDbLine
 10
140.8015330000000063
 20
-119.8688749999999885
 30
0
 11
140.7449689999999975
 21
-120.0054329999999965
 31
0
  0
LINE
  5
2F3
330
1A
100
AcDbEntity
  8
B.Cu
  6
CONTINUOUS
100
AcDbLine
 10
140.7449689999999975
 20
-120.0054329999999965
 30
0
 11
140.6628499999999917
 21
-120.1283329999999978
 31
0
  0
LINE
  5
2F4
330
1A
100
AcDbEntity
  8
B.Cu
  6
CONTINUOUS
100
AcDbLine
 10
140.6628499999999917
 20
-120.1283329999999978
 30
0
 11
140.5583330000000046
 21
-120.2328499999999991
 31
0
  0
LINE
  5
2F5
330
1A
100
AcDbEntity
  8
B.Cu
  6
CONTINUOUS
100
AcDbLine
 10
140.5583330000000046
 20
-120.2328499999999991
 30
0
 11
140.4354329999999891
 21
-120.3149689999999907
 31
0
  0
LINE
  5
2F6
330
1A
100
AcDbEntity
  8
B.Cu
  6
CONTINUOUS
100
AcDbLine
 10
140.4354329999999891
 20
-120.3149689999999907
 30
0
 11
140.2988749999999811
 21
-120.3715329999999994
 31
0
  0
LINE
  5
2F7
330
1A
100
AcDbEntity
  8
B.Cu
  6
CONTINUOUS
100
AcDbLine
 10
140.2988749999999811
 20
-120.3715329999999994
 30
0
 11
140.1539049999999804
 21
-120.4003689999999978
 31
0
  0
LINE
  5
2F8
330
1A
100
AcDbEntity
  8
B.Cu
  6
CONTINUOUS
100
AcDbLine
 10
140.1539049999999804
 20
-120.4003689999999978
 30
0
 11
140.0060949999999877
 21
-120.4003689999999978
 31
0
  0
LINE
  5
2F9
330
1A
100
AcDbEntity
  8
B.Cu
  6
CONTINUOUS
100
AcDbLine
 10
140.0060949999999877
 20
-120.4003689999999978
 30
0
 11
139.861124999999987
 21
-120.3715329999999994
 31
0
  0
LINE
  5
2FA
330
1A
100
AcDbEntity
  8
B.Cu
  6
CONTINUOUS
100
AcDbLine
 10
139.861124999999987
 20
-120.3715329999999994
 30
0
 11
139.7245670000000075
 21
-120.3149689999999907
 31
0
  0
LINE
  5
2FB
330
1A
100
AcDbEntity
  8
B.Cu
  6
CONTINUOUS
100
AcDbLine
 10
139.7245670000000075
 20
-120.3149689999999907
 30
0
 11
139.601666999999992
 21
-120.2328499999999991
 31
0
  0
LINE
  5
2FC
330
1A
100
AcDbEntity
  8
B.Cu
  6
CONTINUOUS
100
AcDbLine
 10
139.601666999999992
 20
-120.2328499999999991
 30
0
 11
139.4971500000000049
 21
-120.1283329999999978
 31
0
  0
LINE
  5
2FD
330
1A
100
AcDbEntity
  8
B.Cu
  6
CONTINUOUS
100
AcDbLine
 10
139.4971500000000049
 20
-120.1283329999999978
 30
0
 11
139.415030999999999
 21
-120.0054329999999965
 31
0
  0
LINE
  5
2FE
330
1A
100
AcDbEntity
  8
B.Cu
  6
CONTINUOUS
100
AcDbLine
 10
139.415030999999999
 20
-120.0054329999999965
 30
0
 11
139.3584669999999903
 21
-119.8688749999999885
 31
0
  0
LINE
  5
2FF
330
1A
100
AcDbEntity
  8
B.Cu
  6
CONTINUOUS
100
AcDbLine
 10
139.3584669999999903
 20
-119.8688749999999885
 30
0
 11
139.3296310000000062
 21
-119.7239049999999878
 31
0
  0
LINE
  5
300
330
1A
100
AcDbEntity
  8
B.Cu
  6
CONTINUOUS
100
AcDbLine
 10
139.3296310000000062
 20
-119.7239049999999878
 30
0
 11
139.3296310000000062
 21
-119.5760949999999951
 31
0
  0
LINE
  5
301
330
1A
100
AcDbEntity
  8
B.Cu
  6
CONTINUOUS
100
AcDbLine
 10
139.3296310000000062
 20
-119.5760949999999951
 30
0
 11
139.3584669999999903
 21
-119.4311249999999944
 31
0
  0
LINE
  5
302
330
1A
100
AcDbEntity
  8
B.Cu
  6
CONTINUOUS
100
AcDbLine
 10
139.3584669999999903
 20
-119.4311249999999944
 30
0
 11
139.415030999999999
 21
-119.2945670000000007
 31
0
  0
LINE
  5
303
330
1A
100
AcDbEntity
  8
B.Cu
  6
CONTINUOUS
100
AcDbLine
 10
139.415030999999999
 20
-119.2945670000000007
 30
0
 11
139.4971500000000049
 21
-119.1716669999999993
 31
0
  0
LINE
  5
304
330
1A
100
AcDbEntity
  8
B.Cu
  6
CONTINUOUS
100
AcDbLine
 10
139.4971500000000049
 20
-119.1716669999999993
 30
0
 11
139.601666999999992
 21
-119.067149999999998
 31
0
  0
LINE
  5
305
330
1A
100
AcDbEntity
  8
B.Cu
  6
CONTINUOUS
100
AcDbLine
 10
139.601666999999992
 20
-119.067149999999998
 30
0
 11
139.7245670000000075
 21
-118.9850309999999922
 31
0
  0
LINE
  5
306
330
1A
100
AcDbEntity
  8
B.Cu
  6
CONTINUOUS
100
AcDbLine
 10
139.7245670000000075
 20
-118.9850309999999922
 30
0
 11
139.861124999999987
 21
-118.9284669999999977
 31
0
  0
LINE
  5
307
330
1A
100
AcDbEntity
  8
B.Cu
  6
CONTINUOUS
100
AcDbLine
 10
139.861124999999987
 20
-118.9284669999999977
 30
0
 11
140.0060949999999877
 21
-118.8996309999999994
 31
0
  0
LINE
  5
308
330
1A
100
AcDbEntity
  8
B.Cu
  6
CONTINUOUS
100
AcDbLine
 10
140.0060949999999877
 20
-118.8996309999999994
 30
0
 11
140.1539049999999804
 21
-118.8996309999999994
 31
0
  0
LINE
  5
309
330
1A
100
AcDbEntity
  8
B.Cu
  6
CONTINUOUS
100
AcDbLine
 10
140.1539049999999804
 20
-118.8996309999999994
 30
0
 11
140.2988749999999811
 21
-118.9284669999999977
 31
0
  0
LINE
  5
30A
330
1A
100
AcDbEntity
  8
B.Cu
  6
CONTINUOUS
100
AcDbLine
 10
130.8467420000000061
 20
-117.416601
 30
0
 11
131.0006869999999992
 21
-117.4803670000000011
 31
0
  0
LINE
  5
30B
330
1A
100
AcDbEntity
  8
B.Cu
  6
CONTINUOUS
100
AcDbLine
 10
131.0006869999999992
 20
-117.4803670000000011
 30
0
 11
131.1392339999999876
 21
-117.5729410000000001
 31
0
  0
LINE
  5
30C
330
1A
100
AcDbEntity
  8
B.Cu
  6
CONTINUOUS
100
AcDbLine
 10
131.1392339999999876
 20
-117.5729410000000001
 30
0
 11
131.2570589999999982
 21
-117.6907659999999964
 31
0
  0
LINE
  5
30D
330
1A
100
AcDbEntity
  8
B.Cu
  6
CONTINUOUS
100
AcDbLine
 10
131.2570589999999982
 20
-117.6907659999999964
 30
0
 11
131.349632999999983
 21
-117.8293129999999991
 31
0
  0
LINE
  5
30E
330
1A
100
AcDbEntity
  8
B.Cu
  6
CONTINUOUS
100
AcDbLine
 10
131.349632999999983
 20
-117.8293129999999991
 30
0
 11
131.4133989999999983
 21
-117.9832579999999922
 31
0
  0
LINE
  5
30F
330
1A
100
AcDbEntity
  8
B.Cu
  6
CONTINUOUS
100
AcDbLine
 10
131.4133989999999983
 20
-117.9832579999999922
 30
0
 11
131.4459070000000054
 21
-118.1466849999999909
 31
0
  0
LINE
  5
310
330
1A
100
AcDbEntity
  8
B.Cu
  6
CONTINUOUS
100
AcDbLine
 10
131.4459070000000054
 20
-118.1466849999999909
 30
0
 11
131.4459070000000054
 21
-118.3133149999999887
 31
0
  0
LINE
  5
311
330
1A
100
AcDbEntity
  8
B.Cu
  6
CONTINUOUS
100
AcDbLine
 10
131.4459070000000054
 20
-118.3133149999999887
 30
0
 11
131.4133989999999983
 21
-118.4767420000000016
 31
0
  0
LINE
  5
312
330
1A
100
AcDbEntity
  8
B.Cu
  6
CONTINUOUS
100
AcDbLine
 10
131.4133989999999983
 20
-118.4767420000000016
 30
0
 11
131.349632999999983
 21
-118.6306869999999947
 31
0
  0
LINE
  5
313
330
1A
100
AcDbEntity
  8
B.Cu
  6
CONTINUOUS
100
AcDbLine
 10
131.349632999999983
 20
-118.6306869999999947
 30
0
 11
131.2570589999999982
 21
-118.7692339999999973
 31
0
  0
LINE
  5
314
330
1A
100
AcDbEntity
  8
B.Cu
  6
CONTINUOUS
100
AcDbLine
 10
131.2570589999999982
 20
-118.7692339999999973
 30
0
 11
131.1392339999999876
 21
-118.8870589999999936
 31
0
  0
LINE
  5
315
330
1A
100
AcDbEntity
  8
B.Cu
  6
CONTINUOUS
100
AcDbLine
 10
131.1392339999999876
 20
-118.8870589999999936
 30
0
 11
131.0006869999999992
 21
-118.9796329999999926
 31
0
  0
LINE
  5
316
330
1A
100
AcDbEntity
  8
B.Cu
  6
CONTINUOUS
100
AcDbLine
 10
131.0006869999999992
 20
-118.9796329999999926
 30
0
 11
130.8467420000000061
 21
-119.0433989999999937
 31
0
  0
LINE
  5
317
330
1A
100
AcDbEntity
  8
B.Cu
  6
CONTINUOUS
100
AcDbLine
 10
130.8467420000000061
 20
-119.0433989999999937
 30
0
 11
130.6833149999999932
 21
-119.0759070000000008
 31
0
  0
LINE
  5
318
330
1A
100
AcDbEntity
  8
B.Cu
  6
CONTINUOUS
100
AcDbLine
 10
130.6833149999999932
 20
-119.0759070000000008
 30
0
 11
130.5166849999999954
 21
-119.0759070000000008
 31
0
  0
LINE
  5
319
330
1A
100
AcDbEntity
  8
B.Cu
  6
CONTINUOUS
100
AcDbLine
 10
130.5166849999999954
 20
-119.0759070000000008
 30
0
 11
130.3532579999999825
 21
-119.0433989999999937
 31
0
  0
LINE
  5
31A
330
1A
100
AcDbEntity
  8
B.Cu
  6
CONTINUOUS
100
AcDbLine
 10
130.3532579999999825
 20
-119.0433989999999937
 30
0
 11
130.1993129999999894
 21
-118.9796329999999926
 31
0
  0
LINE
  5
31B
330
1A
100
AcDbEntity
  8
B.Cu
  6
CONTINUOUS
100
AcDbLine
 10
130.1993129999999894
 20
-118.9796329999999926
 30
0
 11
130.060766000000001
 21
-118.8870589999999936
 31
0
  0
LINE
  5
31C
330
1A
100
AcDbEntity
  8
B.Cu
  6
CONTINUOUS
100
AcDbLine
 10
130.060766000000001
 20
-118.8870589999999936
 30
0
 11
129.9429409999999905
 21
-118.7692339999999973
 31
0
  0
LINE
  5
31D
330
1A
100
AcDbEntity
  8
B.Cu
  6
CONTINUOUS
100
AcDbLine
 10
129.9429409999999905
 20
-118.7692339999999973
 30
0
 11
129.8503670000000056
 21
-118.6306869999999947
 31
0
  0
LINE
  5
31E
330
1A
100
AcDbEntity
  8
B.Cu
  6
CONTINUOUS
100
AcDbLine
 10
129.8503670000000056
 20
-118.6306869999999947
 30
0
 11
129.7866009999999903
 21
-118.4767420000000016
 31
0
  0
LINE
  5
31F
330
1A
100
AcDbEntity
  8
B.Cu
  6
CONTINUOUS
100
AcDbLine
 10
129.7866009999999903
 20
-118.4767420000000016
 30
0
 11
129.7540929999999832
 21
-118.3133149999999887
 31
0
  0
LINE
  5
320
330
1A
100
AcDbEntity
  8
B.Cu
  6
CONTINUOUS
100
AcDbLine
 10
129.7540929999999832
 20
-118.3133149999999887
 30
0
 11
129.7540929999999832
 21
-118.1466849999999909
 31
0
  0
LINE
  5
321
330
1A
100
AcDbEntity
  8
B.Cu
  6
CONTINUOUS
100
AcDbLine
 10
129.7540929999999832
 20
-118.1466849999999909
 30
0
 11
129.7866009999999903
 21
-117.9832579999999922
 31
0
  0
LINE
  5
322
330
1A
100
AcDbEntity
  8
B.Cu
  6
CONTINUOUS
100
AcDbLine
 10
129.7866009999999903
 20
-117.9832579999999922
 30
0
 11
129.8503670000000056
 21
-117.8293129999999991
 31
0
  0
LINE
  5
323
330
1A
100
AcDbEntity
  8
B.Cu
  6
CONTINUOUS
100
AcDbLine
 10
129.8503670000000056
 20
-117.8293129999999991
 30
0
 11
129.9429409999999905
 21
-117.6907659999999964
 31
0
  0
LINE
  5
324
330
1A
100
AcDbEntity
  8
B.Cu
  6
CONTINUOUS
100
AcDbLine
 10
129.9429409999999905
 20
-117.6907659999999964
 30
0
 11
130.060766000000001
 21
-117.5729410000000001
 31
0
  0
LINE
  5
325
330
1A
100
AcDbEntity
  8
B.Cu
  6
CONTINUOUS
100
AcDbLine
 10
130.060766000000001
 20
-117.5729410000000001
 30
0
 11
130.1993129999999894
 21
-117.4803670000000011
 31
0
  0
LINE
  5
326
330
1A
100
AcDbEntity
  8
B.Cu
  6
CONTINUOUS
100
AcDbLine
 10
130.1993129999999894
 20
-117.4803670000000011
 30
0
 11
130.3532579999999825
 21
-117.416601
 31
0
  0
LINE
  5
327
330
1A
100
AcDbEntity
  8
B.Cu
  6
CONTINUOUS
100
AcDbLine
 10
130.3532579999999825
 20
-117.416601
 30
0
 11
130.5166849999999954
 21
-117.3840929999999929
 31
0
  0
LINE
  5
328
330
1A
100
AcDbEntity
  8
B.Cu
  6
CONTINUOUS
100
AcDbLine
 10
130.5166849999999954
 20
-117.3840929999999929
 30
0
 11
130.6833149999999932
 21
-117.3840929999999929
 31
0
  0
LINE
  5
329
330
1A
100
AcDbEntity
  8
B.Cu
  6
CONTINUOUS
100
AcDbLine
 10
130.6833149999999932
 20
-117.3840929999999929
 30
0
 11
130.8467420000000061
 21
-117.416601
 31
0
  0
LINE
  5
32A
330
1A
100
AcDbEntity
  8
B.Cu
  6
CONTINUOUS
100
AcDbLine
 10
140.2988749999999811
 20
-116.3884669999999915
 30
0
 11
140.4354329999999891
 21
-116.4450310000000002
 31
0
  0
LINE
  5
32B
330
1A
100
AcDbEntity
  8
B.Cu
  6
CONTINUOUS
100
AcDbLine
 10
140.4354329999999891
 20
-116.4450310000000002
 30
0
 11
140.5583330000000046
 21
-116.5271499999999918
 31
0
  0
LINE
  5
32C
330
1A
100
AcDbEntity
  8
B.Cu
  6
CONTINUOUS
100
AcDbLine
 10
140.5583330000000046
 20
-116.5271499999999918
 30
0
 11
140.6628499999999917
 21
-116.6316669999999931
 31
0
  0
LINE
  5
32D
330
1A
100
AcDbEntity
  8
B.Cu
  6
CONTINUOUS
100
AcDbLine
 10
140.6628499999999917
 20
-116.6316669999999931
 30
0
 11
140.7449689999999975
 21
-116.7545669999999944
 31
0
  0
LINE
  5
32E
330
1A
100
AcDbEntity
  8
B.Cu
  6
CONTINUOUS
100
AcDbLine
 10
140.7449689999999975
 20
-116.7545669999999944
 30
0
 11
140.8015330000000063
 21
-116.8911249999999882
 31
0
  0
LINE
  5
32F
330
1A
100
AcDbEntity
  8
B.Cu
  6
CONTINUOUS
100
AcDbLine
 10
140.8015330000000063
 20
-116.8911249999999882
 30
0
 11
140.8303689999999904
 21
-117.0360949999999889
 31
0
  0
LINE
  5
330
330
1A
100
AcDbEntity
  8
B.Cu
  6
CONTINUOUS
100
AcDbLine
 10
140.8303689999999904
 20
-117.0360949999999889
 30
0
 11
140.8303689999999904
 21
-117.1839049999999958
 31
0
  0
LINE
  5
331
330
1A
100
AcDbEntity
  8
B.Cu
  6
CONTINUOUS
100
AcDbLine
 10
140.8303689999999904
 20
-117.1839049999999958
 30
0
 11
140.8015330000000063
 21
-117.3288749999999965
 31
0
  0
LINE
  5
332
330
1A
100
AcDbEntity
  8
B.Cu
  6
CONTINUOUS
100
AcDbLine
 10
140.8015330000000063
 20
-117.3288749999999965
 30
0
 11
140.7449689999999975
 21
-117.4654329999999902
 31
0
  0
LINE
  5
333
330
1A
100
AcDbEntity
  8
B.Cu
  6
CONTINUOUS
100
AcDbLine
 10
140.7449689999999975
 20
-117.4654329999999902
 30
0
 11
140.6628499999999917
 21
-117.5883329999999916
 31
0
  0
LINE
  5
334
330
1A
100
AcDbEntity
  8
B.Cu
  6
CONTINUOUS
100
AcDbLine
 10
140.6628499999999917
 20
-117.5883329999999916
 30
0
 11
140.5583330000000046
 21
-117.6928499999999929
 31
0
  0
LINE
  5
335
330
1A
100
AcDbEntity
  8
B.Cu
  6
CONTINUOUS
100
AcDbLine
 10
140.5583330000000046
 20
-117.6928499999999929
 30
0
 11
140.4354329999999891
 21
-117.7749689999999987
 31
0
  0
LINE
  5
336
330
1A
100
AcDbEntity
  8
B.Cu
  6
CONTINUOUS
100
AcDbLine
 10
140.4354329999999891
 20
-117.7749689999999987
 30
0
 11
140.2988749999999811
 21
-117.8315329999999932
 31
0
  0
LINE
  5
337
330
1A
100
AcDbEntity
  8
B.Cu
  6
CONTINUOUS
100
AcDbLine
 10
140.2988749999999811
 20
-117.8315329999999932
 30
0
 11
140.1539049999999804
 21
-117.8603689999999915
 31
0
  0
LINE
  5
338
330
1A
100
AcDbEntity
  8
B.Cu
  6
CONTINUOUS
100
AcDbLine
 10
140.1539049999999804
 20
-117.8603689999999915
 30
0
 11
140.0060949999999877
 21
-117.8603689999999915
 31
0
  0
LINE
  5
339
330
1A
100
AcDbEntity
  8
B.Cu
  6
CONTINUOUS
100
AcDbLine
 10
140.0060949999999877
 20
-117.8603689999999915
 30
0
 11
139.861124999999987
 21
-117.8315329999999932
 31
0
  0
LINE
  5
33A
330
1A
100
AcDbEntity
  8
B.Cu
  6
CONTINUOUS
100
AcDbLine
 10
139.861124999999987
 20
-117.8315329999999932
 30
0
 11
139.7245670000000075
 21
-117.7749689999999987
 31
0
  0
LINE
  5
33B
330
1A
100
AcDbEntity
  8
B.Cu
  6
CONTINUOUS
100
AcDbLine
 10
139.7245670000000075
 20
-117.7749689999999987
 30
0
 11
139.601666999999992
 21
-117.6928499999999929
 31
0
  0
LINE
  5
33C
330
1A
100
AcDbEntity
  8
B.Cu
  6
CONTINUOUS
100
AcDbLine
 10
139.601666999999992
 20
-117.6928499999999929
 30
0
 11
139.4971500000000049
 21
-117.5883329999999916
 31
0
  0
LINE
  5
33D
330
1A
100
AcDbEntity
  8
B.Cu
  6
CONTINUOUS
100
AcDbLine
 10
139.4971500000000049
 20
-117.5883329999999916
 30
0
 11
139.415030999999999
 21
-117.4654329999999902
 31
0
  0
LINE
  5
33E
330
1A
100
AcDbEntity
  8
B.Cu
  6
CONTINUOUS
100
AcDbLine
 10
139.415030999999999
 20
-117.4654329999999902
 30
0
 11
139.3584669999999903
 21
-117.3288749999999965
 31
0
  0
LINE
  5
33F
330
1A
100
AcDbEntity
  8
B.Cu
  6
CONTINUOUS
100
AcDbLine
 10
139.3584669999999903
 20
-117.3288749999999965
 30
0
 11
139.3296310000000062
 21
-117.1839049999999958
 31
0
  0
LINE
  5
340
330
1A
100
AcDbEntity
  8
B.Cu
  6
CONTINUOUS
100
AcDbLine
 10
139.3296310000000062
 20
-117.1839049999999958
 30
0
 11
139.3296310000000062
 21
-117.0360949999999889
 31
0
  0
LINE
  5
341
330
1A
100
AcDbEntity
  8
B.Cu
  6
CONTINUOUS
100
AcDbLine
 10
139.3296310000000062
 20
-117.0360949999999889
 30
0
 11
139.3584669999999903
 21
-116.8911249999999882
 31
0
  0
LINE
  5
342
330
1A
100
AcDbEntity
  8
B.Cu
  6
CONTINUOUS
100
AcDbLine
 10
139.3584669999999903
 20
-116.8911249999999882
 30
0
 11
139.415030999999999
 21
-116.7545669999999944
 31
0
  0
LINE
  5
343
330
1A
100
AcDbEntity
  8
B.Cu
  6
CONTINUOUS
100
AcDbLine
 10
139.415030999999999
 20
-116.7545669999999944
 30
0
 11
139.4971500000000049
 21
-116.6316669999999931
 31
0
  0
LINE
  5
344
330
1A
100
AcDbEntity
  8
B.Cu
  6
CONTINUOUS
100
AcDbLine
 10
139.4971500000000049
 20
-116.6316669999999931
 30
0
 11
139.601666999999992
 21
-116.5271499999999918
 31
0
  0
LINE
  5
345
330
1A
100
AcDbEntity
  8
B.Cu
  6
CONTINUOUS
100
AcDbLine
 10
139.601666999999992
 20
-116.5271499999999918
 30
0
 11
139.7245670000000075
 21
-116.4450310000000002
 31
0
  0
LINE
  5
346
330
1A
100
AcDbEntity
  8
B.Cu
  6
CONTINUOUS
100
AcDbLine
 10
139.7245670000000075
 20
-116.4450310000000002
 30
0
 11
139.861124999999987
 21
-116.3884669999999915
 31
0
  0
LINE
  5
347
330
1A
100
AcDbEntity
  8
B.Cu
  6
CONTINUOUS
100
AcDbLine
 10
139.861124999999987
 20
-116.3884669999999915
 30
0
 11
140.0060949999999877
 21
-116.3596309999999932
 31
0
  0
LINE
  5
348
330
1A
100
AcDbEntity
  8
B.Cu
  6
CONTINUOUS
100
AcDbLine
 10
140.0060949999999877
 20
-116.3596309999999932
 30
0
 11
140.1539049999999804
 21
-116.3596309999999932
 31
0
  0
LINE
  5
349
330
1A
100
AcDbEntity
  8
B.Cu
  6
CONTINUOUS
100
AcDbLine
 10
140.1539049999999804
 20
-116.3596309999999932
 30
0
 11
140.2988749999999811
 21
-116.3884669999999915
 31
0
  0
LINE
  5
34A
330
1A
100
AcDbEntity
  8
B.Cu
  6
CONTINUOUS
100
AcDbLine
 10
130.8467420000000061
 20
-114.8766009999999937
 30
0
 11
131.0006869999999992
 21
-114.9403669999999948
 31
0
  0
LINE
  5
34B
330
1A
100
AcDbEntity
  8
B.Cu
  6
CONTINUOUS
100
AcDbLine
 10
131.0006869999999992
 20
-114.9403669999999948
 30
0
 11
131.1392339999999876
 21
-115.0329409999999939
 31
0
  0
LINE
  5
34C
330
1A
100
AcDbEntity
  8
B.Cu
  6
CONTINUOUS
100
AcDbLine
 10
131.1392339999999876
 20
-115.0329409999999939
 30
0
 11
131.2570589999999982
 21
-115.1507659999999902
 31
0
  0
LINE
  5
34D
330
1A
100
AcDbEntity
  8
B.Cu
  6
CONTINUOUS
100
AcDbLine
 10
131.2570589999999982
 20
-115.1507659999999902
 30
0
 11
131.349632999999983
 21
-115.2893129999999928
 31
0
  0
LINE
  5
34E
330
1A
100
AcDbEntity
  8
B.Cu
  6
CONTINUOUS
100
AcDbLine
 10
131.349632999999983
 20
-115.2893129999999928
 30
0
 11
131.4133989999999983
 21
-115.4432580000000002
 31
0
  0
LINE
  5
34F
330
1A
100
AcDbEntity
  8
B.Cu
  6
CONTINUOUS
100
AcDbLine
 10
131.4133989999999983
 20
-115.4432580000000002
 30
0
 11
131.4459070000000054
 21
-115.6066849999999988
 31
0
  0
LINE
  5
350
330
1A
100
AcDbEntity
  8
B.Cu
  6
CONTINUOUS
100
AcDbLine
 10
131.4459070000000054
 20
-115.6066849999999988
 30
0
 11
131.4459070000000054
 21
-115.7733149999999966
 31
0
  0
LINE
  5
351
330
1A
100
AcDbEntity
  8
B.Cu
  6
CONTINUOUS
100
AcDbLine
 10
131.4459070000000054
 20
-115.7733149999999966
 30
0
 11
131.4133989999999983
 21
-115.9367419999999953
 31
0
  0
LINE
  5
352
330
1A
100
AcDbEntity
  8
B.Cu
  6
CONTINUOUS
100
AcDbLine
 10
131.4133989999999983
 20
-115.9367419999999953
 30
0
 11
131.349632999999983
 21
-116.0906869999999884
 31
0
  0
LINE
  5
353
330
1A
100
AcDbEntity
  8
B.Cu
  6
CONTINUOUS
100
AcDbLine
 10
131.349632999999983
 20
-116.0906869999999884
 30
0
 11
131.2570589999999982
 21
-116.2292339999999911
 31
0
  0
LINE
  5
354
330
1A
100
AcDbEntity
  8
B.Cu
  6
CONTINUOUS
100
AcDbLine
 10
131.2570589999999982
 20
-116.2292339999999911
 30
0
 11
131.1392339999999876
 21
-116.3470590000000016
 31
0
  0
LINE
  5
355
330
1A
100
AcDbEntity
  8
B.Cu
  6
CONTINUOUS
100
AcDbLine
 10
131.1392339999999876
 20
-116.3470590000000016
 30
0
 11
131.0006869999999992
 21
-116.4396330000000006
 31
0
  0
LINE
  5
356
330
1A
100
AcDbEntity
  8
B.Cu
  6
CONTINUOUS
100
AcDbLine
 10
131.0006869999999992
 20
-116.4396330000000006
 30
0
 11
130.8467420000000061
 21
-116.5033990000000017
 31
0
  0
LINE
  5
357
330
1A
100
AcDbEntity
  8
B.Cu
  6
CONTINUOUS
100
AcDbLine
 10
130.8467420000000061
 20
-116.5033990000000017
 30
0
 11
130.6833149999999932
 21
-116.5359069999999946
 31
0
  0
LINE
  5
358
330
1A
100
AcDbEntity
  8
B.Cu
  6
CONTINUOUS
100
AcDbLine
 10
130.6833149999999932
 20
-116.5359069999999946
 30
0
 11
130.5166849999999954
 21
-116.5359069999999946
 31
0
  0
LINE
  5
359
330
1A
100
AcDbEntity
  8
B.Cu
  6
CONTINUOUS
100
AcDbLine
 10
130.5166849999999954
 20
-116.5359069999999946
 30
0
 11
130.3532579999999825
 21
-116.5033990000000017
 31
0
  0
LINE
  5
35A
330
1A
100
AcDbEntity
  8
B.Cu
  6
CONTINUOUS
100
AcDbLine
 10
130.3532579999999825
 20
-116.5033990000000017
 30
0
 11
130.1993129999999894
 21
-116.4396330000000006
 31
0
  0
LINE
  5
35B
330
1A
100
AcDbEntity
  8
B.Cu
  6
CONTINUOUS
100
AcDbLine
 10
130.1993129999999894
 20
-116.4396330000000006
 30
0
 11
130.060766000000001
 21
-116.3470590000000016
 31
0
  0
LINE
  5
35C
330
1A
100
AcDbEntity
  8
B.Cu
  6
CONTINUOUS
100
AcDbLine
 10
130.060766000000001
 20
-116.3470590000000016
 30
0
 11
129.9429409999999905
 21
-116.2292339999999911
 31
0
  0
LINE
  5
35D
330
1A
100
AcDbEntity
  8
B.Cu
  6
CONTINUOUS
100
AcDbLine
 10
129.9429409999999905
 20
-116.2292339999999911
 30
0
 11
129.8503670000000056
 21
-116.0906869999999884
 31
0
  0
LINE
  5
35E
330
1A
100
AcDbEntity
  8
B.Cu
  6
CONTINUOUS
100
AcDbLine
 10
129.8503670000000056
 20
-116.0906869999999884
 30
0
 11
129.7866009999999903
 21
-115.9367419999999953
 31
0
  0
LINE
  5
35F
330
1A
100
AcDbEntity
  8
B.Cu
  6
CONTINUOUS
100
AcDbLine
 10
129.7866009999999903
 20
-115.9367419999999953
 30
0
 11
129.7540929999999832
 21
-115.7733149999999966
 31
0
  0
LINE
  5
360
330
1A
100
AcDbEntity
  8
B.Cu
  6
CONTINUOUS
100
AcDbLine
 10
129.7540929999999832
 20
-115.7733149999999966
 30
0
 11
129.7540929999999832
 21
-115.6066849999999988
 31
0
  0
LINE
  5
361
330
1A
100
AcDbEntity
  8
B.Cu
  6
CONTINUOUS
100
AcDbLine
 10
129.7540929999999832
 20
-115.6066849999999988
 30
0
 11
129.7866009999999903
 21
-115.4432580000000002
 31
0
  0
LINE
  5
362
330
1A
100
AcDbEntity
  8
B.Cu
  6
CONTINUOUS
100
AcDbLine
 10
129.7866009999999903
 20
-115.4432580000000002
 30
0
 11
129.8503670000000056
 21
-115.2893129999999928
 31
0
  0
LINE
  5
363
330
1A
100
AcDbEntity
  8
B.Cu
  6
CONTINUOUS
100
AcDbLine
 10
129.8503670000000056
 20
-115.2893129999999928
 30
0
 11
129.9429409999999905
 21
-115.1507659999999902
 31
0
  0
LINE
  5
364
330
1A
100
AcDbEntity
  8
B.Cu
  6
CONTINUOUS
100
AcDbLine
 10
129.9429409999999905
 20
-115.1507659999999902
 30
0
 11
130.060766000000001
 21
-115.0329409999999939
 31
0
  0
LINE
  5
365
330
1A
100
AcDbEntity
  8
B.Cu
  6
CONTINUOUS
100
AcDbLine
 10
130.060766000000001
 20
-115.0329409999999939
 30
0
 11
130.1993129999999894
 21
-114.9403669999999948
 31
0
  0
LINE
  5
366
330
1A
100
AcDbEntity
  8
B.Cu
  6
CONTINUOUS
100
AcDbLine
 10
130.1993129999999894
 20
-114.9403669999999948
 30
0
 11
130.3532579999999825
 21
-114.8766009999999937
 31
0
  0
LINE
  5
367
330
1A
100
AcDbEntity
  8
B.Cu
  6
CONTINUOUS
100
AcDbLine
 10
130.3532579999999825
 20
-114.8766009999999937
 30
0
 11
130.5166849999999954
 21
-114.8440930000000009
 31
0
  0
LINE
  5
368
330
1A
100
AcDbEntity
  8
B.Cu
  6
CONTINUOUS
100
AcDbLine
 10
130.5166849999999954
 20
-114.8440930000000009
 30
0
 11
130.6833149999999932
 21
-114.8440930000000009
 31
0
  0
LINE
  5
369
330
1A
100
AcDbEntity
  8
B.Cu
  6
CONTINUOUS
100
AcDbLine
 10
130.6833149999999932
 20
-114.8440930000000009
 30
0
 11
130.8467420000000061
 21
-114.8766009999999937
 31
0
  0
LINE
  5
36A
330
1A
100
AcDbEntity
  8
B.Cu
  6
CONTINUOUS
100
AcDbLine
 10
140.2988749999999811
 20
-113.8484669999999994
 30
0
 11
140.4354329999999891
 21
-113.9050309999999939
 31
0
  0
LINE
  5
36B
330
1A
100
AcDbEntity
  8
B.Cu
  6
CONTINUOUS
100
AcDbLine
 10
140.4354329999999891
 20
-113.9050309999999939
 30
0
 11
140.5583330000000046
 21
-113.9871499999999997
 31
0
  0
LINE
  5
36C
330
1A
100
AcDbEntity
  8
B.Cu
  6
CONTINUOUS
100
AcDbLine
 10
140.5583330000000046
 20
-113.9871499999999997
 30
0
 11
140.6628499999999917
 21
-114.0916670000000011
 31
0
  0
LINE
  5
36D
330
1A
100
AcDbEntity
  8
B.Cu
  6
CONTINUOUS
100
AcDbLine
 10
140.6628499999999917
 20
-114.0916670000000011
 30
0
 11
140.7449689999999975
 21
-114.2145669999999882
 31
0
  0
LINE
  5
36E
330
1A
100
AcDbEntity
  8
B.Cu
  6
CONTINUOUS
100
AcDbLine
 10
140.7449689999999975
 20
-114.2145669999999882
 30
0
 11
140.8015330000000063
 21
-114.3511249999999961
 31
0
  0
LINE
  5
36F
330
1A
100
AcDbEntity
  8
B.Cu
  6
CONTINUOUS
100
AcDbLine
 10
140.8015330000000063
 20
-114.3511249999999961
 30
0
 11
140.8303689999999904
 21
-114.4960949999999968
 31
0
  0
LINE
  5
370
330
1A
100
AcDbEntity
  8
B.Cu
  6
CONTINUOUS
100
AcDbLine
 10
140.8303689999999904
 20
-114.4960949999999968
 30
0
 11
140.8303689999999904
 21
-114.6439049999999895
 31
0
  0
LINE
  5
371
330
1A
100
AcDbEntity
  8
B.Cu
  6
CONTINUOUS
100
AcDbLine
 10
140.8303689999999904
 20
-114.6439049999999895
 30
0
 11
140.8015330000000063
 21
-114.7888749999999902
 31
0
  0
LINE
  5
372
330
1A
100
AcDbEntity
  8
B.Cu
  6
CONTINUOUS
100
AcDbLine
 10
140.8015330000000063
 20
-114.7888749999999902
 30
0
 11
140.7449689999999975
 21
-114.9254329999999982
 31
0
  0
LINE
  5
373
330
1A
100
AcDbEntity
  8
B.Cu
  6
CONTINUOUS
100
AcDbLine
 10
140.7449689999999975
 20
-114.9254329999999982
 30
0
 11
140.6628499999999917
 21
-115.0483329999999995
 31
0
  0
LINE
  5
374
330
1A
100
AcDbEntity
  8
B.Cu
  6
CONTINUOUS
100
AcDbLine
 10
140.6628499999999917
 20
-115.0483329999999995
 30
0
 11
140.5583330000000046
 21
-115.1528500000000008
 31
0
  0
LINE
  5
375
330
1A
100
AcDbEntity
  8
B.Cu
  6
CONTINUOUS
100
AcDbLine
 10
140.5583330000000046
 20
-115.1528500000000008
 30
0
 11
140.4354329999999891
 21
-115.2349689999999924
 31
0
  0
LINE
  5
376
330
1A
100
AcDbEntity
  8
B.Cu
  6
CONTINUOUS
100
AcDbLine
 10
140.4354329999999891
 20
-115.2349689999999924
 30
0
 11
140.2988749999999811
 21
-115.2915330000000012
 31
0
  0
LINE
  5
377
330
1A
100
AcDbEntity
  8
B.Cu
  6
CONTINUOUS
100
AcDbLine
 10
140.2988749999999811
 20
-115.2915330000000012
 30
0
 11
140.1539049999999804
 21
-115.3203689999999995
 31
0
  0
LINE
  5
378
330
1A
100
AcDbEntity
  8
B.Cu
  6
CONTINUOUS
100
AcDbLine
 10
140.1539049999999804
 20
-115.3203689999999995
 30
0
 11
140.0060949999999877
 21
-115.3203689999999995
 31
0
  0
LINE
  5
379
330
1A
100
AcDbEntity
  8
B.Cu
  6
CONTINUOUS
100
AcDbLine
 10
140.0060949999999877
 20
-115.3203689999999995
 30
0
 11
139.861124999999987
 21
-115.2915330000000012
 31
0
  0
LINE
  5
37A
330
1A
100
AcDbEntity
  8
B.Cu
  6
CONTINUOUS
100
AcDbLine
 10
139.861124999999987
 20
-115.2915330000000012
 30
0
 11
139.7245670000000075
 21
-115.2349689999999924
 31
0
  0
LINE
  5
37B
330
1A
100
AcDbEntity
  8
B.Cu
  6
CONTINUOUS
100
AcDbLine
 10
139.7245670000000075
 20
-115.2349689999999924
 30
0
 11
139.601666999999992
 21
-115.1528500000000008
 31
0
  0
LINE
  5
37C
330
1A
100
AcDbEntity
  8
B.Cu
  6
CONTINUOUS
100
AcDbLine
 10
139.601666999999992
 20
-115.1528500000000008
 30
0
 11
139.4971500000000049
 21
-115.0483329999999995
 31
0
  0
LINE
  5
37D
330
1A
100
AcDbEntity
  8
B.Cu
  6
CONTINUOUS
100
AcDbLine
 10
139.4971500000000049
 20
-115.0483329999999995
 30
0
 11
139.415030999999999
 21
-114.9254329999999982
 31
0
  0
LINE
  5
37E
330
1A
100
AcDbEntity
  8
B.Cu
  6
CONTINUOUS
100
AcDbLine
 10
139.415030999999999
 20
-114.9254329999999982
 30
0
 11
139.3584669999999903
 21
-114.7888749999999902
 31
0
  0
LINE
  5
37F
330
1A
100
AcDbEntity
  8
B.Cu
  6
CONTINUOUS
100
AcDbLine
 10
139.3584669999999903
 20
-114.7888749999999902
 30
0
 11
139.3296310000000062
 21
-114.6439049999999895
 31
0
  0
LINE
  5
380
330
1A
100
AcDbEntity
  8
B.Cu
  6
CONTINUOUS
100
AcDbLine
 10
139.3296310000000062
 20
-114.6439049999999895
 30
0
 11
139.3296310000000062
 21
-114.4960949999999968
 31
0
  0
LINE
  5
381
330
1A
100
AcDbEntity
  8
B.Cu
  6
CONTINUOUS
100
AcDbLine
 10
139.3296310000000062
 20
-114.4960949999999968
 30
0
 11
139.3584669999999903
 21
-114.3511249999999961
 31
0
  0
LINE
  5
382
330
1A
100
AcDbEntity
  8
B.Cu
  6
CONTINUOUS
100
AcDbLine
 10
139.3584669999999903
 20
-114.3511249999999961
 30
0
 11
139.415030999999999
 21
-114.2145669999999882
 31
0
  0
LINE
  5
383
330
1A
100
AcDbEntity
  8
B.Cu
  6
CONTINUOUS
100
AcDbLine
 10
139.415030999999999
 20
-114.2145669999999882
 30
0
 11
139.4971500000000049
 21
-114.0916670000000011
 31
0
  0
LINE
  5
384
330
1A
100
AcDbEntity
  8
B.Cu
  6
CONTINUOUS
100
AcDbLine
 10
139.4971500000000049
 20
-114.0916670000000011
 30
0
 11
139.601666999999992
 21
-113.9871499999999997
 31
0
  0
LINE
  5
385
330
1A
100
AcDbEntity
  8
B.Cu
  6
CONTINUOUS
100
AcDbLine
 10
139.601666999999992
 20
-113.9871499999999997
 30
0
 11
139.7245670000000075
 21
-113.9050309999999939
 31
0
  0
LINE
  5
386
330
1A
100
AcDbEntity
  8
B.Cu
  6
CONTINUOUS
100
AcDbLine
 10
139.7245670000000075
 20
-113.9050309999999939
 30
0
 11
139.861124999999987
 21
-113.8484669999999994
 31
0
  0
LINE
  5
387
330
1A
100
AcDbEntity
  8
B.Cu
  6
CONTINUOUS
100
AcDbLine
 10
139.861124999999987
 20
-113.8484669999999994
 30
0
 11
140.0060949999999877
 21
-113.8196310000000011
 31
0
  0
LINE
  5
388
330
1A
100
AcDbEntity
  8
B.Cu
  6
CONTINUOUS
100
AcDbLine
 10
140.0060949999999877
 20
-113.8196310000000011
 30
0
 11
140.1539049999999804
 21
-113.8196310000000011
 31
0
  0
LINE
  5
389
330
1A
100
AcDbEntity
  8
B.Cu
  6
CONTINUOUS
100
AcDbLine
 10
140.1539049999999804
 20
-113.8196310000000011
 30
0
 11
140.2988749999999811
 21
-113.8484669999999994
 31
0
  0
LINE
  5
38A
330
1A
100
AcDbEntity
  8
B.Cu
  6
CONTINUOUS
100
AcDbLine
 10
140.2988749999999811
 20
-111.3084669999999932
 30
0
 11
140.4354329999999891
 21
-111.3650310000000019
 31
0
  0
LINE
  5
38B
330
1A
100
AcDbEntity
  8
B.Cu
  6
CONTINUOUS
100
AcDbLine
 10
140.4354329999999891
 20
-111.3650310000000019
 30
0
 11
140.5583330000000046
 21
-111.4471499999999935
 31
0
  0
LINE
  5
38C
330
1A
100
AcDbEntity
  8
B.Cu
  6
CONTINUOUS
100
AcDbLine
 10
140.5583330000000046
 20
-111.4471499999999935
 30
0
 11
140.6628499999999917
 21
-111.5516669999999948
 31
0
  0
LINE
  5
38D
330
1A
100
AcDbEntity
  8
B.Cu
  6
CONTINUOUS
100
AcDbLine
 10
140.6628499999999917
 20
-111.5516669999999948
 30
0
 11
140.7449689999999975
 21
-111.6745669999999961
 31
0
  0
LINE
  5
38E
330
1A
100
AcDbEntity
  8
B.Cu
  6
CONTINUOUS
100
AcDbLine
 10
140.7449689999999975
 20
-111.6745669999999961
 30
0
 11
140.8015330000000063
 21
-111.8111249999999899
 31
0
  0
LINE
  5
38F
330
1A
100
AcDbEntity
  8
B.Cu
  6
CONTINUOUS
100
AcDbLine
 10
140.8015330000000063
 20
-111.8111249999999899
 30
0
 11
140.8303689999999904
 21
-111.9560949999999906
 31
0
  0
LINE
  5
390
330
1A
100
AcDbEntity
  8
B.Cu
  6
CONTINUOUS
100
AcDbLine
 10
140.8303689999999904
 20
-111.9560949999999906
 30
0
 11
140.8303689999999904
 21
-112.1039049999999975
 31
0
  0
LINE
  5
391
330
1A
100
AcDbEntity
  8
B.Cu
  6
CONTINUOUS
100
AcDbLine
 10
140.8303689999999904
 20
-112.1039049999999975
 30
0
 11
140.8015330000000063
 21
-112.2488749999999982
 31
0
  0
LINE
  5
392
330
1A
100
AcDbEntity
  8
B.Cu
  6
CONTINUOUS
100
AcDbLine
 10
140.8015330000000063
 20
-112.2488749999999982
 30
0
 11
140.7449689999999975
 21
-112.3854329999999919
 31
0
  0
LINE
  5
393
330
1A
100
AcDbEntity
  8
B.Cu
  6
CONTINUOUS
100
AcDbLine
 10
140.7449689999999975
 20
-112.3854329999999919
 30
0
 11
140.6628499999999917
 21
-112.5083329999999933
 31
0
  0
LINE
  5
394
330
1A
100
AcDbEntity
  8
B.Cu
  6
CONTINUOUS
100
AcDbLine
 10
140.6628499999999917
 20
-112.5083329999999933
 30
0
 11
140.5583330000000046
 21
-112.6128499999999946
 31
0
  0
LINE
  5
395
330
1A
100
AcDbEntity
  8
B.Cu
  6
CONTINUOUS
100
AcDbLine
 10
140.5583330000000046
 20
-112.6128499999999946
 30
0
 11
140.4354329999999891
 21
-112.6949690000000004
 31
0
  0
LINE
  5
396
330
1A
100
AcDbEntity
  8
B.Cu
  6
CONTINUOUS
100
AcDbLine
 10
140.4354329999999891
 20
-112.6949690000000004
 30
0
 11
140.2988749999999811
 21
-112.7515329999999949
 31
0
  0
LINE
  5
397
330
1A
100
AcDbEntity
  8
B.Cu
  6
CONTINUOUS
100
AcDbLine
 10
140.2988749999999811
 20
-112.7515329999999949
 30
0
 11
140.1539049999999804
 21
-112.7803689999999932
 31
0
  0
LINE
  5
398
330
1A
100
AcDbEntity
  8
B.Cu
  6
CONTINUOUS
100
AcDbLine
 10
140.1539049999999804
 20
-112.7803689999999932
 30
0
 11
140.0060949999999877
 21
-112.7803689999999932
 31
0
  0
LINE
  5
399
330
1A
100
AcDbEntity
  8
B.Cu
  6
CONTINUOUS
100
AcDbLine
 10
140.0060949999999877
 20
-112.7803689999999932
 30
0
 11
139.861124999999987
 21
-112.7515329999999949
 31
0
  0
LINE
  5
39A
330
1A
100
AcDbEntity
  8
B.Cu
  6
CONTINUOUS
100
AcDbLine
 10
139.861124999999987
 20
-112.7515329999999949
 30
0
 11
139.7245670000000075
 21
-112.6949690000000004
 31
0
  0
LINE
  5
39B
330
1A
100
AcDbEntity
  8
B.Cu
  6
CONTINUOUS
100
AcDbLine
 10
139.7245670000000075
 20
-112.6949690000000004
 30
0
 11
139.601666999999992
 21
-112.6128499999999946
 31
0
  0
LINE
  5
39C
330
1A
100
AcDbEntity
  8
B.Cu
  6
CONTINUOUS
100
AcDbLine
 10
139.601666999999992
 20
-112.6128499999999946
 30
0
 11
139.4971500000000049
 21
-112.5083329999999933
 31
0
  0
LINE
  5
39D
330
1A
100
AcDbEntity
  8
B.Cu
  6
CONTINUOUS
100
AcDbLine
 10
139.4971500000000049
 20
-112.5083329999999933
 30
0
 11
139.415030999999999
 21
-112.3854329999999919
 31
0
  0
LINE
  5
39E
330
1A
100
AcDbEntity
  8
B.Cu
  6
CONTINUOUS
100
AcDbLine
 10
139.415030999999999
 20
-112.3854329999999919
 30
0
 11
139.3584669999999903
 21
-112.2488749999999982
 31
0
  0
LINE
  5
39F
330
1A
100
AcDbEntity
  8
B.Cu
  6
CONTINUOUS
100
AcDbLine
 10
139.3584669999999903
 20
-112.2488749999999982
 30
0
 11
139.3296310000000062
 21
-112.1039049999999975
 31
0
  0
LINE
  5
3A0
330
1A
100
AcDbEntity
  8
B.Cu
  6
CONTINUOUS
100
AcDbLine
 10
139.3296310000000062
 20
-112.1039049999999975
 30
0
 11
139.3296310000000062
 21
-111.9560949999999906
 31
0
  0
LINE
  5
3A1
330
1A
100
AcDbEntity
  8
B.Cu
  6
CONTINUOUS
100
AcDbLine
 10
139.3296310000000062
 20
-111.9560949999999906
 30
0
 11
139.3584669999999903
 21
-111.8111249999999899
 31
0
  0
LINE
  5
3A2
330
1A
100
AcDbEntity
  8
B.Cu
  6
CONTINUOUS
100
AcDbLine
 10
139.3584669999999903
 20
-111.8111249999999899
 30
0
 11
139.415030999999999
 21
-111.6745669999999961
 31
0
  0
LINE
  5
3A3
330
1A
100
AcDbEntity
  8
B.Cu
  6
CONTINUOUS
100
AcDbLine
 10
139.415030999999999
 20
-111.6745669999999961
 30
0
 11
139.4971500000000049
 21
-111.5516669999999948
 31
0
  0
LINE
  5
3A4
330
1A
100
AcDbEntity
  8
B.Cu
  6
CONTINUOUS
100
AcDbLine
 10
139.4971500000000049
 20
-111.5516669999999948
 30
0
 11
139.601666999999992
 21
-111.4471499999999935
 31
0
  0
LINE
  5
3A5
330
1A
100
AcDbEntity
  8
B.Cu
  6
CONTINUOUS
100
AcDbLine
 10
139.601666999999992
 20
-111.4471499999999935
 30
0
 11
139.7245670000000075
 21
-111.3650310000000019
 31
0
  0
LINE
  5
3A6
330
1A
100
AcDbEntity
  8
B.Cu
  6
CONTINUOUS
100
AcDbLine
 10
139.7245670000000075
 20
-111.3650310000000019
 30
0
 11
139.861124999999987
 21
-111.3084669999999932
 31
0
  0
LINE
  5
3A7
330
1A
100
AcDbEntity
  8
B.Cu
  6
CONTINUOUS
100
AcDbLine
 10
139.861124999999987
 20
-111.3084669999999932
 30
0
 11
140.0060949999999877
 21
-111.2796309999999949
 31
0
  0
LINE
  5
3A8
330
1A
100
AcDbEntity
  8
B.Cu
  6
CONTINUOUS
100
AcDbLine
 10
140.0060949999999877
 20
-111.2796309999999949
 30
0
 11
140.1539049999999804
 21
-111.2796309999999949
 31
0
  0
LINE
  5
3A9
330
1A
100
AcDbEntity
  8
B.Cu
  6
CONTINUOUS
100
AcDbLine
 10
140.1539049999999804
 20
-111.2796309999999949
 30
0
 11
140.2988749999999811
 21
-111.3084669999999932
 31
0
  0
LINE
  5
3AA
330
1A
100
AcDbEntity
  8
B.Cu
  6
CONTINUOUS
100
AcDbLine
 10
140.2988749999999811
 20
-108.7684670000000011
 30
0
 11
140.4354329999999891
 21
-108.8250309999999956
 31
0
  0
LINE
  5
3AB
330
1A
100
AcDbEntity
  8
B.Cu
  6
CONTINUOUS
100
AcDbLine
 10
140.4354329999999891
 20
-108.8250309999999956
 30
0
 11
140.5583330000000046
 21
-108.9071500000000015
 31
0
  0
LINE
  5
3AC
330
1A
100
AcDbEntity
  8
B.Cu
  6
CONTINUOUS
100
AcDbLine
 10
140.5583330000000046
 20
-108.9071500000000015
 30
0
 11
140.6628499999999917
 21
-109.0116669999999885
 31
0
  0
LINE
  5
3AD
330
1A
100
AcDbEntity
  8
B.Cu
  6
CONTINUOUS
100
AcDbLine
 10
140.6628499999999917
 20
-109.0116669999999885
 30
0
 11
140.7449689999999975
 21
-109.1345669999999899
 31
0
  0
LINE
  5
3AE
330
1A
100
AcDbEntity
  8
B.Cu
  6
CONTINUOUS
100
AcDbLine
 10
140.7449689999999975
 20
-109.1345669999999899
 30
0
 11
140.8015330000000063
 21
-109.2711249999999978
 31
0
  0
LINE
  5
3AF
330
1A
100
AcDbEntity
  8
B.Cu
  6
CONTINUOUS
100
AcDbLine
 10
140.8015330000000063
 20
-109.2711249999999978
 30
0
 11
140.8303689999999904
 21
-109.4160949999999985
 31
0
  0
LINE
  5
3B0
330
1A
100
AcDbEntity
  8
B.Cu
  6
CONTINUOUS
100
AcDbLine
 10
140.8303689999999904
 20
-109.4160949999999985
 30
0
 11
140.8303689999999904
 21
-109.5639049999999912
 31
0
  0
LINE
  5
3B1
330
1A
100
AcDbEntity
  8
B.Cu
  6
CONTINUOUS
100
AcDbLine
 10
140.8303689999999904
 20
-109.5639049999999912
 30
0
 11
140.8015330000000063
 21
-109.7088749999999919
 31
0
  0
LINE
  5
3B2
330
1A
100
AcDbEntity
  8
B.Cu
  6
CONTINUOUS
100
AcDbLine
 10
140.8015330000000063
 20
-109.7088749999999919
 30
0
 11
140.7449689999999975
 21
-109.8454329999999999
 31
0
  0
LINE
  5
3B3
330
1A
100
AcDbEntity
  8
B.Cu
  6
CONTINUOUS
100
AcDbLine
 10
140.7449689999999975
 20
-109.8454329999999999
 30
0
 11
140.6628499999999917
 21
-109.9683330000000012
 31
0
  0
LINE
  5
3B4
330
1A
100
AcDbEntity
  8
B.Cu
  6
CONTINUOUS
100
AcDbLine
 10
140.6628499999999917
 20
-109.9683330000000012
 30
0
 11
140.5583330000000046
 21
-110.0728499999999883
 31
0
  0
LINE
  5
3B5
330
1A
100
AcDbEntity
  8
B.Cu
  6
CONTINUOUS
100
AcDbLine
 10
140.5583330000000046
 20
-110.0728499999999883
 30
0
 11
140.4354329999999891
 21
-110.1549689999999941
 31
0
  0
LINE
  5
3B6
330
1A
100
AcDbEntity
  8
B.Cu
  6
CONTINUOUS
100
AcDbLine
 10
140.4354329999999891
 20
-110.1549689999999941
 30
0
 11
140.2988749999999811
 21
-110.2115329999999886
 31
0
  0
LINE
  5
3B7
330
1A
100
AcDbEntity
  8
B.Cu
  6
CONTINUOUS
100
AcDbLine
 10
140.2988749999999811
 20
-110.2115329999999886
 30
0
 11
140.1539049999999804
 21
-110.2403690000000012
 31
0
  0
LINE
  5
3B8
330
1A
100
AcDbEntity
  8
B.Cu
  6
CONTINUOUS
100
AcDbLine
 10
140.1539049999999804
 20
-110.2403690000000012
 30
0
 11
140.0060949999999877
 21
-110.2403690000000012
 31
0
  0
LINE
  5
3B9
330
1A
100
AcDbEntity
  8
B.Cu
  6
CONTINUOUS
100
AcDbLine
 10
140.0060949999999877
 20
-110.2403690000000012
 30
0
 11
139.861124999999987
 21
-110.2115329999999886
 31
0
  0
LINE
  5
3BA
330
1A
100
AcDbEntity
  8
B.Cu
  6
CONTINUOUS
100
AcDbLine
 10
139.861124999999987
 20
-110.2115329999999886
 30
0
 11
139.7245670000000075
 21
-110.1549689999999941
 31
0
  0
LINE
  5
3BB
330
1A
100
AcDbEntity
  8
B.Cu
  6
CONTINUOUS
100
AcDbLine
 10
139.7245670000000075
 20
-110.1549689999999941
 30
0
 11
139.601666999999992
 21
-110.0728499999999883
 31
0
  0
LINE
  5
3BC
330
1A
100
AcDbEntity
  8
B.Cu
  6
CONTINUOUS
100
AcDbLine
 10
139.601666999999992
 20
-110.0728499999999883
 30
0
 11
139.4971500000000049
 21
-109.9683330000000012
 31
0
  0
LINE
  5
3BD
330
1A
100
AcDbEntity
  8
B.Cu
  6
CONTINUOUS
100
AcDbLine
 10
139.4971500000000049
 20
-109.9683330000000012
 30
0
 11
139.415030999999999
 21
-109.8454329999999999
 31
0
  0
LINE
  5
3BE
330
1A
100
AcDbEntity
  8
B.Cu
  6
CONTINUOUS
100
AcDbLine
 10
139.415030999999999
 20
-109.8454329999999999
 30
0
 11
139.3584669999999903
 21
-109.7088749999999919
 31
0
  0
LINE
  5
3BF
330
1A
100
AcDbEntity
  8
B.Cu
  6
CONTINUOUS
100
AcDbLine
 10
139.3584669999999903
 20
-109.7088749999999919
 30
0
 11
139.3296310000000062
 21
-109.5639049999999912
 31
0
  0
LINE
  5
3C0
330
1A
100
AcDbEntity
  8
B.Cu
  6
CONTINUOUS
100
AcDbLine
 10
139.3296310000000062
 20
-109.5639049999999912
 30
0
 11
139.3296310000000062
 21
-109.4160949999999985
 31
0
  0
LINE
  5
3C1
330
1A
100
AcDbEntity
  8
B.Cu
  6
CONTINUOUS
100
AcDbLine
 10
139.3296310000000062
 20
-109.4160949999999985
 30
0
 11
139.3584669999999903
 21
-109.2711249999999978
 31
0
  0
LINE
  5
3C2
330
1A
100
AcDbEntity
  8
B.Cu
  6
CONTINUOUS
100
AcDbLine
 10
139.3584669999999903
 20
-109.2711249999999978
 30
0
 11
139.415030999999999
 21
-109.1345669999999899
 31
0
  0
LINE
  5
3C3
330
1A
100
AcDbEntity
  8
B.Cu
  6
CONTINUOUS
100
AcDbLine
 10
139.415030999999999
 20
-109.1345669999999899
 30
0
 11
139.4971500000000049
 21
-109.0116669999999885
 31
0
  0
LINE
  5
3C4
330
1A
100
AcDbEntity
  8
B.Cu
  6
CONTINUOUS
100
AcDbLine
 10
139.4971500000000049
 20
-109.0116669999999885
 30
0
 11
139.601666999999992
 21
-108.9071500000000015
 31
0
  0
LINE
  5
3C5
330
1A
100
AcDbEntity
  8
B.Cu
  6
CONTINUOUS
100
AcDbLine
 10
139.601666999999992
 20
-108.9071500000000015
 30
0
 11
139.7245670000000075
 21
-108.8250309999999956
 31
0
  0
LINE
  5
3C6
330
1A
100
AcDbEntity
  8
B.Cu
  6
CONTINUOUS
100
AcDbLine
 10
139.7245670000000075
 20
-108.8250309999999956
 30
0
 11
139.861124999999987
 21
-108.7684670000000011
 31
0
  0
LINE
  5
3C7
330
1A
100
AcDbEntity
  8
B.Cu
  6
CONTINUOUS
100
AcDbLine
 10
139.861124999999987
 20
-108.7684670000000011
 30
0
 11
140.0060949999999877
 21
-108.7396309999999886
 31
0
  0
LINE
  5
3C8
330
1A
100
AcDbEntity
  8
B.Cu
  6
CONTINUOUS
100
AcDbLine
 10
140.0060949999999877
 20
-108.7396309999999886
 30
0
 11
140.1539049999999804
 21
-108.7396309999999886
 31
0
  0
LINE
  5
3C9
330
1A
100
AcDbEntity
  8
B.Cu
  6
CONTINUOUS
100
AcDbLine
 10
140.1539049999999804
 20
-108.7396309999999886
 30
0
 11
140.2988749999999811
 21
-108.7684670000000011
 31
0
  0
LINE
  5
3CA
330
1A
100
AcDbEntity
  8
B.Cu
  6
CONTINUOUS
100
AcDbLine
 10
155.5388749999999902
 20
-129.0884669999999801
 30
0
 11
155.6754329999999982
 21
-129.1450309999999888
 31
0
  0
LINE
  5
3CB
330
1A
100
AcDbEntity
  8
B.Cu
  6
CONTINUOUS
100
AcDbLine
 10
155.6754329999999982
 20
-129.1450309999999888
 30
0
 11
155.7983329999999853
 21
-129.2271499999999946
 31
0
  0
LINE
  5
3CC
330
1A
100
AcDbEntity
  8
B.Cu
  6
CONTINUOUS
100
AcDbLine
 10
155.7983329999999853
 20
-129.2271499999999946
 30
0
 11
155.9028500000000008
 21
-129.3316669999999817
 31
0
  0
LINE
  5
3CD
330
1A
100
AcDbEntity
  8
B.Cu
  6
CONTINUOUS
100
AcDbLine
 10
155.9028500000000008
 20
-129.3316669999999817
 30
0
 11
155.9849690000000066
 21
-129.4545669999999973
 31
0
  0
LINE
  5
3CE
330
1A
100
AcDbEntity
  8
B.Cu
  6
CONTINUOUS
100
AcDbLine
 10
155.9849690000000066
 20
-129.4545669999999973
 30
0
 11
156.0415329999999869
 21
-129.5911250000000052
 31
0
  0
LINE
  5
3CF
330
1A
100
AcDbEntity
  8
B.Cu
  6
CONTINUOUS
100
AcDbLine
 10
156.0415329999999869
 20
-129.5911250000000052
 30
0
 11
156.0703689999999995
 21
-129.7360950000000059
 31
0
  0
LINE
  5
3D0
330
1A
100
AcDbEntity
  8
B.Cu
  6
CONTINUOUS
100
AcDbLine
 10
156.0703689999999995
 20
-129.7360950000000059
 30
0
 11
156.0703689999999995
 21
-129.8839049999999986
 31
0
  0
LINE
  5
3D1
330
1A
100
AcDbEntity
  8
B.Cu
  6
CONTINUOUS
100
AcDbLine
 10
156.0703689999999995
 20
-129.8839049999999986
 30
0
 11
156.0415329999999869
 21
-130.0288749999999993
 31
0
  0
LINE
  5
3D2
330
1A
100
AcDbEntity
  8
B.Cu
  6
CONTINUOUS
100
AcDbLine
 10
156.0415329999999869
 20
-130.0288749999999993
 30
0
 11
155.9849690000000066
 21
-130.1654330000000073
 31
0
  0
LINE
  5
3D3
330
1A
100
AcDbEntity
  8
B.Cu
  6
CONTINUOUS
100
AcDbLine
 10
155.9849690000000066
 20
-130.1654330000000073
 30
0
 11
155.9028500000000008
 21
-130.2883329999999944
 31
0
  0
LINE
  5
3D4
330
1A
100
AcDbEntity
  8
B.Cu
  6
CONTINUOUS
100
AcDbLine
 10
155.9028500000000008
 20
-130.2883329999999944
 30
0
 11
155.7983329999999853
 21
-130.3928499999999815
 31
0
  0
LINE
  5
3D5
330
1A
100
AcDbEntity
  8
B.Cu
  6
CONTINUOUS
100
AcDbLine
 10
155.7983329999999853
 20
-130.3928499999999815
 30
0
 11
155.6754329999999982
 21
-130.4749689999999873
 31
0
  0
LINE
  5
3D6
330
1A
100
AcDbEntity
  8
B.Cu
  6
CONTINUOUS
100
AcDbLine
 10
155.6754329999999982
 20
-130.4749689999999873
 30
0
 11
155.5388749999999902
 21
-130.531532999999996
 31
0
  0
LINE
  5
3D7
330
1A
100
AcDbEntity
  8
B.Cu
  6
CONTINUOUS
100
AcDbLine
 10
155.5388749999999902
 20
-130.531532999999996
 30
0
 11
155.3939049999999895
 21
-130.5603689999999801
 31
0
  0
LINE
  5
3D8
330
1A
100
AcDbEntity
  8
B.Cu
  6
CONTINUOUS
100
AcDbLine
 10
155.3939049999999895
 20
-130.5603689999999801
 30
0
 11
155.2460949999999968
 21
-130.5603689999999801
 31
0
  0
LINE
  5
3D9
330
1A
100
AcDbEntity
  8
B.Cu
  6
CONTINUOUS
100
AcDbLine
 10
155.2460949999999968
 20
-130.5603689999999801
 30
0
 11
155.1011249999999961
 21
-130.531532999999996
 31
0
  0
LINE
  5
3DA
330
1A
100
AcDbEntity
  8
B.Cu
  6
CONTINUOUS
100
AcDbLine
 10
155.1011249999999961
 20
-130.531532999999996
 30
0
 11
154.9645669999999882
 21
-130.4749689999999873
 31
0
  0
LINE
  5
3DB
330
1A
100
AcDbEntity
  8
B.Cu
  6
CONTINUOUS
100
AcDbLine
 10
154.9645669999999882
 20
-130.4749689999999873
 30
0
 11
154.8416670000000011
 21
-130.3928499999999815
 31
0
  0
LINE
  5
3DC
330
1A
100
AcDbEntity
  8
B.Cu
  6
CONTINUOUS
100
AcDbLine
 10
154.8416670000000011
 20
-130.3928499999999815
 30
0
 11
154.7371499999999855
 21
-130.2883329999999944
 31
0
  0
LINE
  5
3DD
330
1A
100
AcDbEntity
  8
B.Cu
  6
CONTINUOUS
100
AcDbLine
 10
154.7371499999999855
 20
-130.2883329999999944
 30
0
 11
154.6550309999999797
 21
-130.1654330000000073
 31
0
  0
LINE
  5
3DE
330
1A
100
AcDbEntity
  8
B.Cu
  6
CONTINUOUS
100
AcDbLine
 10
154.6550309999999797
 20
-130.1654330000000073
 30
0
 11
154.5984669999999994
 21
-130.0288749999999993
 31
0
  0
LINE
  5
3DF
330
1A
100
AcDbEntity
  8
B.Cu
  6
CONTINUOUS
100
AcDbLine
 10
154.5984669999999994
 20
-130.0288749999999993
 30
0
 11
154.5696309999999869
 21
-129.8839049999999986
 31
0
  0
LINE
  5
3E0
330
1A
100
AcDbEntity
  8
B.Cu
  6
CONTINUOUS
100
AcDbLine
 10
154.5696309999999869
 20
-129.8839049999999986
 30
0
 11
154.5696309999999869
 21
-129.7360950000000059
 31
0
  0
LINE
  5
3E1
330
1A
100
AcDbEntity
  8
B.Cu
  6
CONTINUOUS
100
AcDbLine
 10
154.5696309999999869
 20
-129.7360950000000059
 30
0
 11
154.5984669999999994
 21
-129.5911250000000052
 31
0
  0
LINE
  5
3E2
330
1A
100
AcDbEntity
  8
B.Cu
  6
CONTINUOUS
100
AcDbLine
 10
154.5984669999999994
 20
-129.5911250000000052
 30
0
 11
154.6550309999999797
 21
-129.4545669999999973
 31
0
  0
LINE
  5
3E3
330
1A
100
AcDbEntity
  8
B.Cu
  6
CONTINUOUS
100
AcDbLine
 10
154.6550309999999797
 20
-129.4545669999999973
 30
0
 11
154.7371499999999855
 21
-129.3316669999999817
 31
0
  0
LINE
  5
3E4
330
1A
100
AcDbEntity
  8
B.Cu
  6
CONTINUOUS
100
AcDbLine
 10
154.7371499999999855
 20
-129.3316669999999817
 30
0
 11
154.8416670000000011
 21
-129.2271499999999946
 31
0
  0
LINE
  5
3E5
330
1A
100
AcDbEntity
  8
B.Cu
  6
CONTINUOUS
100
AcDbLine
 10
154.8416670000000011
 20
-129.2271499999999946
 30
0
 11
154.9645669999999882
 21
-129.1450309999999888
 31
0
  0
LINE
  5
3E6
330
1A
100
AcDbEntity
  8
B.Cu
  6
CONTINUOUS
100
AcDbLine
 10
154.9645669999999882
 20
-129.1450309999999888
 30
0
 11
155.1011249999999961
 21
-129.0884669999999801
 31
0
  0
LINE
  5
3E7
330
1A
100
AcDbEntity
  8
B.Cu
  6
CONTINUOUS
100
AcDbLine
 10
155.1011249999999961
 20
-129.0884669999999801
 30
0
 11
155.2460949999999968
 21
-129.059630999999996
 31
0
  0
LINE
  5
3E8
330
1A
100
AcDbEntity
  8
B.Cu
  6
CONTINUOUS
100
AcDbLine
 10
155.2460949999999968
 20
-129.059630999999996
 30
0
 11
155.3939049999999895
 21
-129.059630999999996
 31
0
  0
LINE
  5
3E9
330
1A
100
AcDbEntity
  8
B.Cu
  6
CONTINUOUS
100
AcDbLine
 10
155.3939049999999895
 20
-129.059630999999996
 30
0
 11
155.5388749999999902
 21
-129.0884669999999801
 31
0
  0
LINE
  5
3EA
330
1A
100
AcDbEntity
  8
B.Cu
  6
CONTINUOUS
100
AcDbLine
 10
155.5388749999999902
 20
-126.548466999999988
 30
0
 11
155.6754329999999982
 21
-126.6050309999999968
 31
0
  0
LINE
  5
3EB
330
1A
100
AcDbEntity
  8
B.Cu
  6
CONTINUOUS
100
AcDbLine
 10
155.6754329999999982
 20
-126.6050309999999968
 30
0
 11
155.7983329999999853
 21
-126.6871499999999884
 31
0
  0
LINE
  5
3EC
330
1A
100
AcDbEntity
  8
B.Cu
  6
CONTINUOUS
100
AcDbLine
 10
155.7983329999999853
 20
-126.6871499999999884
 30
0
 11
155.9028500000000008
 21
-126.7916669999999897
 31
0
  0
LINE
  5
3ED
330
1A
100
AcDbEntity
  8
B.Cu
  6
CONTINUOUS
100
AcDbLine
 10
155.9028500000000008
 20
-126.7916669999999897
 30
0
 11
155.9849690000000066
 21
-126.914566999999991
 31
0
  0
LINE
  5
3EE
330
1A
100
AcDbEntity
  8
B.Cu
  6
CONTINUOUS
100
AcDbLine
 10
155.9849690000000066
 20
-126.914566999999991
 30
0
 11
156.0415329999999869
 21
-127.051124999999999
 31
0
  0
LINE
  5
3EF
330
1A
100
AcDbEntity
  8
B.Cu
  6
CONTINUOUS
100
AcDbLine
 10
156.0415329999999869
 20
-127.051124999999999
 30
0
 11
156.0703689999999995
 21
-127.1960949999999997
 31
0
  0
LINE
  5
3F0
330
1A
100
AcDbEntity
  8
B.Cu
  6
CONTINUOUS
100
AcDbLine
 10
156.0703689999999995
 20
-127.1960949999999997
 30
0
 11
156.0703689999999995
 21
-127.3439049999999924
 31
0
  0
LINE
  5
3F1
330
1A
100
AcDbEntity
  8
B.Cu
  6
CONTINUOUS
100
AcDbLine
 10
156.0703689999999995
 20
-127.3439049999999924
 30
0
 11
156.0415329999999869
 21
-127.4888749999999931
 31
0
  0
LINE
  5
3F2
330
1A
100
AcDbEntity
  8
B.Cu
  6
CONTINUOUS
100
AcDbLine
 10
156.0415329999999869
 20
-127.4888749999999931
 30
0
 11
155.9849690000000066
 21
-127.625433000000001
 31
0
  0
LINE
  5
3F3
330
1A
100
AcDbEntity
  8
B.Cu
  6
CONTINUOUS
100
AcDbLine
 10
155.9849690000000066
 20
-127.625433000000001
 30
0
 11
155.9028500000000008
 21
-127.7483329999999881
 31
0
  0
LINE
  5
3F4
330
1A
100
AcDbEntity
  8
B.Cu
  6
CONTINUOUS
100
AcDbLine
 10
155.9028500000000008
 20
-127.7483329999999881
 30
0
 11
155.7983329999999853
 21
-127.8528499999999894
 31
0
  0
LINE
  5
3F5
330
1A
100
AcDbEntity
  8
B.Cu
  6
CONTINUOUS
100
AcDbLine
 10
155.7983329999999853
 20
-127.8528499999999894
 30
0
 11
155.6754329999999982
 21
-127.9349689999999953
 31
0
  0
LINE
  5
3F6
330
1A
100
AcDbEntity
  8
B.Cu
  6
CONTINUOUS
100
AcDbLine
 10
155.6754329999999982
 20
-127.9349689999999953
 30
0
 11
155.5388749999999902
 21
-127.9915329999999898
 31
0
  0
LINE
  5
3F7
330
1A
100
AcDbEntity
  8
B.Cu
  6
CONTINUOUS
100
AcDbLine
 10
155.5388749999999902
 20
-127.9915329999999898
 30
0
 11
155.3939049999999895
 21
-128.0203689999999881
 31
0
  0
LINE
  5
3F8
330
1A
100
AcDbEntity
  8
B.Cu
  6
CONTINUOUS
100
AcDbLine
 10
155.3939049999999895
 20
-128.0203689999999881
 30
0
 11
155.2460949999999968
 21
-128.0203689999999881
 31
0
  0
LINE
  5
3F9
330
1A
100
AcDbEntity
  8
B.Cu
  6
CONTINUOUS
100
AcDbLine
 10
155.2460949999999968
 20
-128.0203689999999881
 30
0
 11
155.1011249999999961
 21
-127.9915329999999898
 31
0
  0
LINE
  5
3FA
330
1A
100
AcDbEntity
  8
B.Cu
  6
CONTINUOUS
100
AcDbLine
 10
155.1011249999999961
 20
-127.9915329999999898
 30
0
 11
154.9645669999999882
 21
-127.9349689999999953
 31
0
  0
LINE
  5
3FB
330
1A
100
AcDbEntity
  8
B.Cu
  6
CONTINUOUS
100
AcDbLine
 10
154.9645669999999882
 20
-127.9349689999999953
 30
0
 11
154.8416670000000011
 21
-127.8528499999999894
 31
0
  0
LINE
  5
3FC
330
1A
100
AcDbEntity
  8
B.Cu
  6
CONTINUOUS
100
AcDbLine
 10
154.8416670000000011
 20
-127.8528499999999894
 30
0
 11
154.7371499999999855
 21
-127.7483329999999881
 31
0
  0
LINE
  5
3FD
330
1A
100
AcDbEntity
  8
B.Cu
  6
CONTINUOUS
100
AcDbLine
 10
154.7371499999999855
 20
-127.7483329999999881
 30
0
 11
154.6550309999999797
 21
-127.625433000000001
 31
0
  0
LINE
  5
3FE
330
1A
100
AcDbEntity
  8
B.Cu
  6
CONTINUOUS
100
AcDbLine
 10
154.6550309999999797
 20
-127.625433000000001
 30
0
 11
154.5984669999999994
 21
-127.4888749999999931
 31
0
  0
LINE
  5
3FF
330
1A
100
AcDbEntity
  8
B.Cu
  6
CONTINUOUS
100
AcDbLine
 10
154.5984669999999994
 20
-127.4888749999999931
 30
0
 11
154.5696309999999869
 21
-127.3439049999999924
 31
0
  0
LINE
  5
400
330
1A
100
AcDbEntity
  8
B.Cu
  6
CONTINUOUS
100
AcDbLine
 10
154.5696309999999869
 20
-127.3439049999999924
 30
0
 11
154.5696309999999869
 21
-127.1960949999999997
 31
0
  0
LINE
  5
401
330
1A
100
AcDbEntity
  8
B.Cu
  6
CONTINUOUS
100
AcDbLine
 10
154.5696309999999869
 20
-127.1960949999999997
 30
0
 11
154.5984669999999994
 21
-127.051124999999999
 31
0
  0
LINE
  5
402
330
1A
100
AcDbEntity
  8
B.Cu
  6
CONTINUOUS
100
AcDbLine
 10
154.5984669999999994
 20
-127.051124999999999
 30
0
 11
154.6550309999999797
 21
-126.914566999999991
 31
0
  0
LINE
  5
403
330
1A
100
AcDbEntity
  8
B.Cu
  6
CONTINUOUS
100
AcDbLine
 10
154.6550309999999797
 20
-126.914566999999991
 30
0
 11
154.7371499999999855
 21
-126.7916669999999897
 31
0
  0
LINE
  5
404
330
1A
100
AcDbEntity
  8
B.Cu
  6
CONTINUOUS
100
AcDbLine
 10
154.7371499999999855
 20
-126.7916669999999897
 30
0
 11
154.8416670000000011
 21
-126.6871499999999884
 31
0
  0
LINE
  5
405
330
1A
100
AcDbEntity
  8
B.Cu
  6
CONTINUOUS
100
AcDbLine
 10
154.8416670000000011
 20
-126.6871499999999884
 30
0
 11
154.9645669999999882
 21
-126.6050309999999968
 31
0
  0
LINE
  5
406
330
1A
100
AcDbEntity
  8
B.Cu
  6
CONTINUOUS
100
AcDbLine
 10
154.9645669999999882
 20
-126.6050309999999968
 30
0
 11
155.1011249999999961
 21
-126.548466999999988
 31
0
  0
LINE
  5
407
330
1A
100
AcDbEntity
  8
B.Cu
  6
CONTINUOUS
100
AcDbLine
 10
155.1011249999999961
 20
-126.548466999999988
 30
0
 11
155.2460949999999968
 21
-126.5196309999999897
 31
0
  0
LINE
  5
408
330
1A
100
AcDbEntity
  8
B.Cu
  6
CONTINUOUS
100
AcDbLine
 10
155.2460949999999968
 20
-126.5196309999999897
 30
0
 11
155.3939049999999895
 21
-126.5196309999999897
 31
0
  0
LINE
  5
409
330
1A
100
AcDbEntity
  8
B.Cu
  6
CONTINUOUS
100
AcDbLine
 10
155.3939049999999895
 20
-126.5196309999999897
 30
0
 11
155.5388749999999902
 21
-126.548466999999988
 31
0
  0
LINE
  5
40A
330
1A
100
AcDbEntity
  8
B.Cu
  6
CONTINUOUS
100
AcDbLine
 10
155.5388749999999902
 20
-124.008466999999996
 30
0
 11
155.6754329999999982
 21
-124.0650309999999905
 31
0
  0
LINE
  5
40B
330
1A
100
AcDbEntity
  8
B.Cu
  6
CONTINUOUS
100
AcDbLine
 10
155.6754329999999982
 20
-124.0650309999999905
 30
0
 11
155.7983329999999853
 21
-124.1471499999999963
 31
0
  0
LINE
  5
40C
330
1A
100
AcDbEntity
  8
B.Cu
  6
CONTINUOUS
100
AcDbLine
 10
155.7983329999999853
 20
-124.1471499999999963
 30
0
 11
155.9028500000000008
 21
-124.2516669999999976
 31
0
  0
LINE
  5
40D
330
1A
100
AcDbEntity
  8
B.Cu
  6
CONTINUOUS
100
AcDbLine
 10
155.9028500000000008
 20
-124.2516669999999976
 30
0
 11
155.9849690000000066
 21
-124.374566999999999
 31
0
  0
LINE
  5
40E
330
1A
100
AcDbEntity
  8
B.Cu
  6
CONTINUOUS
100
AcDbLine
 10
155.9849690000000066
 20
-124.374566999999999
 30
0
 11
156.0415329999999869
 21
-124.5111249999999927
 31
0
  0
LINE
  5
40F
330
1A
100
AcDbEntity
  8
B.Cu
  6
CONTINUOUS
100
AcDbLine
 10
156.0415329999999869
 20
-124.5111249999999927
 30
0
 11
156.0703689999999995
 21
-124.6560949999999934
 31
0
  0
LINE
  5
410
330
1A
100
AcDbEntity
  8
B.Cu
  6
CONTINUOUS
100
AcDbLine
 10
156.0703689999999995
 20
-124.6560949999999934
 30
0
 11
156.0703689999999995
 21
-124.8039050000000003
 31
0
  0
LINE
  5
411
330
1A
100
AcDbEntity
  8
B.Cu
  6
CONTINUOUS
100
AcDbLine
 10
156.0703689999999995
 20
-124.8039050000000003
 30
0
 11
156.0415329999999869
 21
-124.948875000000001
 31
0
  0
LINE
  5
412
330
1A
100
AcDbEntity
  8
B.Cu
  6
CONTINUOUS
100
AcDbLine
 10
156.0415329999999869
 20
-124.948875000000001
 30
0
 11
155.9849690000000066
 21
-125.0854329999999948
 31
0
  0
LINE
  5
413
330
1A
100
AcDbEntity
  8
B.Cu
  6
CONTINUOUS
100
AcDbLine
 10
155.9849690000000066
 20
-125.0854329999999948
 30
0
 11
155.9028500000000008
 21
-125.2083329999999961
 31
0
  0
LINE
  5
414
330
1A
100
AcDbEntity
  8
B.Cu
  6
CONTINUOUS
100
AcDbLine
 10
155.9028500000000008
 20
-125.2083329999999961
 30
0
 11
155.7983329999999853
 21
-125.3128499999999974
 31
0
  0
LINE
  5
415
330
1A
100
AcDbEntity
  8
B.Cu
  6
CONTINUOUS
100
AcDbLine
 10
155.7983329999999853
 20
-125.3128499999999974
 30
0
 11
155.6754329999999982
 21
-125.394968999999989
 31
0
  0
LINE
  5
416
330
1A
100
AcDbEntity
  8
B.Cu
  6
CONTINUOUS
100
AcDbLine
 10
155.6754329999999982
 20
-125.394968999999989
 30
0
 11
155.5388749999999902
 21
-125.4515329999999977
 31
0
  0
LINE
  5
417
330
1A
100
AcDbEntity
  8
B.Cu
  6
CONTINUOUS
100
AcDbLine
 10
155.5388749999999902
 20
-125.4515329999999977
 30
0
 11
155.3939049999999895
 21
-125.480368999999996
 31
0
  0
LINE
  5
418
330
1A
100
AcDbEntity
  8
B.Cu
  6
CONTINUOUS
100
AcDbLine
 10
155.3939049999999895
 20
-125.480368999999996
 30
0
 11
155.2460949999999968
 21
-125.480368999999996
 31
0
  0
LINE
  5
419
330
1A
100
AcDbEntity
  8
B.Cu
  6
CONTINUOUS
100
AcDbLine
 10
155.2460949999999968
 20
-125.480368999999996
 30
0
 11
155.1011249999999961
 21
-125.4515329999999977
 31
0
  0
LINE
  5
41A
330
1A
100
AcDbEntity
  8
B.Cu
  6
CONTINUOUS
100
AcDbLine
 10
155.1011249999999961
 20
-125.4515329999999977
 30
0
 11
154.9645669999999882
 21
-125.394968999999989
 31
0
  0
LINE
  5
41B
330
1A
100
AcDbEntity
  8
B.Cu
  6
CONTINUOUS
100
AcDbLine
 10
154.9645669999999882
 20
-125.394968999999989
 30
0
 11
154.8416670000000011
 21
-125.3128499999999974
 31
0
  0
LINE
  5
41C
330
1A
100
AcDbEntity
  8
B.Cu
  6
CONTINUOUS
100
AcDbLine
 10
154.8416670000000011
 20
-125.3128499999999974
 30
0
 11
154.7371499999999855
 21
-125.2083329999999961
 31
0
  0
LINE
  5
41D
330
1A
100
AcDbEntity
  8
B.Cu
  6
CONTINUOUS
100
AcDbLine
 10
154.7371499999999855
 20
-125.2083329999999961
 30
0
 11
154.6550309999999797
 21
-125.0854329999999948
 31
0
  0
LINE
  5
41E
330
1A
100
AcDbEntity
  8
B.Cu
  6
CONTINUOUS
100
AcDbLine
 10
154.6550309999999797
 20
-125.0854329999999948
 30
0
 11
154.5984669999999994
 21
-124.948875000000001
 31
0
  0
LINE
  5
41F
330
1A
100
AcDbEntity
  8
B.Cu
  6
CONTINUOUS
100
AcDbLine
 10
154.5984669999999994
 20
-124.948875000000001
 30
0
 11
154.5696309999999869
 21
-124.8039050000000003
 31
0
  0
LINE
  5
420
330
1A
100
AcDbEntity
  8
B.Cu
  6
CONTINUOUS
100
AcDbLine
 10
154.5696309999999869
 20
-124.8039050000000003
 30
0
 11
154.5696309999999869
 21
-124.6560949999999934
 31
0
  0
LINE
  5
421
330
1A
100
AcDbEntity
  8
B.Cu
  6
CONTINUOUS
100
AcDbLine
 10
154.5696309999999869
 20
-124.6560949999999934
 30
0
 11
154.5984669999999994
 21
-124.5111249999999927
 31
0
  0
LINE
  5
422
330
1A
100
AcDbEntity
  8
B.Cu
  6
CONTINUOUS
100
AcDbLine
 10
154.5984669999999994
 20
-124.5111249999999927
 30
0
 11
154.6550309999999797
 21
-124.374566999999999
 31
0
  0
LINE
  5
423
330
1A
100
AcDbEntity
  8
B.Cu
  6
CONTINUOUS
100
AcDbLine
 10
154.6550309999999797
 20
-124.374566999999999
 30
0
 11
154.7371499999999855
 21
-124.2516669999999976
 31
0
  0
LINE
  5
424
330
1A
100
AcDbEntity
  8
B.Cu
  6
CONTINUOUS
100
AcDbLine
 10
154.7371499999999855
 20
-124.2516669999999976
 30
0
 11
154.8416670000000011
 21
-124.1471499999999963
 31
0
  0
LINE
  5
425
330
1A
100
AcDbEntity
  8
B.Cu
  6
CONTINUOUS
100
AcDbLine
 10
154.8416670000000011
 20
-124.1471499999999963
 30
0
 11
154.9645669999999882
 21
-124.0650309999999905
 31
0
  0
LINE
  5
426
330
1A
100
AcDbEntity
  8
B.Cu
  6
CONTINUOUS
100
AcDbLine
 10
154.9645669999999882
 20
-124.0650309999999905
 30
0
 11
155.1011249999999961
 21
-124.008466999999996
 31
0
  0
LINE
  5
427
330
1A
100
AcDbEntity
  8
B.Cu
  6
CONTINUOUS
100
AcDbLine
 10
155.1011249999999961
 20
-124.008466999999996
 30
0
 11
155.2460949999999968
 21
-123.9796309999999977
 31
0
  0
LINE
  5
428
330
1A
100
AcDbEntity
  8
B.Cu
  6
CONTINUOUS
100
AcDbLine
 10
155.2460949999999968
 20
-123.9796309999999977
 30
0
 11
155.3939049999999895
 21
-123.9796309999999977
 31
0
  0
LINE
  5
429
330
1A
100
AcDbEntity
  8
B.Cu
  6
CONTINUOUS
100
AcDbLine
 10
155.3939049999999895
 20
-123.9796309999999977
 30
0
 11
155.5388749999999902
 21
-124.008466999999996
 31
0
  0
LINE
  5
42A
330
1A
100
AcDbEntity
  8
B.Cu
  6
CONTINUOUS
100
AcDbLine
 10
155.5388749999999902
 20
-121.4684669999999898
 30
0
 11
155.6754329999999982
 21
-121.5250309999999985
 31
0
  0
LINE
  5
42B
330
1A
100
AcDbEntity
  8
B.Cu
  6
CONTINUOUS
100
AcDbLine
 10
155.6754329999999982
 20
-121.5250309999999985
 30
0
 11
155.7983329999999853
 21
-121.6071499999999901
 31
0
  0
LINE
  5
42C
330
1A
100
AcDbEntity
  8
B.Cu
  6
CONTINUOUS
100
AcDbLine
 10
155.7983329999999853
 20
-121.6071499999999901
 30
0
 11
155.9028500000000008
 21
-121.7116669999999914
 31
0
  0
LINE
  5
42D
330
1A
100
AcDbEntity
  8
B.Cu
  6
CONTINUOUS
100
AcDbLine
 10
155.9028500000000008
 20
-121.7116669999999914
 30
0
 11
155.9849690000000066
 21
-121.8345669999999927
 31
0
  0
LINE
  5
42E
330
1A
100
AcDbEntity
  8
B.Cu
  6
CONTINUOUS
100
AcDbLine
 10
155.9849690000000066
 20
-121.8345669999999927
 30
0
 11
156.0415329999999869
 21
-121.9711250000000007
 31
0
  0
LINE
  5
42F
330
1A
100
AcDbEntity
  8
B.Cu
  6
CONTINUOUS
100
AcDbLine
 10
156.0415329999999869
 20
-121.9711250000000007
 30
0
 11
156.0703689999999995
 21
-122.1160950000000014
 31
0
  0
LINE
  5
430
330
1A
100
AcDbEntity
  8
B.Cu
  6
CONTINUOUS
100
AcDbLine
 10
156.0703689999999995
 20
-122.1160950000000014
 30
0
 11
156.0703689999999995
 21
-122.2639049999999941
 31
0
  0
LINE
  5
431
330
1A
100
AcDbEntity
  8
B.Cu
  6
CONTINUOUS
100
AcDbLine
 10
156.0703689999999995
 20
-122.2639049999999941
 30
0
 11
156.0415329999999869
 21
-122.4088749999999948
 31
0
  0
LINE
  5
432
330
1A
100
AcDbEntity
  8
B.Cu
  6
CONTINUOUS
100
AcDbLine
 10
156.0415329999999869
 20
-122.4088749999999948
 30
0
 11
155.9849690000000066
 21
-122.5454329999999885
 31
0
  0
LINE
  5
433
330
1A
100
AcDbEntity
  8
B.Cu
  6
CONTINUOUS
100
AcDbLine
 10
155.9849690000000066
 20
-122.5454329999999885
 30
0
 11
155.9028500000000008
 21
-122.6683329999999899
 31
0
  0
LINE
  5
434
330
1A
100
AcDbEntity
  8
B.Cu
  6
CONTINUOUS
100
AcDbLine
 10
155.9028500000000008
 20
-122.6683329999999899
 30
0
 11
155.7983329999999853
 21
-122.7728499999999912
 31
0
  0
LINE
  5
435
330
1A
100
AcDbEntity
  8
B.Cu
  6
CONTINUOUS
100
AcDbLine
 10
155.7983329999999853
 20
-122.7728499999999912
 30
0
 11
155.6754329999999982
 21
-122.854968999999997
 31
0
  0
LINE
  5
436
330
1A
100
AcDbEntity
  8
B.Cu
  6
CONTINUOUS
100
AcDbLine
 10
155.6754329999999982
 20
-122.854968999999997
 30
0
 11
155.5388749999999902
 21
-122.9115329999999915
 31
0
  0
LINE
  5
437
330
1A
100
AcDbEntity
  8
B.Cu
  6
CONTINUOUS
100
AcDbLine
 10
155.5388749999999902
 20
-122.9115329999999915
 30
0
 11
155.3939049999999895
 21
-122.9403689999999898
 31
0
  0
LINE
  5
438
330
1A
100
AcDbEntity
  8
B.Cu
  6
CONTINUOUS
100
AcDbLine
 10
155.3939049999999895
 20
-122.9403689999999898
 30
0
 11
155.2460949999999968
 21
-122.9403689999999898
 31
0
  0
LINE
  5
439
330
1A
100
AcDbEntity
  8
B.Cu
  6
CONTINUOUS
100
AcDbLine
 10
155.2460949999999968
 20
-122.9403689999999898
 30
0
 11
155.1011249999999961
 21
-122.9115329999999915
 31
0
  0
LINE
  5
43A
330
1A
100
AcDbEntity
  8
B.Cu
  6
CONTINUOUS
100
AcDbLine
 10
155.1011249999999961
 20
-122.9115329999999915
 30
0
 11
154.9645669999999882
 21
-122.854968999999997
 31
0
  0
LINE
  5
43B
330
1A
100
AcDbEntity
  8
B.Cu
  6
CONTINUOUS
100
AcDbLine
 10
154.9645669999999882
 20
-122.854968999999997
 30
0
 11
154.8416670000000011
 21
-122.7728499999999912
 31
0
  0
LINE
  5
43C
330
1A
100
AcDbEntity
  8
B.Cu
  6
CONTINUOUS
100
AcDbLine
 10
154.8416670000000011
 20
-122.7728499999999912
 30
0
 11
154.7371499999999855
 21
-122.6683329999999899
 31
0
  0
LINE
  5
43D
330
1A
100
AcDbEntity
  8
B.Cu
  6
CONTINUOUS
100
AcDbLine
 10
154.7371499999999855
 20
-122.6683329999999899
 30
0
 11
154.6550309999999797
 21
-122.5454329999999885
 31
0
  0
LINE
  5
43E
330
1A
100
AcDbEntity
  8
B.Cu
  6
CONTINUOUS
100
AcDbLine
 10
154.6550309999999797
 20
-122.5454329999999885
 30
0
 11
154.5984669999999994
 21
-122.4088749999999948
 31
0
  0
LINE
  5
43F
330
1A
100
AcDbEntity
  8
B.Cu
  6
CONTINUOUS
100
AcDbLine
 10
154.5984669999999994
 20
-122.4088749999999948
 30
0
 11
154.5696309999999869
 21
-122.2639049999999941
 31
0
  0
LINE
  5
440
330
1A
100
AcDbEntity
  8
B.Cu
  6
CONTINUOUS
100
AcDbLine
 10
154.5696309999999869
 20
-122.2639049999999941
 30
0
 11
154.5696309999999869
 21
-122.1160950000000014
 31
0
  0
LINE
  5
441
330
1A
100
AcDbEntity
  8
B.Cu
  6
CONTINUOUS
100
AcDbLine
 10
154.5696309999999869
 20
-122.1160950000000014
 30
0
 11
154.5984669999999994
 21
-121.9711250000000007
 31
0
  0
LINE
  5
442
330
1A
100
AcDbEntity
  8
B.Cu
  6
CONTINUOUS
100
AcDbLine
 10
154.5984669999999994
 20
-121.9711250000000007
 30
0
 11
154.6550309999999797
 21
-121.8345669999999927
 31
0
  0
LINE
  5
443
330
1A
100
AcDbEntity
  8
B.Cu
  6
CONTINUOUS
100
AcDbLine
 10
154.6550309999999797
 20
-121.8345669999999927
 30
0
 11
154.7371499999999855
 21
-121.7116669999999914
 31
0
  0
LINE
  5
444
330
1A
100
AcDbEntity
  8
B.Cu
  6
CONTINUOUS
100
AcDbLine
 10
154.7371499999999855
 20
-121.7116669999999914
 30
0
 11
154.8416670000000011
 21
-121.6071499999999901
 31
0
  0
LINE
  5
445
330
1A
100
AcDbEntity
  8
B.Cu
  6
CONTINUOUS
100
AcDbLine
 10
154.8416670000000011
 20
-121.6071499999999901
 30
0
 11
154.9645669999999882
 21
-121.5250309999999985
 31
0
  0
LINE
  5
446
330
1A
100
AcDbEntity
  8
B.Cu
  6
CONTINUOUS
100
AcDbLine
 10
154.9645669999999882
 20
-121.5250309999999985
 30
0
 11
155.1011249999999961
 21
-121.4684669999999898
 31
0
  0
LINE
  5
447
330
1A
100
AcDbEntity
  8
B.Cu
  6
CONTINUOUS
100
AcDbLine
 10
155.1011249999999961
 20
-121.4684669999999898
 30
0
 11
155.2460949999999968
 21
-121.4396309999999914
 31
0
  0
LINE
  5
448
330
1A
100
AcDbEntity
  8
B.Cu
  6
CONTINUOUS
100
AcDbLine
 10
155.2460949999999968
 20
-121.4396309999999914
 30
0
 11
155.3939049999999895
 21
-121.4396309999999914
 31
0
  0
LINE
  5
449
330
1A
100
AcDbEntity
  8
B.Cu
  6
CONTINUOUS
100
AcDbLine
 10
155.3939049999999895
 20
-121.4396309999999914
 30
0
 11
155.5388749999999902
 21
-121.4684669999999898
 31
0
  0
LINE
  5
44A
330
1A
100
AcDbEntity
  8
B.Cu
  6
CONTINUOUS
100
AcDbLine
 10
155.5388749999999902
 20
-118.9284669999999977
 30
0
 11
155.6754329999999982
 21
-118.9850309999999922
 31
0
  0
LINE
  5
44B
330
1A
100
AcDbEntity
  8
B.Cu
  6
CONTINUOUS
100
AcDbLine
 10
155.6754329999999982
 20
-118.9850309999999922
 30
0
 11
155.7983329999999853
 21
-119.067149999999998
 31
0
  0
LINE
  5
44C
330
1A
100
AcDbEntity
  8
B.Cu
  6
CONTINUOUS
100
AcDbLine
 10
155.7983329999999853
 20
-119.067149999999998
 30
0
 11
155.9028500000000008
 21
-119.1716669999999993
 31
0
  0
LINE
  5
44D
330
1A
100
AcDbEntity
  8
B.Cu
  6
CONTINUOUS
100
AcDbLine
 10
155.9028500000000008
 20
-119.1716669999999993
 30
0
 11
155.9849690000000066
 21
-119.2945670000000007
 31
0
  0
LINE
  5
44E
330
1A
100
AcDbEntity
  8
B.Cu
  6
CONTINUOUS
100
AcDbLine
 10
155.9849690000000066
 20
-119.2945670000000007
 30
0
 11
156.0415329999999869
 21
-119.4311249999999944
 31
0
  0
LINE
  5
44F
330
1A
100
AcDbEntity
  8
B.Cu
  6
CONTINUOUS
100
AcDbLine
 10
156.0415329999999869
 20
-119.4311249999999944
 30
0
 11
156.0703689999999995
 21
-119.5760949999999951
 31
0
  0
LINE
  5
450
330
1A
100
AcDbEntity
  8
B.Cu
  6
CONTINUOUS
100
AcDbLine
 10
156.0703689999999995
 20
-119.5760949999999951
 30
0
 11
156.0703689999999995
 21
-119.7239049999999878
 31
0
  0
LINE
  5
451
330
1A
100
AcDbEntity
  8
B.Cu
  6
CONTINUOUS
100
AcDbLine
 10
156.0703689999999995
 20
-119.7239049999999878
 30
0
 11
156.0415329999999869
 21
-119.8688749999999885
 31
0
  0
LINE
  5
452
330
1A
100
AcDbEntity
  8
B.Cu
  6
CONTINUOUS
100
AcDbLine
 10
156.0415329999999869
 20
-119.8688749999999885
 30
0
 11
155.9849690000000066
 21
-120.0054329999999965
 31
0
  0
LINE
  5
453
330
1A
100
AcDbEntity
  8
B.Cu
  6
CONTINUOUS
100
AcDbLine
 10
155.9849690000000066
 20
-120.0054329999999965
 30
0
 11
155.9028500000000008
 21
-120.1283329999999978
 31
0
  0
LINE
  5
454
330
1A
100
AcDbEntity
  8
B.Cu
  6
CONTINUOUS
100
AcDbLine
 10
155.9028500000000008
 20
-120.1283329999999978
 30
0
 11
155.7983329999999853
 21
-120.2328499999999991
 31
0
  0
LINE
  5
455
330
1A
100
AcDbEntity
  8
B.Cu
  6
CONTINUOUS
100
AcDbLine
 10
155.7983329999999853
 20
-120.2328499999999991
 30
0
 11
155.6754329999999982
 21
-120.3149689999999907
 31
0
  0
LINE
  5
456
330
1A
100
AcDbEntity
  8
B.Cu
  6
CONTINUOUS
100
AcDbLine
 10
155.6754329999999982
 20
-120.3149689999999907
 30
0
 11
155.5388749999999902
 21
-120.3715329999999994
 31
0
  0
LINE
  5
457
330
1A
100
AcDbEntity
  8
B.Cu
  6
CONTINUOUS
100
AcDbLine
 10
155.5388749999999902
 20
-120.3715329999999994
 30
0
 11
155.3939049999999895
 21
-120.4003689999999978
 31
0
  0
LINE
  5
458
330
1A
100
AcDbEntity
  8
B.Cu
  6
CONTINUOUS
100
AcDbLine
 10
155.3939049999999895
 20
-120.4003689999999978
 30
0
 11
155.2460949999999968
 21
-120.4003689999999978
 31
0
  0
LINE
  5
459
330
1A
100
AcDbEntity
  8
B.Cu
  6
CONTINUOUS
100
AcDbLine
 10
155.2460949999999968
 20
-120.4003689999999978
 30
0
 11
155.1011249999999961
 21
-120.3715329999999994
 31
0
  0
LINE
  5
45A
330
1A
100
AcDbEntity
  8
B.Cu
  6
CONTINUOUS
100
AcDbLine
 10
155.1011249999999961
 20
-120.3715329999999994
 30
0
 11
154.9645669999999882
 21
-120.3149689999999907
 31
0
  0
LINE
  5
45B
330
1A
100
AcDbEntity
  8
B.Cu
  6
CONTINUOUS
100
AcDbLine
 10
154.9645669999999882
 20
-120.3149689999999907
 30
0
 11
154.8416670000000011
 21
-120.2328499999999991
 31
0
  0
LINE
  5
45C
330
1A
100
AcDbEntity
  8
B.Cu
  6
CONTINUOUS
100
AcDbLine
 10
154.8416670000000011
 20
-120.2328499999999991
 30
0
 11
154.7371499999999855
 21
-120.1283329999999978
 31
0
  0
LINE
  5
45D
330
1A
100
AcDbEntity
  8
B.Cu
  6
CONTINUOUS
100
AcDbLine
 10
154.7371499999999855
 20
-120.1283329999999978
 30
0
 11
154.6550309999999797
 21
-120.0054329999999965
 31
0
  0
LINE
  5
45E
330
1A
100
AcDbEntity
  8
B.Cu
  6
CONTINUOUS
100
AcDbLine
 10
154.6550309999999797
 20
-120.0054329999999965
 30
0
 11
154.5984669999999994
 21
-119.8688749999999885
 31
0
  0
LINE
  5
45F
330
1A
100
AcDbEntity
  8
B.Cu
  6
CONTINUOUS
100
AcDbLine
 10
154.5984669999999994
 20
-119.8688749999999885
 30
0
 11
154.5696309999999869
 21
-119.7239049999999878
 31
0
  0
LINE
  5
460
330
1A
100
AcDbEntity
  8
B.Cu
  6
CONTINUOUS
100
AcDbLine
 10
154.5696309999999869
 20
-119.7239049999999878
 30
0
 11
154.5696309999999869
 21
-119.5760949999999951
 31
0
  0
LINE
  5
461
330
1A
100
AcDbEntity
  8
B.Cu
  6
CONTINUOUS
100
AcDbLine
 10
154.5696309999999869
 20
-119.5760949999999951
 30
0
 11
154.5984669999999994
 21
-119.4311249999999944
 31
0
  0
LINE
  5
462
330
1A
100
AcDbEntity
  8
B.Cu
  6
CONTINUOUS
100
AcDbLine
 10
154.5984669999999994
 20
-119.4311249999999944
 30
0
 11
154.6550309999999797
 21
-119.2945670000000007
 31
0
  0
LINE
  5
463
330
1A
100
AcDbEntity
  8
B.Cu
  6
CONTINUOUS
100
AcDbLine
 10
154.6550309999999797
 20
-119.2945670000000007
 30
0
 11
154.7371499999999855
 21
-119.1716669999999993
 31
0
  0
LINE
  5
464
330
1A
100
AcDbEntity
  8
B.Cu
  6
CONTINUOUS
100
AcDbLine
 10
154.7371499999999855
 20
-119.1716669999999993
 30
0
 11
154.8416670000000011
 21
-119.067149999999998
 31
0
  0
LINE
  5
465
330
1A
100
AcDbEntity
  8
B.Cu
  6
CONTINUOUS
100
AcDbLine
 10
154.8416670000000011
 20
-119.067149999999998
 30
0
 11
154.9645669999999882
 21
-118.9850309999999922
 31
0
  0
LINE
  5
466
330
1A
100
AcDbEntity
  8
B.Cu
  6
CONTINUOUS
100
AcDbLine
 10
154.9645669999999882
 20
-118.9850309999999922
 30
0
 11
155.1011249999999961
 21
-118.9284669999999977
 31
0
  0
LINE
  5
467
330
1A
100
AcDbEntity
  8
B.Cu
  6
CONTINUOUS
100
AcDbLine
 10
155.1011249999999961
 20
-118.9284669999999977
 30
0
 11
155.2460949999999968
 21
-118.8996309999999994
 31
0
  0
LINE
  5
468
330
1A
100
AcDbEntity
  8
B.Cu
  6
CONTINUOUS
100
AcDbLine
 10
155.2460949999999968
 20
-118.8996309999999994
 30
0
 11
155.3939049999999895
 21
-118.8996309999999994
 31
0
  0
LINE
  5
469
330
1A
100
AcDbEntity
  8
B.Cu
  6
CONTINUOUS
100
AcDbLine
 10
155.3939049999999895
 20
-118.8996309999999994
 30
0
 11
155.5388749999999902
 21
-118.9284669999999977
 31
0
  0
LINE
  5
46A
330
1A
100
AcDbEntity
  8
B.Cu
  6
CONTINUOUS
100
AcDbLine
 10
155.5388749999999902
 20
-116.3884669999999915
 30
0
 11
155.6754329999999982
 21
-116.4450310000000002
 31
0
  0
LINE
  5
46B
330
1A
100
AcDbEntity
  8
B.Cu
  6
CONTINUOUS
100
AcDbLine
 10
155.6754329999999982
 20
-116.4450310000000002
 30
0
 11
155.7983329999999853
 21
-116.5271499999999918
 31
0
  0
LINE
  5
46C
330
1A
100
AcDbEntity
  8
B.Cu
  6
CONTINUOUS
100
AcDbLine
 10
155.7983329999999853
 20
-116.5271499999999918
 30
0
 11
155.9028500000000008
 21
-116.6316669999999931
 31
0
  0
LINE
  5
46D
330
1A
100
AcDbEntity
  8
B.Cu
  6
CONTINUOUS
100
AcDbLine
 10
155.9028500000000008
 20
-116.6316669999999931
 30
0
 11
155.9849690000000066
 21
-116.7545669999999944
 31
0
  0
LINE
  5
46E
330
1A
100
AcDbEntity
  8
B.Cu
  6
CONTINUOUS
100
AcDbLine
 10
155.9849690000000066
 20
-116.7545669999999944
 30
0
 11
156.0415329999999869
 21
-116.8911249999999882
 31
0
  0
LINE
  5
46F
330
1A
100
AcDbEntity
  8
B.Cu
  6
CONTINUOUS
100
AcDbLine
 10
156.0415329999999869
 20
-116.8911249999999882
 30
0
 11
156.0703689999999995
 21
-117.0360949999999889
 31
0
  0
LINE
  5
470
330
1A
100
AcDbEntity
  8
B.Cu
  6
CONTINUOUS
100
AcDbLine
 10
156.0703689999999995
 20
-117.0360949999999889
 30
0
 11
156.0703689999999995
 21
-117.1839049999999958
 31
0
  0
LINE
  5
471
330
1A
100
AcDbEntity
  8
B.Cu
  6
CONTINUOUS
100
AcDbLine
 10
156.0703689999999995
 20
-117.1839049999999958
 30
0
 11
156.0415329999999869
 21
-117.3288749999999965
 31
0
  0
LINE
  5
472
330
1A
100
AcDbEntity
  8
B.Cu
  6
CONTINUOUS
100
AcDbLine
 10
156.0415329999999869
 20
-117.3288749999999965
 30
0
 11
155.9849690000000066
 21
-117.4654329999999902
 31
0
  0
LINE
  5
473
330
1A
100
AcDbEntity
  8
B.Cu
  6
CONTINUOUS
100
AcDbLine
 10
155.9849690000000066
 20
-117.4654329999999902
 30
0
 11
155.9028500000000008
 21
-117.5883329999999916
 31
0
  0
LINE
  5
474
330
1A
100
AcDbEntity
  8
B.Cu
  6
CONTINUOUS
100
AcDbLine
 10
155.9028500000000008
 20
-117.5883329999999916
 30
0
 11
155.7983329999999853
 21
-117.6928499999999929
 31
0
  0
LINE
  5
475
330
1A
100
AcDbEntity
  8
B.Cu
  6
CONTINUOUS
100
AcDbLine
 10
155.7983329999999853
 20
-117.6928499999999929
 30
0
 11
155.6754329999999982
 21
-117.7749689999999987
 31
0
  0
LINE
  5
476
330
1A
100
AcDbEntity
  8
B.Cu
  6
CONTINUOUS
100
AcDbLine
 10
155.6754329999999982
 20
-117.7749689999999987
 30
0
 11
155.5388749999999902
 21
-117.8315329999999932
 31
0
  0
LINE
  5
477
330
1A
100
AcDbEntity
  8
B.Cu
  6
CONTINUOUS
100
AcDbLine
 10
155.5388749999999902
 20
-117.8315329999999932
 30
0
 11
155.3939049999999895
 21
-117.8603689999999915
 31
0
  0
LINE
  5
478
330
1A
100
AcDbEntity
  8
B.Cu
  6
CONTINUOUS
100
AcDbLine
 10
155.3939049999999895
 20
-117.8603689999999915
 30
0
 11
155.2460949999999968
 21
-117.8603689999999915
 31
0
  0
LINE
  5
479
330
1A
100
AcDbEntity
  8
B.Cu
  6
CONTINUOUS
100
AcDbLine
 10
155.2460949999999968
 20
-117.8603689999999915
 30
0
 11
155.1011249999999961
 21
-117.8315329999999932
 31
0
  0
LINE
  5
47A
330
1A
100
AcDbEntity
  8
B.Cu
  6
CONTINUOUS
100
AcDbLine
 10
155.1011249999999961
 20
-117.8315329999999932
 30
0
 11
154.9645669999999882
 21
-117.7749689999999987
 31
0
  0
LINE
  5
47B
330
1A
100
AcDbEntity
  8
B.Cu
  6
CONTINUOUS
100
AcDbLine
 10
154.9645669999999882
 20
-117.7749689999999987
 30
0
 11
154.8416670000000011
 21
-117.6928499999999929
 31
0
  0
LINE
  5
47C
330
1A
100
AcDbEntity
  8
B.Cu
  6
CONTINUOUS
100
AcDbLine
 10
154.8416670000000011
 20
-117.6928499999999929
 30
0
 11
154.7371499999999855
 21
-117.5883329999999916
 31
0
  0
LINE
  5
47D
330
1A
100
AcDbEntity
  8
B.Cu
  6
CONTINUOUS
100
AcDbLine
 10
154.7371499999999855
 20
-117.5883329999999916
 30
0
 11
154.6550309999999797
 21
-117.4654329999999902
 31
0
  0
LINE
  5
47E
330
1A
100
AcDbEntity
  8
B.Cu
  6
CONTINUOUS
100
AcDbLine
 10
154.6550309999999797
 20
-117.4654329999999902
 30
0
 11
154.5984669999999994
 21
-117.3288749999999965
 31
0
  0
LINE
  5
47F
330
1A
100
AcDbEntity
  8
B.Cu
  6
CONTINUOUS
100
AcDbLine
 10
154.5984669999999994
 20
-117.3288749999999965
 30
0
 11
154.5696309999999869
 21
-117.1839049999999958
 31
0
  0
LINE
  5
480
330
1A
100
AcDbEntity
  8
B.Cu
  6
CONTINUOUS
100
AcDbLine
 10
154.5696309999999869
 20
-117.1839049999999958
 30
0
 11
154.5696309999999869
 21
-117.0360949999999889
 31
0
  0
LINE
  5
481
330
1A
100
AcDbEntity
  8
B.Cu
  6
CONTINUOUS
100
AcDbLine
 10
154.5696309999999869
 20
-117.0360949999999889
 30
0
 11
154.5984669999999994
 21
-116.8911249999999882
 31
0
  0
LINE
  5
482
330
1A
100
AcDbEntity
  8
B.Cu
  6
CONTINUOUS
100
AcDbLine
 10
154.5984669999999994
 20
-116.8911249999999882
 30
0
 11
154.6550309999999797
 21
-116.7545669999999944
 31
0
  0
LINE
  5
483
330
1A
100
AcDbEntity
  8
B.Cu
  6
CONTINUOUS
100
AcDbLine
 10
154.6550309999999797
 20
-116.7545669999999944
 30
0
 11
154.7371499999999855
 21
-116.6316669999999931
 31
0
  0
LINE
  5
484
330
1A
100
AcDbEntity
  8
B.Cu
  6
CONTINUOUS
100
AcDbLine
 10
154.7371499999999855
 20
-116.6316669999999931
 30
0
 11
154.8416670000000011
 21
-116.5271499999999918
 31
0
  0
LINE
  5
485
330
1A
100
AcDbEntity
  8
B.Cu
  6
CONTINUOUS
100
AcDbLine
 10
154.8416670000000011
 20
-116.5271499999999918
 30
0
 11
154.9645669999999882
 21
-116.4450310000000002
 31
0
  0
LINE
  5
486
330
1A
100
AcDbEntity
  8
B.Cu
  6
CONTINUOUS
100
AcDbLine
 10
154.9645669999999882
 20
-116.4450310000000002
 30
0
 11
155.1011249999999961
 21
-116.3884669999999915
 31
0
  0
LINE
  5
487
330
1A
100
AcDbEntity
  8
B.Cu
  6
CONTINUOUS
100
AcDbLine
 10
155.1011249999999961
 20
-116.3884669999999915
 30
0
 11
155.2460949999999968
 21
-116.3596309999999932
 31
0
  0
LINE
  5
488
330
1A
100
AcDbEntity
  8
B.Cu
  6
CONTINUOUS
100
AcDbLine
 10
155.2460949999999968
 20
-116.3596309999999932
 30
0
 11
155.3939049999999895
 21
-116.3596309999999932
 31
0
  0
LINE
  5
489
330
1A
100
AcDbEntity
  8
B.Cu
  6
CONTINUOUS
100
AcDbLine
 10
155.3939049999999895
 20
-116.3596309999999932
 30
0
 11
155.5388749999999902
 21
-116.3884669999999915
 31
0
  0
LINE
  5
48A
330
1A
100
AcDbEntity
  8
B.Cu
  6
CONTINUOUS
100
AcDbLine
 10
155.5388749999999902
 20
-113.8484669999999994
 30
0
 11
155.6754329999999982
 21
-113.9050309999999939
 31
0
  0
LINE
  5
48B
330
1A
100
AcDbEntity
  8
B.Cu
  6
CONTINUOUS
100
AcDbLine
 10
155.6754329999999982
 20
-113.9050309999999939
 30
0
 11
155.7983329999999853
 21
-113.9871499999999997
 31
0
  0
LINE
  5
48C
330
1A
100
AcDbEntity
  8
B.Cu
  6
CONTINUOUS
100
AcDbLine
 10
155.7983329999999853
 20
-113.9871499999999997
 30
0
 11
155.9028500000000008
 21
-114.0916670000000011
 31
0
  0
LINE
  5
48D
330
1A
100
AcDbEntity
  8
B.Cu
  6
CONTINUOUS
100
AcDbLine
 10
155.9028500000000008
 20
-114.0916670000000011
 30
0
 11
155.9849690000000066
 21
-114.2145669999999882
 31
0
  0
LINE
  5
48E
330
1A
100
AcDbEntity
  8
B.Cu
  6
CONTINUOUS
100
AcDbLine
 10
155.9849690000000066
 20
-114.2145669999999882
 30
0
 11
156.0415329999999869
 21
-114.3511249999999961
 31
0
  0
LINE
  5
48F
330
1A
100
AcDbEntity
  8
B.Cu
  6
CONTINUOUS
100
AcDbLine
 10
156.0415329999999869
 20
-114.3511249999999961
 30
0
 11
156.0703689999999995
 21
-114.4960949999999968
 31
0
  0
LINE
  5
490
330
1A
100
AcDbEntity
  8
B.Cu
  6
CONTINUOUS
100
AcDbLine
 10
156.0703689999999995
 20
-114.4960949999999968
 30
0
 11
156.0703689999999995
 21
-114.6439049999999895
 31
0
  0
LINE
  5
491
330
1A
100
AcDbEntity
  8
B.Cu
  6
CONTINUOUS
100
AcDbLine
 10
156.0703689999999995
 20
-114.6439049999999895
 30
0
 11
156.0415329999999869
 21
-114.7888749999999902
 31
0
  0
LINE
  5
492
330
1A
100
AcDbEntity
  8
B.Cu
  6
CONTINUOUS
100
AcDbLine
 10
156.0415329999999869
 20
-114.7888749999999902
 30
0
 11
155.9849690000000066
 21
-114.9254329999999982
 31
0
  0
LINE
  5
493
330
1A
100
AcDbEntity
  8
B.Cu
  6
CONTINUOUS
100
AcDbLine
 10
155.9849690000000066
 20
-114.9254329999999982
 30
0
 11
155.9028500000000008
 21
-115.0483329999999995
 31
0
  0
LINE
  5
494
330
1A
100
AcDbEntity
  8
B.Cu
  6
CONTINUOUS
100
AcDbLine
 10
155.9028500000000008
 20
-115.0483329999999995
 30
0
 11
155.7983329999999853
 21
-115.1528500000000008
 31
0
  0
LINE
  5
495
330
1A
100
AcDbEntity
  8
B.Cu
  6
CONTINUOUS
100
AcDbLine
 10
155.7983329999999853
 20
-115.1528500000000008
 30
0
 11
155.6754329999999982
 21
-115.2349689999999924
 31
0
  0
LINE
  5
496
330
1A
100
AcDbEntity
  8
B.Cu
  6
CONTINUOUS
100
AcDbLine
 10
155.6754329999999982
 20
-115.2349689999999924
 30
0
 11
155.5388749999999902
 21
-115.2915330000000012
 31
0
  0
LINE
  5
497
330
1A
100
AcDbEntity
  8
B.Cu
  6
CONTINUOUS
100
AcDbLine
 10
155.5388749999999902
 20
-115.2915330000000012
 30
0
 11
155.3939049999999895
 21
-115.3203689999999995
 31
0
  0
LINE
  5
498
330
1A
100
AcDbEntity
  8
B.Cu
  6
CONTINUOUS
100
AcDbLine
 10
155.3939049999999895
 20
-115.3203689999999995
 30
0
 11
155.2460949999999968
 21
-115.3203689999999995
 31
0
  0
LINE
  5
499
330
1A
100
AcDbEntity
  8
B.Cu
  6
CONTINUOUS
100
AcDbLine
 10
155.2460949999999968
 20
-115.3203689999999995
 30
0
 11
155.1011249999999961
 21
-115.2915330000000012
 31
0
  0
LINE
  5
49A
330
1A
100
AcDbEntity
  8
B.Cu
  6
CONTINUOUS
100
AcDbLine
 10
155.1011249999999961
 20
-115.2915330000000012
 30
0
 11
154.9645669999999882
 21
-115.2349689999999924
 31
0
  0
LINE
  5
49B
330
1A
100
AcDbEntity
  8
B.Cu
  6
CONTINUOUS
100
AcDbLine
 10
154.9645669999999882
 20
-115.2349689999999924
 30
0
 11
154.8416670000000011
 21
-115.1528500000000008
 31
0
  0
LINE
  5
49C
330
1A
100
AcDbEntity
  8
B.Cu
  6
CONTINUOUS
100
AcDbLine
 10
154.8416670000000011
 20
-115.1528500000000008
 30
0
 11
154.7371499999999855
 21
-115.0483329999999995
 31
0
  0
LINE
  5
49D
330
1A
100
AcDbEntity
  8
B.Cu
  6
CONTINUOUS
100
AcDbLine
 10
154.7371499999999855
 20
-115.0483329999999995
 30
0
 11
154.6550309999999797
 21
-114.9254329999999982
 31
0
  0
LINE
  5
49E
330
1A
100
AcDbEntity
  8
B.Cu
  6
CONTINUOUS
100
AcDbLine
 10
154.6550309999999797
 20
-114.9254329999999982
 30
0
 11
154.5984669999999994
 21
-114.7888749999999902
 31
0
  0
LINE
  5
49F
330
1A
100
AcDbEntity
  8
B.Cu
  6
CONTINUOUS
100
AcDbLine
 10
154.5984669999999994
 20
-114.7888749999999902
 30
0
 11
154.5696309999999869
 21
-114.6439049999999895
 31
0
  0
LINE
  5
4A0
330
1A
100
AcDbEntity
  8
B.Cu
  6
CONTINUOUS
100
AcDbLine
 10
154.5696309999999869
 20
-114.6439049999999895
 30
0
 11
154.5696309999999869
 21
-114.4960949999999968
 31
0
  0
LINE
  5
4A1
330
1A
100
AcDbEntity
  8
B.Cu
  6
CONTINUOUS
100
AcDbLine
 10
154.5696309999999869
 20
-114.4960949999999968
 30
0
 11
154.5984669999999994
 21
-114.3511249999999961
 31
0
  0
LINE
  5
4A2
330
1A
100
AcDbEntity
  8
B.Cu
  6
CONTINUOUS
100
AcDbLine
 10
154.5984669999999994
 20
-114.3511249999999961
 30
0
 11
154.6550309999999797
 21
-114.2145669999999882
 31
0
  0
LINE
  5
4A3
330
1A
100
AcDbEntity
  8
B.Cu
  6
CONTINUOUS
100
AcDbLine
 10
154.6550309999999797
 20
-114.2145669999999882
 30
0
 11
154.7371499999999855
 21
-114.0916670000000011
 31
0
  0
LINE
  5
4A4
330
1A
100
AcDbEntity
  8
B.Cu
  6
CONTINUOUS
100
AcDbLine
 10
154.7371499999999855
 20
-114.0916670000000011
 30
0
 11
154.8416670000000011
 21
-113.9871499999999997
 31
0
  0
LINE
  5
4A5
330
1A
100
AcDbEntity
  8
B.Cu
  6
CONTINUOUS
100
AcDbLine
 10
154.8416670000000011
 20
-113.9871499999999997
 30
0
 11
154.9645669999999882
 21
-113.9050309999999939
 31
0
  0
LINE
  5
4A6
330
1A
100
AcDbEntity
  8
B.Cu
  6
CONTINUOUS
100
AcDbLine
 10
154.9645669999999882
 20
-113.9050309999999939
 30
0
 11
155.1011249999999961
 21
-113.8484669999999994
 31
0
  0
LINE
  5
4A7
330
1A
100
AcDbEntity
  8
B.Cu
  6
CONTINUOUS
100
AcDbLine
 10
155.1011249999999961
 20
-113.8484669999999994
 30
0
 11
155.2460949999999968
 21
-113.8196310000000011
 31
0
  0
LINE
  5
4A8
330
1A
100
AcDbEntity
  8
B.Cu
  6
CONTINUOUS
100
AcDbLine
 10
155.2460949999999968
 20
-113.8196310000000011
 30
0
 11
155.3939049999999895
 21
-113.8196310000000011
 31
0
  0
LINE
  5
4A9
330
1A
100
AcDbEntity
  8
B.Cu
  6
CONTINUOUS
100
AcDbLine
 10
155.3939049999999895
 20
-113.8196310000000011
 30
0
 11
155.5388749999999902
 21
-113.8484669999999994
 31
0
  0
LINE
  5
4AA
330
1A
100
AcDbEntity
  8
B.Cu
  6
CONTINUOUS
100
AcDbLine
 10
155.5388749999999902
 20
-111.3084669999999932
 30
0
 11
155.6754329999999982
 21
-111.3650310000000019
 31
0
  0
LINE
  5
4AB
330
1A
100
AcDbEntity
  8
B.Cu
  6
CONTINUOUS
100
AcDbLine
 10
155.6754329999999982
 20
-111.3650310000000019
 30
0
 11
155.7983329999999853
 21
-111.4471499999999935
 31
0
  0
LINE
  5
4AC
330
1A
100
AcDbEntity
  8
B.Cu
  6
CONTINUOUS
100
AcDbLine
 10
155.7983329999999853
 20
-111.4471499999999935
 30
0
 11
155.9028500000000008
 21
-111.5516669999999948
 31
0
  0
LINE
  5
4AD
330
1A
100
AcDbEntity
  8
B.Cu
  6
CONTINUOUS
100
AcDbLine
 10
155.9028500000000008
 20
-111.5516669999999948
 30
0
 11
155.9849690000000066
 21
-111.6745669999999961
 31
0
  0
LINE
  5
4AE
330
1A
100
AcDbEntity
  8
B.Cu
  6
CONTINUOUS
100
AcDbLine
 10
155.9849690000000066
 20
-111.6745669999999961
 30
0
 11
156.0415329999999869
 21
-111.8111249999999899
 31
0
  0
LINE
  5
4AF
330
1A
100
AcDbEntity
  8
B.Cu
  6
CONTINUOUS
100
AcDbLine
 10
156.0415329999999869
 20
-111.8111249999999899
 30
0
 11
156.0703689999999995
 21
-111.9560949999999906
 31
0
  0
LINE
  5
4B0
330
1A
100
AcDbEntity
  8
B.Cu
  6
CONTINUOUS
100
AcDbLine
 10
156.0703689999999995
 20
-111.9560949999999906
 30
0
 11
156.0703689999999995
 21
-112.1039049999999975
 31
0
  0
LINE
  5
4B1
330
1A
100
AcDbEntity
  8
B.Cu
  6
CONTINUOUS
100
AcDbLine
 10
156.0703689999999995
 20
-112.1039049999999975
 30
0
 11
156.0415329999999869
 21
-112.2488749999999982
 31
0
  0
LINE
  5
4B2
330
1A
100
AcDbEntity
  8
B.Cu
  6
CONTINUOUS
100
AcDbLine
 10
156.0415329999999869
 20
-112.2488749999999982
 30
0
 11
155.9849690000000066
 21
-112.3854329999999919
 31
0
  0
LINE
  5
4B3
330
1A
100
AcDbEntity
  8
B.Cu
  6
CONTINUOUS
100
AcDbLine
 10
155.9849690000000066
 20
-112.3854329999999919
 30
0
 11
155.9028500000000008
 21
-112.5083329999999933
 31
0
  0
LINE
  5
4B4
330
1A
100
AcDbEntity
  8
B.Cu
  6
CONTINUOUS
100
AcDbLine
 10
155.9028500000000008
 20
-112.5083329999999933
 30
0
 11
155.7983329999999853
 21
-112.6128499999999946
 31
0
  0
LINE
  5
4B5
330
1A
100
AcDbEntity
  8
B.Cu
  6
CONTINUOUS
100
AcDbLine
 10
155.7983329999999853
 20
-112.6128499999999946
 30
0
 11
155.6754329999999982
 21
-112.6949690000000004
 31
0
  0
LINE
  5
4B6
330
1A
100
AcDbEntity
  8
B.Cu
  6
CONTINUOUS
100
AcDbLine
 10
155.6754329999999982
 20
-112.6949690000000004
 30
0
 11
155.5388749999999902
 21
-112.7515329999999949
 31
0
  0
LINE
  5
4B7
330
1A
100
AcDbEntity
  8
B.Cu
  6
CONTINUOUS
100
AcDbLine
 10
155.5388749999999902
 20
-112.7515329999999949
 30
0
 11
155.3939049999999895
 21
-112.7803689999999932
 31
0
  0
LINE
  5
4B8
330
1A
100
AcDbEntity
  8
B.Cu
  6
CONTINUOUS
100
AcDbLine
 10
155.3939049999999895
 20
-112.7803689999999932
 30
0
 11
155.2460949999999968
 21
-112.7803689999999932
 31
0
  0
LINE
  5
4B9
330
1A
100
AcDbEntity
  8
B.Cu
  6
CONTINUOUS
100
AcDbLine
 10
155.2460949999999968
 20
-112.7803689999999932
 30
0
 11
155.1011249999999961
 21
-112.7515329999999949
 31
0
  0
LINE
  5
4BA
330
1A
100
AcDbEntity
  8
B.Cu
  6
CONTINUOUS
100
AcDbLine
 10
155.1011249999999961
 20
-112.7515329999999949
 30
0
 11
154.9645669999999882
 21
-112.6949690000000004
 31
0
  0
LINE
  5
4BB
330
1A
100
AcDbEntity
  8
B.Cu
  6
CONTINUOUS
100
AcDbLine
 10
154.9645669999999882
 20
-112.6949690000000004
 30
0
 11
154.8416670000000011
 21
-112.6128499999999946
 31
0
  0
LINE
  5
4BC
330
1A
100
AcDbEntity
  8
B.Cu
  6
CONTINUOUS
100
AcDbLine
 10
154.8416670000000011
 20
-112.6128499999999946
 30
0
 11
154.7371499999999855
 21
-112.5083329999999933
 31
0
  0
LINE
  5
4BD
330
1A
100
AcDbEntity
  8
B.Cu
  6
CONTINUOUS
100
AcDbLine
 10
154.7371499999999855
 20
-112.5083329999999933
 30
0
 11
154.6550309999999797
 21
-112.3854329999999919
 31
0
  0
LINE
  5
4BE
330
1A
100
AcDbEntity
  8
B.Cu
  6
CONTINUOUS
100
AcDbLine
 10
154.6550309999999797
 20
-112.3854329999999919
 30
0
 11
154.5984669999999994
 21
-112.2488749999999982
 31
0
  0
LINE
  5
4BF
330
1A
100
AcDbEntity
  8
B.Cu
  6
CONTINUOUS
100
AcDbLine
 10
154.5984669999999994
 20
-112.2488749999999982
 30
0
 11
154.5696309999999869
 21
-112.1039049999999975
 31
0
  0
LINE
  5
4C0
330
1A
100
AcDbEntity
  8
B.Cu
  6
CONTINUOUS
100
AcDbLine
 10
154.5696309999999869
 20
-112.1039049999999975
 30
0
 11
154.5696309999999869
 21
-111.9560949999999906
 31
0
  0
LINE
  5
4C1
330
1A
100
AcDbEntity
  8
B.Cu
  6
CONTINUOUS
100
AcDbLine
 10
154.5696309999999869
 20
-111.9560949999999906
 30
0
 11
154.5984669999999994
 21
-111.8111249999999899
 31
0
  0
LINE
  5
4C2
330
1A
100
AcDbEntity
  8
B.Cu
  6
CONTINUOUS
100
AcDbLine
 10
154.5984669999999994
 20
-111.8111249999999899
 30
0
 11
154.6550309999999797
 21
-111.6745669999999961
 31
0
  0
LINE
  5
4C3
330
1A
100
AcDbEntity
  8
B.Cu
  6
CONTINUOUS
100
AcDbLine
 10
154.6550309999999797
 20
-111.6745669999999961
 30
0
 11
154.7371499999999855
 21
-111.5516669999999948
 31
0
  0
LINE
  5
4C4
330
1A
100
AcDbEntity
  8
B.Cu
  6
CONTINUOUS
100
AcDbLine
 10
154.7371499999999855
 20
-111.5516669999999948
 30
0
 11
154.8416670000000011
 21
-111.4471499999999935
 31
0
  0
LINE
  5
4C5
330
1A
100
AcDbEntity
  8
B.Cu
  6
CONTINUOUS
100
AcDbLine
 10
154.8416670000000011
 20
-111.4471499999999935
 30
0
 11
154.9645669999999882
 21
-111.3650310000000019
 31
0
  0
LINE
  5
4C6
330
1A
100
AcDbEntity
  8
B.Cu
  6
CONTINUOUS
100
AcDbLine
 10
154.9645669999999882
 20
-111.3650310000000019
 30
0
 11
155.1011249999999961
 21
-111.3084669999999932
 31
0
  0
LINE
  5
4C7
330
1A
100
AcDbEntity
  8
B.Cu
  6
CONTINUOUS
100
AcDbLine
 10
155.1011249999999961
 20
-111.3084669999999932
 30
0
 11
155.2460949999999968
 21
-111.2796309999999949
 31
0
  0
LINE
  5
4C8
330
1A
100
AcDbEntity
  8
B.Cu
  6
CONTINUOUS
100
AcDbLine
 10
155.2460949999999968
 20
-111.2796309999999949
 30
0
 11
155.3939049999999895
 21
-111.2796309999999949
 31
0
  0
LINE
  5
4C9
330
1A
100
AcDbEntity
  8
B.Cu
  6
CONTINUOUS
100
AcDbLine
 10
155.3939049999999895
 20
-111.2796309999999949
 30
0
 11
155.5388749999999902
 21
-111.3084669999999932
 31
0
  0
LINE
  5
4CA
330
1A
100
AcDbEntity
  8
B.Cu
  6
CONTINUOUS
100
AcDbLine
 10
155.5388749999999902
 20
-108.7684670000000011
 30
0
 11
155.6754329999999982
 21
-108.8250309999999956
 31
0
  0
LINE
  5
4CB
330
1A
100
AcDbEntity
  8
B.Cu
  6
CONTINUOUS
100
AcDbLine
 10
155.6754329999999982
 20
-108.8250309999999956
 30
0
 11
155.7983329999999853
 21
-108.9071500000000015
 31
0
  0
LINE
  5
4CC
330
1A
100
AcDbEntity
  8
B.Cu
  6
CONTINUOUS
100
AcDbLine
 10
155.7983329999999853
 20
-108.9071500000000015
 30
0
 11
155.9028500000000008
 21
-109.0116669999999885
 31
0
  0
LINE
  5
4CD
330
1A
100
AcDbEntity
  8
B.Cu
  6
CONTINUOUS
100
AcDbLine
 10
155.9028500000000008
 20
-109.0116669999999885
 30
0
 11
155.9849690000000066
 21
-109.1345669999999899
 31
0
  0
LINE
  5
4CE
330
1A
100
AcDbEntity
  8
B.Cu
  6
CONTINUOUS
100
AcDbLine
 10
155.9849690000000066
 20
-109.1345669999999899
 30
0
 11
156.0415329999999869
 21
-109.2711249999999978
 31
0
  0
LINE
  5
4CF
330
1A
100
AcDbEntity
  8
B.Cu
  6
CONTINUOUS
100
AcDbLine
 10
156.0415329999999869
 20
-109.2711249999999978
 30
0
 11
156.0703689999999995
 21
-109.4160949999999985
 31
0
  0
LINE
  5
4D0
330
1A
100
AcDbEntity
  8
B.Cu
  6
CONTINUOUS
100
AcDbLine
 10
156.0703689999999995
 20
-109.4160949999999985
 30
0
 11
156.0703689999999995
 21
-109.5639049999999912
 31
0
  0
LINE
  5
4D1
330
1A
100
AcDbEntity
  8
B.Cu
  6
CONTINUOUS
100
AcDbLine
 10
156.0703689999999995
 20
-109.5639049999999912
 30
0
 11
156.0415329999999869
 21
-109.7088749999999919
 31
0
  0
LINE
  5
4D2
330
1A
100
AcDbEntity
  8
B.Cu
  6
CONTINUOUS
100
AcDbLine
 10
156.0415329999999869
 20
-109.7088749999999919
 30
0
 11
155.9849690000000066
 21
-109.8454329999999999
 31
0
  0
LINE
  5
4D3
330
1A
100
AcDbEntity
  8
B.Cu
  6
CONTINUOUS
100
AcDbLine
 10
155.9849690000000066
 20
-109.8454329999999999
 30
0
 11
155.9028500000000008
 21
-109.9683330000000012
 31
0
  0
LINE
  5
4D4
330
1A
100
AcDbEntity
  8
B.Cu
  6
CONTINUOUS
100
AcDbLine
 10
155.9028500000000008
 20
-109.9683330000000012
 30
0
 11
155.7983329999999853
 21
-110.0728499999999883
 31
0
  0
LINE
  5
4D5
330
1A
100
AcDbEntity
  8
B.Cu
  6
CONTINUOUS
100
AcDbLine
 10
155.7983329999999853
 20
-110.0728499999999883
 30
0
 11
155.6754329999999982
 21
-110.1549689999999941
 31
0
  0
LINE
  5
4D6
330
1A
100
AcDbEntity
  8
B.Cu
  6
CONTINUOUS
100
AcDbLine
 10
155.6754329999999982
 20
-110.1549689999999941
 30
0
 11
155.5388749999999902
 21
-110.2115329999999886
 31
0
  0
LINE
  5
4D7
330
1A
100
AcDbEntity
  8
B.Cu
  6
CONTINUOUS
100
AcDbLine
 10
155.5388749999999902
 20
-110.2115329999999886
 30
0
 11
155.3939049999999895
 21
-110.2403690000000012
 31
0
  0
LINE
  5
4D8
330
1A
100
AcDbEntity
  8
B.Cu
  6
CONTINUOUS
100
AcDbLine
 10
155.3939049999999895
 20
-110.2403690000000012
 30
0
 11
155.2460949999999968
 21
-110.2403690000000012
 31
0
  0
LINE
  5
4D9
330
1A
100
AcDbEntity
  8
B.Cu
  6
CONTINUOUS
100
AcDbLine
 10
155.2460949999999968
 20
-110.2403690000000012
 30
0
 11
155.1011249999999961
 21
-110.2115329999999886
 31
0
  0
LINE
  5
4DA
330
1A
100
AcDbEntity
  8
B.Cu
  6
CONTINUOUS
100
AcDbLine
 10
155.1011249999999961
 20
-110.2115329999999886
 30
0
 11
154.9645669999999882
 21
-110.1549689999999941
 31
0
  0
LINE
  5
4DB
330
1A
100
AcDbEntity
  8
B.Cu
  6
CONTINUOUS
100
AcDbLine
 10
154.9645669999999882
 20
-110.1549689999999941
 30
0
 11
154.8416670000000011
 21
-110.0728499999999883
 31
0
  0
LINE
  5
4DC
330
1A
100
AcDbEntity
  8
B.Cu
  6
CONTINUOUS
100
AcDbLine
 10
154.8416670000000011
 20
-110.0728499999999883
 30
0
 11
154.7371499999999855
 21
-109.9683330000000012
 31
0
  0
LINE
  5
4DD
330
1A
100
AcDbEntity
  8
B.Cu
  6
CONTINUOUS
100
AcDbLine
 10
154.7371499999999855
 20
-109.9683330000000012
 30
0
 11
154.6550309999999797
 21
-109.8454329999999999
 31
0
  0
LINE
  5
4DE
330
1A
100
AcDbEntity
  8
B.Cu
  6
CONTINUOUS
100
AcDbLine
 10
154.6550309999999797
 20
-109.8454329999999999
 30
0
 11
154.5984669999999994
 21
-109.7088749999999919
 31
0
  0
LINE
  5
4DF
330
1A
100
AcDbEntity
  8
B.Cu
  6
CONTINUOUS
100
AcDbLine
 10
154.5984669999999994
 20
-109.7088749999999919
 30
0
 11
154.5696309999999869
 21
-109.5639049999999912
 31
0
  0
LINE
  5
4E0
330
1A
100
AcDbEntity
  8
B.Cu
  6
CONTINUOUS
100
AcDbLine
 10
154.5696309999999869
 20
-109.5639049999999912
 30
0
 11
154.5696309999999869
 21
-109.4160949999999985
 31
0
  0
LINE
  5
4E1
330
1A
100
AcDbEntity
  8
B.Cu
  6
CONTINUOUS
100
AcDbLine
 10
154.5696309999999869
 20
-109.4160949999999985
 30
0
 11
154.5984669999999994
 21
-109.2711249999999978
 31
0
  0
LINE
  5
4E2
330
1A
100
AcDbEntity
  8
B.Cu
  6
CONTINUOUS
100
AcDbLine
 10
154.5984669999999994
 20
-109.2711249999999978
 30
0
 11
154.6550309999999797
 21
-109.1345669999999899
 31
0
  0
LINE
  5
4E3
330
1A
100
AcDbEntity
  8
B.Cu
  6
CONTINUOUS
100
AcDbLine
 10
154.6550309999999797
 20
-109.1345669999999899
 30
0
 11
154.7371499999999855
 21
-109.0116669999999885
 31
0
  0
LINE
  5
4E4
330
1A
100
AcDbEntity
  8
B.Cu
  6
CONTINUOUS
100
AcDbLine
 10
154.7371499999999855
 20
-109.0116669999999885
 30
0
 11
154.8416670000000011
 21
-108.9071500000000015
 31
0
  0
LINE
  5
4E5
330
1A
100
AcDbEntity
  8
B.Cu
  6
CONTINUOUS
100
AcDbLine
 10
154.8416670000000011
 20
-108.9071500000000015
 30
0
 11
154.9645669999999882
 21
-108.8250309999999956
 31
0
  0
LINE
  5
4E6
330
1A
100
AcDbEntity
  8
B.Cu
  6
CONTINUOUS
100
AcDbLine
 10
154.9645669999999882
 20
-108.8250309999999956
 30
0
 11
155.1011249999999961
 21
-108.7684670000000011
 31
0
  0
LINE
  5
4E7
330
1A
100
AcDbEntity
  8
B.Cu
  6
CONTINUOUS
100
AcDbLine
 10
155.1011249999999961
 20
-108.7684670000000011
 30
0
 11
155.2460949999999968
 21
-108.7396309999999886
 31
0
  0
LINE
  5
4E8
330
1A
100
AcDbEntity
  8
B.Cu
  6
CONTINUOUS
100
AcDbLine
 10
155.2460949999999968
 20
-108.7396309999999886
 30
0
 11
155.3939049999999895
 21
-108.7396309999999886
 31
0
  0
LINE
  5
4E9
330
1A
100
AcDbEntity
  8
B.Cu
  6
CONTINUOUS
100
AcDbLine
 10
155.3939049999999895
 20
-108.7396309999999886
 30
0
 11
155.5388749999999902
 21
-108.7684670000000011
 31
0
  0
LINE
  5
4EA
330
1A
100
AcDbEntity
  8
B.Cu
  6
CONTINUOUS
100
AcDbLine
 10
162.7467419999999834
 20
-125.2266009999999881
 30
0
 11
162.9006870000000049
 21
-125.2903669999999892
 31
0
  0
LINE
  5
4EB
330
1A
100
AcDbEntity
  8
B.Cu
  6
CONTINUOUS
100
AcDbLine
 10
162.9006870000000049
 20
-125.2903669999999892
 30
0
 11
163.0392339999999933
 21
-125.3829409999999882
 31
0
  0
LINE
  5
4EC
330
1A
100
AcDbEntity
  8
B.Cu
  6
CONTINUOUS
100
AcDbLine
 10
163.0392339999999933
 20
-125.3829409999999882
 30
0
 11
163.1570590000000038
 21
-125.5007659999999987
 31
0
  0
LINE
  5
4ED
330
1A
100
AcDbEntity
  8
B.Cu
  6
CONTINUOUS
100
AcDbLine
 10
163.1570590000000038
 20
-125.5007659999999987
 30
0
 11
163.2496329999999887
 21
-125.6393130000000014
 31
0
  0
LINE
  5
4EE
330
1A
100
AcDbEntity
  8
B.Cu
  6
CONTINUOUS
100
AcDbLine
 10
163.2496329999999887
 20
-125.6393130000000014
 30
0
 11
163.313399000000004
 21
-125.7932579999999945
 31
0
  0
LINE
  5
4EF
330
1A
100
AcDbEntity
  8
B.Cu
  6
CONTINUOUS
100
AcDbLine
 10
163.313399000000004
 20
-125.7932579999999945
 30
0
 11
163.3459069999999826
 21
-125.9566849999999931
 31
0
  0
LINE
  5
4F0
330
1A
100
AcDbEntity
  8
B.Cu
  6
CONTINUOUS
100
AcDbLine
 10
163.3459069999999826
 20
-125.9566849999999931
 30
0
 11
163.3459069999999826
 21
-126.123314999999991
 31
0
  0
LINE
  5
4F1
330
1A
100
AcDbEntity
  8
B.Cu
  6
CONTINUOUS
100
AcDbLine
 10
163.3459069999999826
 20
-126.123314999999991
 30
0
 11
163.313399000000004
 21
-126.2867419999999896
 31
0
  0
LINE
  5
4F2
330
1A
100
AcDbEntity
  8
B.Cu
  6
CONTINUOUS
100
AcDbLine
 10
163.313399000000004
 20
-126.2867419999999896
 30
0
 11
163.2496329999999887
 21
-126.4406869999999969
 31
0
  0
LINE
  5
4F3
330
1A
100
AcDbEntity
  8
B.Cu
  6
CONTINUOUS
100
AcDbLine
 10
163.2496329999999887
 20
-126.4406869999999969
 30
0
 11
163.1570590000000038
 21
-126.5792339999999996
 31
0
  0
LINE
  5
4F4
330
1A
100
AcDbEntity
  8
B.Cu
  6
CONTINUOUS
100
AcDbLine
 10
163.1570590000000038
 20
-126.5792339999999996
 30
0
 11
163.0392339999999933
 21
-126.6970589999999959
 31
0
  0
LINE
  5
4F5
330
1A
100
AcDbEntity
  8
B.Cu
  6
CONTINUOUS
100
AcDbLine
 10
163.0392339999999933
 20
-126.6970589999999959
 30
0
 11
162.9006870000000049
 21
-126.7896329999999949
 31
0
  0
LINE
  5
4F6
330
1A
100
AcDbEntity
  8
B.Cu
  6
CONTINUOUS
100
AcDbLine
 10
162.9006870000000049
 20
-126.7896329999999949
 30
0
 11
162.7467419999999834
 21
-126.853398999999996
 31
0
  0
LINE
  5
4F7
330
1A
100
AcDbEntity
  8
B.Cu
  6
CONTINUOUS
100
AcDbLine
 10
162.7467419999999834
 20
-126.853398999999996
 30
0
 11
162.5833149999999989
 21
-126.8859069999999889
 31
0
  0
LINE
  5
4F8
330
1A
100
AcDbEntity
  8
B.Cu
  6
CONTINUOUS
100
AcDbLine
 10
162.5833149999999989
 20
-126.8859069999999889
 30
0
 11
162.4166850000000011
 21
-126.8859069999999889
 31
0
  0
LINE
  5
4F9
330
1A
100
AcDbEntity
  8
B.Cu
  6
CONTINUOUS
100
AcDbLine
 10
162.4166850000000011
 20
-126.8859069999999889
 30
0
 11
162.2532579999999882
 21
-126.853398999999996
 31
0
  0
LINE
  5
4FA
330
1A
100
AcDbEntity
  8
B.Cu
  6
CONTINUOUS
100
AcDbLine
 10
162.2532579999999882
 20
-126.853398999999996
 30
0
 11
162.0993129999999951
 21
-126.7896329999999949
 31
0
  0
LINE
  5
4FB
330
1A
100
AcDbEntity
  8
B.Cu
  6
CONTINUOUS
100
AcDbLine
 10
162.0993129999999951
 20
-126.7896329999999949
 30
0
 11
161.9607660000000067
 21
-126.6970589999999959
 31
0
  0
LINE
  5
4FC
330
1A
100
AcDbEntity
  8
B.Cu
  6
CONTINUOUS
100
AcDbLine
 10
161.9607660000000067
 20
-126.6970589999999959
 30
0
 11
161.8429409999999962
 21
-126.5792339999999996
 31
0
  0
LINE
  5
4FD
330
1A
100
AcDbEntity
  8
B.Cu
  6
CONTINUOUS
100
AcDbLine
 10
161.8429409999999962
 20
-126.5792339999999996
 30
0
 11
161.7503669999999829
 21
-126.4406869999999969
 31
0
  0
LINE
  5
4FE
330
1A
100
AcDbEntity
  8
B.Cu
  6
CONTINUOUS
100
AcDbLine
 10
161.7503669999999829
 20
-126.4406869999999969
 30
0
 11
161.686600999999996
 21
-126.2867419999999896
 31
0
  0
LINE
  5
4FF
330
1A
100
AcDbEntity
  8
B.Cu
  6
CONTINUOUS
100
AcDbLine
 10
161.686600999999996
 20
-126.2867419999999896
 30
0
 11
161.6540929999999889
 21
-126.123314999999991
 31
0
  0
LINE
  5
500
330
1A
100
AcDbEntity
  8
B.Cu
  6
CONTINUOUS
100
AcDbLine
 10
161.6540929999999889
 20
-126.123314999999991
 30
0
 11
161.6540929999999889
 21
-125.9566849999999931
 31
0
  0
LINE
  5
501
330
1A
100
AcDbEntity
  8
B.Cu
  6
CONTINUOUS
100
AcDbLine
 10
161.6540929999999889
 20
-125.9566849999999931
 30
0
 11
161.686600999999996
 21
-125.7932579999999945
 31
0
  0
LINE
  5
502
330
1A
100
AcDbEntity
  8
B.Cu
  6
CONTINUOUS
100
AcDbLine
 10
161.686600999999996
 20
-125.7932579999999945
 30
0
 11
161.7503669999999829
 21
-125.6393130000000014
 31
0
  0
LINE
  5
503
330
1A
100
AcDbEntity
  8
B.Cu
  6
CONTINUOUS
100
AcDbLine
 10
161.7503669999999829
 20
-125.6393130000000014
 30
0
 11
161.8429409999999962
 21
-125.5007659999999987
 31
0
  0
LINE
  5
504
330
1A
100
AcDbEntity
  8
B.Cu
  6
CONTINUOUS
100
AcDbLine
 10
161.8429409999999962
 20
-125.5007659999999987
 30
0
 11
161.9607660000000067
 21
-125.3829409999999882
 31
0
  0
LINE
  5
505
330
1A
100
AcDbEntity
  8
B.Cu
  6
CONTINUOUS
100
AcDbLine
 10
161.9607660000000067
 20
-125.3829409999999882
 30
0
 11
162.0993129999999951
 21
-125.2903669999999892
 31
0
  0
LINE
  5
506
330
1A
100
AcDbEntity
  8
B.Cu
  6
CONTINUOUS
100
AcDbLine
 10
162.0993129999999951
 20
-125.2903669999999892
 30
0
 11
162.2532579999999882
 21
-125.2266009999999881
 31
0
  0
LINE
  5
507
330
1A
100
AcDbEntity
  8
B.Cu
  6
CONTINUOUS
100
AcDbLine
 10
162.2532579999999882
 20
-125.2266009999999881
 30
0
 11
162.4166850000000011
 21
-125.1940929999999952
 31
0
  0
LINE
  5
508
330
1A
100
AcDbEntity
  8
B.Cu
  6
CONTINUOUS
100
AcDbLine
 10
162.4166850000000011
 20
-125.1940929999999952
 30
0
 11
162.5833149999999989
 21
-125.1940929999999952
 31
0
  0
LINE
  5
509
330
1A
100
AcDbEntity
  8
B.Cu
  6
CONTINUOUS
100
AcDbLine
 10
162.5833149999999989
 20
-125.1940929999999952
 30
0
 11
162.7467419999999834
 21
-125.2266009999999881
 31
0
  0
LINE
  5
50A
330
1A
100
AcDbEntity
  8
B.Cu
  6
CONTINUOUS
100
AcDbLine
 10
162.7467419999999834
 20
-122.686600999999996
 30
0
 11
162.9006870000000049
 21
-122.7503669999999971
 31
0
  0
LINE
  5
50B
330
1A
100
AcDbEntity
  8
B.Cu
  6
CONTINUOUS
100
AcDbLine
 10
162.9006870000000049
 20
-122.7503669999999971
 30
0
 11
163.0392339999999933
 21
-122.8429409999999962
 31
0
  0
LINE
  5
50C
330
1A
100
AcDbEntity
  8
B.Cu
  6
CONTINUOUS
100
AcDbLine
 10
163.0392339999999933
 20
-122.8429409999999962
 30
0
 11
163.1570590000000038
 21
-122.9607659999999925
 31
0
  0
LINE
  5
50D
330
1A
100
AcDbEntity
  8
B.Cu
  6
CONTINUOUS
100
AcDbLine
 10
163.1570590000000038
 20
-122.9607659999999925
 30
0
 11
163.2496329999999887
 21
-123.0993129999999951
 31
0
  0
LINE
  5
50E
330
1A
100
AcDbEntity
  8
B.Cu
  6
CONTINUOUS
100
AcDbLine
 10
163.2496329999999887
 20
-123.0993129999999951
 30
0
 11
163.313399000000004
 21
-123.2532579999999882
 31
0
  0
LINE
  5
50F
330
1A
100
AcDbEntity
  8
B.Cu
  6
CONTINUOUS
100
AcDbLine
 10
163.313399000000004
 20
-123.2532579999999882
 30
0
 11
163.3459069999999826
 21
-123.4166850000000011
 31
0
  0
LINE
  5
510
330
1A
100
AcDbEntity
  8
B.Cu
  6
CONTINUOUS
100
AcDbLine
 10
163.3459069999999826
 20
-123.4166850000000011
 30
0
 11
163.3459069999999826
 21
-123.5833149999999989
 31
0
  0
LINE
  5
511
330
1A
100
AcDbEntity
  8
B.Cu
  6
CONTINUOUS
100
AcDbLine
 10
163.3459069999999826
 20
-123.5833149999999989
 30
0
 11
163.313399000000004
 21
-123.7467419999999976
 31
0
  0
LINE
  5
512
330
1A
100
AcDbEntity
  8
B.Cu
  6
CONTINUOUS
100
AcDbLine
 10
163.313399000000004
 20
-123.7467419999999976
 30
0
 11
163.2496329999999887
 21
-123.9006869999999907
 31
0
  0
LINE
  5
513
330
1A
100
AcDbEntity
  8
B.Cu
  6
CONTINUOUS
100
AcDbLine
 10
163.2496329999999887
 20
-123.9006869999999907
 30
0
 11
163.1570590000000038
 21
-124.0392339999999933
 31
0
  0
LINE
  5
514
330
1A
100
AcDbEntity
  8
B.Cu
  6
CONTINUOUS
100
AcDbLine
 10
163.1570590000000038
 20
-124.0392339999999933
 30
0
 11
163.0392339999999933
 21
-124.1570589999999896
 31
0
  0
LINE
  5
515
330
1A
100
AcDbEntity
  8
B.Cu
  6
CONTINUOUS
100
AcDbLine
 10
163.0392339999999933
 20
-124.1570589999999896
 30
0
 11
162.9006870000000049
 21
-124.2496329999999887
 31
0
  0
LINE
  5
516
330
1A
100
AcDbEntity
  8
B.Cu
  6
CONTINUOUS
100
AcDbLine
 10
162.9006870000000049
 20
-124.2496329999999887
 30
0
 11
162.7467419999999834
 21
-124.3133989999999898
 31
0
  0
LINE
  5
517
330
1A
100
AcDbEntity
  8
B.Cu
  6
CONTINUOUS
100
AcDbLine
 10
162.7467419999999834
 20
-124.3133989999999898
 30
0
 11
162.5833149999999989
 21
-124.3459069999999969
 31
0
  0
LINE
  5
518
330
1A
100
AcDbEntity
  8
B.Cu
  6
CONTINUOUS
100
AcDbLine
 10
162.5833149999999989
 20
-124.3459069999999969
 30
0
 11
162.4166850000000011
 21
-124.3459069999999969
 31
0
  0
LINE
  5
519
330
1A
100
AcDbEntity
  8
B.Cu
  6
CONTINUOUS
100
AcDbLine
 10
162.4166850000000011
 20
-124.3459069999999969
 30
0
 11
162.2532579999999882
 21
-124.3133989999999898
 31
0
  0
LINE
  5
51A
330
1A
100
AcDbEntity
  8
B.Cu
  6
CONTINUOUS
100
AcDbLine
 10
162.2532579999999882
 20
-124.3133989999999898
 30
0
 11
162.0993129999999951
 21
-124.2496329999999887
 31
0
  0
LINE
  5
51B
330
1A
100
AcDbEntity
  8
B.Cu
  6
CONTINUOUS
100
AcDbLine
 10
162.0993129999999951
 20
-124.2496329999999887
 30
0
 11
161.9607660000000067
 21
-124.1570589999999896
 31
0
  0
LINE
  5
51C
330
1A
100
AcDbEntity
  8
B.Cu
  6
CONTINUOUS
100
AcDbLine
 10
161.9607660000000067
 20
-124.1570589999999896
 30
0
 11
161.8429409999999962
 21
-124.0392339999999933
 31
0
  0
LINE
  5
51D
330
1A
100
AcDbEntity
  8
B.Cu
  6
CONTINUOUS
100
AcDbLine
 10
161.8429409999999962
 20
-124.0392339999999933
 30
0
 11
161.7503669999999829
 21
-123.9006869999999907
 31
0
  0
LINE
  5
51E
330
1A
100
AcDbEntity
  8
B.Cu
  6
CONTINUOUS
100
AcDbLine
 10
161.7503669999999829
 20
-123.9006869999999907
 30
0
 11
161.686600999999996
 21
-123.7467419999999976
 31
0
  0
LINE
  5
51F
330
1A
100
AcDbEntity
  8
B.Cu
  6
CONTINUOUS
100
AcDbLine
 10
161.686600999999996
 20
-123.7467419999999976
 30
0
 11
161.6540929999999889
 21
-123.5833149999999989
 31
0
  0
LINE
  5
520
330
1A
100
AcDbEntity
  8
B.Cu
  6
CONTINUOUS
100
AcDbLine
 10
161.6540929999999889
 20
-123.5833149999999989
 30
0
 11
161.6540929999999889
 21
-123.4166850000000011
 31
0
  0
LINE
  5
521
330
1A
100
AcDbEntity
  8
B.Cu
  6
CONTINUOUS
100
AcDbLine
 10
161.6540929999999889
 20
-123.4166850000000011
 30
0
 11
161.686600999999996
 21
-123.2532579999999882
 31
0
  0
LINE
  5
522
330
1A
100
AcDbEntity
  8
B.Cu
  6
CONTINUOUS
100
AcDbLine
 10
161.686600999999996
 20
-123.2532579999999882
 30
0
 11
161.7503669999999829
 21
-123.0993129999999951
 31
0
  0
LINE
  5
523
330
1A
100
AcDbEntity
  8
B.Cu
  6
CONTINUOUS
100
AcDbLine
 10
161.7503669999999829
 20
-123.0993129999999951
 30
0
 11
161.8429409999999962
 21
-122.9607659999999925
 31
0
  0
LINE
  5
524
330
1A
100
AcDbEntity
  8
B.Cu
  6
CONTINUOUS
100
AcDbLine
 10
161.8429409999999962
 20
-122.9607659999999925
 30
0
 11
161.9607660000000067
 21
-122.8429409999999962
 31
0
  0
LINE
  5
525
330
1A
100
AcDbEntity
  8
B.Cu
  6
CONTINUOUS
100
AcDbLine
 10
161.9607660000000067
 20
-122.8429409999999962
 30
0
 11
162.0993129999999951
 21
-122.7503669999999971
 31
0
  0
LINE
  5
526
330
1A
100
AcDbEntity
  8
B.Cu
  6
CONTINUOUS
100
AcDbLine
 10
162.0993129999999951
 20
-122.7503669999999971
 30
0
 11
162.2532579999999882
 21
-122.686600999999996
 31
0
  0
LINE
  5
527
330
1A
100
AcDbEntity
  8
B.Cu
  6
CONTINUOUS
100
AcDbLine
 10
162.2532579999999882
 20
-122.686600999999996
 30
0
 11
162.4166850000000011
 21
-122.6540929999999889
 31
0
  0
LINE
  5
528
330
1A
100
AcDbEntity
  8
B.Cu
  6
CONTINUOUS
100
AcDbLine
 10
162.4166850000000011
 20
-122.6540929999999889
 30
0
 11
162.5833149999999989
 21
-122.6540929999999889
 31
0
  0
LINE
  5
529
330
1A
100
AcDbEntity
  8
B.Cu
  6
CONTINUOUS
100
AcDbLine
 10
162.5833149999999989
 20
-122.6540929999999889
 30
0
 11
162.7467419999999834
 21
-122.686600999999996
 31
0
  0
LINE
  5
52A
330
1A
100
AcDbEntity
  8
B.Cu
  6
CONTINUOUS
100
AcDbLine
 10
162.7467419999999834
 20
-120.1466009999999898
 30
0
 11
162.9006870000000049
 21
-120.2103669999999909
 31
0
  0
LINE
  5
52B
330
1A
100
AcDbEntity
  8
B.Cu
  6
CONTINUOUS
100
AcDbLine
 10
162.9006870000000049
 20
-120.2103669999999909
 30
0
 11
163.0392339999999933
 21
-120.3029409999999899
 31
0
  0
LINE
  5
52C
330
1A
100
AcDbEntity
  8
B.Cu
  6
CONTINUOUS
100
AcDbLine
 10
163.0392339999999933
 20
-120.3029409999999899
 30
0
 11
163.1570590000000038
 21
-120.4207660000000004
 31
0
  0
LINE
  5
52D
330
1A
100
AcDbEntity
  8
B.Cu
  6
CONTINUOUS
100
AcDbLine
 10
163.1570590000000038
 20
-120.4207660000000004
 30
0
 11
163.2496329999999887
 21
-120.5593129999999888
 31
0
  0
LINE
  5
52E
330
1A
100
AcDbEntity
  8
B.Cu
  6
CONTINUOUS
100
AcDbLine
 10
163.2496329999999887
 20
-120.5593129999999888
 30
0
 11
163.313399000000004
 21
-120.7132579999999962
 31
0
  0
LINE
  5
52F
330
1A
100
AcDbEntity
  8
B.Cu
  6
CONTINUOUS
100
AcDbLine
 10
163.313399000000004
 20
-120.7132579999999962
 30
0
 11
163.3459069999999826
 21
-120.8766849999999948
 31
0
  0
LINE
  5
530
330
1A
100
AcDbEntity
  8
B.Cu
  6
CONTINUOUS
100
AcDbLine
 10
163.3459069999999826
 20
-120.8766849999999948
 30
0
 11
163.3459069999999826
 21
-121.0433149999999927
 31
0
  0
LINE
  5
531
330
1A
100
AcDbEntity
  8
B.Cu
  6
CONTINUOUS
100
AcDbLine
 10
163.3459069999999826
 20
-121.0433149999999927
 30
0
 11
163.313399000000004
 21
-121.2067419999999913
 31
0
  0
LINE
  5
532
330
1A
100
AcDbEntity
  8
B.Cu
  6
CONTINUOUS
100
AcDbLine
 10
163.313399000000004
 20
-121.2067419999999913
 30
0
 11
163.2496329999999887
 21
-121.3606869999999986
 31
0
  0
LINE
  5
533
330
1A
100
AcDbEntity
  8
B.Cu
  6
CONTINUOUS
100
AcDbLine
 10
163.2496329999999887
 20
-121.3606869999999986
 30
0
 11
163.1570590000000038
 21
-121.4992340000000013
 31
0
  0
LINE
  5
534
330
1A
100
AcDbEntity
  8
B.Cu
  6
CONTINUOUS
100
AcDbLine
 10
163.1570590000000038
 20
-121.4992340000000013
 30
0
 11
163.0392339999999933
 21
-121.6170589999999976
 31
0
  0
LINE
  5
535
330
1A
100
AcDbEntity
  8
B.Cu
  6
CONTINUOUS
100
AcDbLine
 10
163.0392339999999933
 20
-121.6170589999999976
 30
0
 11
162.9006870000000049
 21
-121.7096329999999966
 31
0
  0
LINE
  5
536
330
1A
100
AcDbEntity
  8
B.Cu
  6
CONTINUOUS
100
AcDbLine
 10
162.9006870000000049
 20
-121.7096329999999966
 30
0
 11
162.7467419999999834
 21
-121.7733989999999977
 31
0
  0
LINE
  5
537
330
1A
100
AcDbEntity
  8
B.Cu
  6
CONTINUOUS
100
AcDbLine
 10
162.7467419999999834
 20
-121.7733989999999977
 30
0
 11
162.5833149999999989
 21
-121.8059069999999906
 31
0
  0
LINE
  5
538
330
1A
100
AcDbEntity
  8
B.Cu
  6
CONTINUOUS
100
AcDbLine
 10
162.5833149999999989
 20
-121.8059069999999906
 30
0
 11
162.4166850000000011
 21
-121.8059069999999906
 31
0
  0
LINE
  5
539
330
1A
100
AcDbEntity
  8
B.Cu
  6
CONTINUOUS
100
AcDbLine
 10
162.4166850000000011
 20
-121.8059069999999906
 30
0
 11
162.2532579999999882
 21
-121.7733989999999977
 31
0
  0
LINE
  5
53A
330
1A
100
AcDbEntity
  8
B.Cu
  6
CONTINUOUS
100
AcDbLine
 10
162.2532579999999882
 20
-121.7733989999999977
 30
0
 11
162.0993129999999951
 21
-121.7096329999999966
 31
0
  0
LINE
  5
53B
330
1A
100
AcDbEntity
  8
B.Cu
  6
CONTINUOUS
100
AcDbLine
 10
162.0993129999999951
 20
-121.7096329999999966
 30
0
 11
161.9607660000000067
 21
-121.6170589999999976
 31
0
  0
LINE
  5
53C
330
1A
100
AcDbEntity
  8
B.Cu
  6
CONTINUOUS
100
AcDbLine
 10
161.9607660000000067
 20
-121.6170589999999976
 30
0
 11
161.8429409999999962
 21
-121.4992340000000013
 31
0
  0
LINE
  5
53D
330
1A
100
AcDbEntity
  8
B.Cu
  6
CONTINUOUS
100
AcDbLine
 10
161.8429409999999962
 20
-121.4992340000000013
 30
0
 11
161.7503669999999829
 21
-121.3606869999999986
 31
0
  0
LINE
  5
53E
330
1A
100
AcDbEntity
  8
B.Cu
  6
CONTINUOUS
100
AcDbLine
 10
161.7503669999999829
 20
-121.3606869999999986
 30
0
 11
161.686600999999996
 21
-121.2067419999999913
 31
0
  0
LINE
  5
53F
330
1A
100
AcDbEntity
  8
B.Cu
  6
CONTINUOUS
100
AcDbLine
 10
161.686600999999996
 20
-121.2067419999999913
 30
0
 11
161.6540929999999889
 21
-121.0433149999999927
 31
0
  0
LINE
  5
540
330
1A
100
AcDbEntity
  8
B.Cu
  6
CONTINUOUS
100
AcDbLine
 10
161.6540929999999889
 20
-121.0433149999999927
 30
0
 11
161.6540929999999889
 21
-120.8766849999999948
 31
0
  0
LINE
  5
541
330
1A
100
AcDbEntity
  8
B.Cu
  6
CONTINUOUS
100
AcDbLine
 10
161.6540929999999889
 20
-120.8766849999999948
 30
0
 11
161.686600999999996
 21
-120.7132579999999962
 31
0
  0
LINE
  5
542
330
1A
100
AcDbEntity
  8
B.Cu
  6
CONTINUOUS
100
AcDbLine
 10
161.686600999999996
 20
-120.7132579999999962
 30
0
 11
161.7503669999999829
 21
-120.5593129999999888
 31
0
  0
LINE
  5
543
330
1A
100
AcDbEntity
  8
B.Cu
  6
CONTINUOUS
100
AcDbLine
 10
161.7503669999999829
 20
-120.5593129999999888
 30
0
 11
161.8429409999999962
 21
-120.4207660000000004
 31
0
  0
LINE
  5
544
330
1A
100
AcDbEntity
  8
B.Cu
  6
CONTINUOUS
100
AcDbLine
 10
161.8429409999999962
 20
-120.4207660000000004
 30
0
 11
161.9607660000000067
 21
-120.3029409999999899
 31
0
  0
LINE
  5
545
330
1A
100
AcDbEntity
  8
B.Cu
  6
CONTINUOUS
100
AcDbLine
 10
161.9607660000000067
 20
-120.3029409999999899
 30
0
 11
162.0993129999999951
 21
-120.2103669999999909
 31
0
  0
LINE
  5
546
330
1A
100
AcDbEntity
  8
B.Cu
  6
CONTINUOUS
100
AcDbLine
 10
162.0993129999999951
 20
-120.2103669999999909
 30
0
 11
162.2532579999999882
 21
-120.1466009999999898
 31
0
  0
LINE
  5
547
330
1A
100
AcDbEntity
  8
B.Cu
  6
CONTINUOUS
100
AcDbLine
 10
162.2532579999999882
 20
-120.1466009999999898
 30
0
 11
162.4166850000000011
 21
-120.1140929999999969
 31
0
  0
LINE
  5
548
330
1A
100
AcDbEntity
  8
B.Cu
  6
CONTINUOUS
100
AcDbLine
 10
162.4166850000000011
 20
-120.1140929999999969
 30
0
 11
162.5833149999999989
 21
-120.1140929999999969
 31
0
  0
LINE
  5
549
330
1A
100
AcDbEntity
  8
B.Cu
  6
CONTINUOUS
100
AcDbLine
 10
162.5833149999999989
 20
-120.1140929999999969
 30
0
 11
162.7467419999999834
 21
-120.1466009999999898
 31
0
  0
LINE
  5
54A
330
1A
100
AcDbEntity
  8
B.Cu
  6
CONTINUOUS
100
AcDbLine
 10
163.3499999999999943
 20
-119.269999999999996
 30
0
 11
161.6500000000000057
 21
-119.269999999999996
 31
0
  0
LINE
  5
54B
330
1A
100
AcDbEntity
  8
B.Cu
  6
CONTINUOUS
100
AcDbLine
 10
161.6500000000000057
 20
-119.269999999999996
 30
0
 11
161.6500000000000057
 21
-117.5699999999999932
 31
0
  0
LINE
  5
54C
330
1A
100
AcDbEntity
  8
B.Cu
  6
CONTINUOUS
100
AcDbLine
 10
161.6500000000000057
 20
-117.5699999999999932
 30
0
 11
163.3499999999999943
 21
-117.5699999999999932
 31
0
  0
LINE
  5
54D
330
1A
100
AcDbEntity
  8
B.Cu
  6
CONTINUOUS
100
AcDbLine
 10
163.3499999999999943
 20
-117.5699999999999932
 30
0
 11
163.3499999999999943
 21
-119.269999999999996
 31
0
  0
LINE
  5
54E
330
1A
100
AcDbEntity
  8
B.Cu
  6
CONTINUOUS
100
AcDbLine
 10
161.6899999999999977
 20
-114.3499999999999943
 30
0
 11
159.9899999999999807
 21
-114.3499999999999943
 31
0
  0
LINE
  5
54F
330
1A
100
AcDbEntity
  8
B.Cu
  6
CONTINUOUS
100
AcDbLine
 10
159.9899999999999807
 20
-114.3499999999999943
 30
0
 11
159.9899999999999807
 21
-112.6499999999999915
 31
0
  0
LINE
  5
550
330
1A
100
AcDbEntity
  8
B.Cu
  6
CONTINUOUS
100
AcDbLine
 10
159.9899999999999807
 20
-112.6499999999999915
 30
0
 11
161.6899999999999977
 21
-112.6499999999999915
 31
0
  0
LINE
  5
551
330
1A
100
AcDbEntity
  8
B.Cu
  6
CONTINUOUS
100
AcDbLine
 10
161.6899999999999977
 20
-112.6499999999999915
 30
0
 11
161.6899999999999977
 21
-114.3499999999999943
 31
0
  0
LINE
  5
552
330
1A
100
AcDbEntity
  8
B.Cu
  6
CONTINUOUS
100
AcDbLine
 10
163.6267419999999788
 20
-112.686600999999996
 30
0
 11
163.7806870000000004
 21
-112.7503669999999971
 31
0
  0
LINE
  5
553
330
1A
100
AcDbEntity
  8
B.Cu
  6
CONTINUOUS
100
AcDbLine
 10
163.7806870000000004
 20
-112.7503669999999971
 30
0
 11
163.9192339999999888
 21
-112.8429409999999962
 31
0
  0
LINE
  5
554
330
1A
100
AcDbEntity
  8
B.Cu
  6
CONTINUOUS
100
AcDbLine
 10
163.9192339999999888
 20
-112.8429409999999962
 30
0
 11
164.0370589999999993
 21
-112.9607659999999925
 31
0
  0
LINE
  5
555
330
1A
100
AcDbEntity
  8
B.Cu
  6
CONTINUOUS
100
AcDbLine
 10
164.0370589999999993
 20
-112.9607659999999925
 30
0
 11
164.1296329999999841
 21
-113.0993129999999951
 31
0
  0
LINE
  5
556
330
1A
100
AcDbEntity
  8
B.Cu
  6
CONTINUOUS
100
AcDbLine
 10
164.1296329999999841
 20
-113.0993129999999951
 30
0
 11
164.1933989999999994
 21
-113.2532579999999882
 31
0
  0
LINE
  5
557
330
1A
100
AcDbEntity
  8
B.Cu
  6
CONTINUOUS
100
AcDbLine
 10
164.1933989999999994
 20
-113.2532579999999882
 30
0
 11
164.2259070000000065
 21
-113.4166850000000011
 31
0
  0
LINE
  5
558
330
1A
100
AcDbEntity
  8
B.Cu
  6
CONTINUOUS
100
AcDbLine
 10
164.2259070000000065
 20
-113.4166850000000011
 30
0
 11
164.2259070000000065
 21
-113.5833149999999989
 31
0
  0
LINE
  5
559
330
1A
100
AcDbEntity
  8
B.Cu
  6
CONTINUOUS
100
AcDbLine
 10
164.2259070000000065
 20
-113.5833149999999989
 30
0
 11
164.1933989999999994
 21
-113.7467419999999976
 31
0
  0
LINE
  5
55A
330
1A
100
AcDbEntity
  8
B.Cu
  6
CONTINUOUS
100
AcDbLine
 10
164.1933989999999994
 20
-113.7467419999999976
 30
0
 11
164.1296329999999841
 21
-113.9006869999999907
 31
0
  0
LINE
  5
55B
330
1A
100
AcDbEntity
  8
B.Cu
  6
CONTINUOUS
100
AcDbLine
 10
164.1296329999999841
 20
-113.9006869999999907
 30
0
 11
164.0370589999999993
 21
-114.0392339999999933
 31
0
  0
LINE
  5
55C
330
1A
100
AcDbEntity
  8
B.Cu
  6
CONTINUOUS
100
AcDbLine
 10
164.0370589999999993
 20
-114.0392339999999933
 30
0
 11
163.9192339999999888
 21
-114.1570589999999896
 31
0
  0
LINE
  5
55D
330
1A
100
AcDbEntity
  8
B.Cu
  6
CONTINUOUS
100
AcDbLine
 10
163.9192339999999888
 20
-114.1570589999999896
 30
0
 11
163.7806870000000004
 21
-114.2496329999999887
 31
0
  0
LINE
  5
55E
330
1A
100
AcDbEntity
  8
B.Cu
  6
CONTINUOUS
100
AcDbLine
 10
163.7806870000000004
 20
-114.2496329999999887
 30
0
 11
163.6267419999999788
 21
-114.3133989999999898
 31
0
  0
LINE
  5
55F
330
1A
100
AcDbEntity
  8
B.Cu
  6
CONTINUOUS
100
AcDbLine
 10
163.6267419999999788
 20
-114.3133989999999898
 30
0
 11
163.4633149999999944
 21
-114.3459069999999969
 31
0
  0
LINE
  5
560
330
1A
100
AcDbEntity
  8
B.Cu
  6
CONTINUOUS
100
AcDbLine
 10
163.4633149999999944
 20
-114.3459069999999969
 30
0
 11
163.2966849999999965
 21
-114.3459069999999969
 31
0
  0
LINE
  5
561
330
1A
100
AcDbEntity
  8
B.Cu
  6
CONTINUOUS
100
AcDbLine
 10
163.2966849999999965
 20
-114.3459069999999969
 30
0
 11
163.1332579999999837
 21
-114.3133989999999898
 31
0
  0
LINE
  5
562
330
1A
100
AcDbEntity
  8
B.Cu
  6
CONTINUOUS
100
AcDbLine
 10
163.1332579999999837
 20
-114.3133989999999898
 30
0
 11
162.9793129999999906
 21
-114.2496329999999887
 31
0
  0
LINE
  5
563
330
1A
100
AcDbEntity
  8
B.Cu
  6
CONTINUOUS
100
AcDbLine
 10
162.9793129999999906
 20
-114.2496329999999887
 30
0
 11
162.8407660000000021
 21
-114.1570589999999896
 31
0
  0
LINE
  5
564
330
1A
100
AcDbEntity
  8
B.Cu
  6
CONTINUOUS
100
AcDbLine
 10
162.8407660000000021
 20
-114.1570589999999896
 30
0
 11
162.7229409999999916
 21
-114.0392339999999933
 31
0
  0
LINE
  5
565
330
1A
100
AcDbEntity
  8
B.Cu
  6
CONTINUOUS
100
AcDbLine
 10
162.7229409999999916
 20
-114.0392339999999933
 30
0
 11
162.6303670000000068
 21
-113.9006869999999907
 31
0
  0
LINE
  5
566
330
1A
100
AcDbEntity
  8
B.Cu
  6
CONTINUOUS
100
AcDbLine
 10
162.6303670000000068
 20
-113.9006869999999907
 30
0
 11
162.5666009999999915
 21
-113.7467419999999976
 31
0
  0
LINE
  5
567
330
1A
100
AcDbEntity
  8
B.Cu
  6
CONTINUOUS
100
AcDbLine
 10
162.5666009999999915
 20
-113.7467419999999976
 30
0
 11
162.5340929999999844
 21
-113.5833149999999989
 31
0
  0
LINE
  5
568
330
1A
100
AcDbEntity
  8
B.Cu
  6
CONTINUOUS
100
AcDbLine
 10
162.5340929999999844
 20
-113.5833149999999989
 30
0
 11
162.5340929999999844
 21
-113.4166850000000011
 31
0
  0
LINE
  5
569
330
1A
100
AcDbEntity
  8
B.Cu
  6
CONTINUOUS
100
AcDbLine
 10
162.5340929999999844
 20
-113.4166850000000011
 30
0
 11
162.5666009999999915
 21
-113.2532579999999882
 31
0
  0
LINE
  5
56A
330
1A
100
AcDbEntity
  8
B.Cu
  6
CONTINUOUS
100
AcDbLine
 10
162.5666009999999915
 20
-113.2532579999999882
 30
0
 11
162.6303670000000068
 21
-113.0993129999999951
 31
0
  0
LINE
  5
56B
330
1A
100
AcDbEntity
  8
B.Cu
  6
CONTINUOUS
100
AcDbLine
 10
162.6303670000000068
 20
-113.0993129999999951
 30
0
 11
162.7229409999999916
 21
-112.9607659999999925
 31
0
  0
LINE
  5
56C
330
1A
100
AcDbEntity
  8
B.Cu
  6
CONTINUOUS
100
AcDbLine
 10
162.7229409999999916
 20
-112.9607659999999925
 30
0
 11
162.8407660000000021
 21
-112.8429409999999962
 31
0
  0
LINE
  5
56D
330
1A
100
AcDbEntity
  8
B.Cu
  6
CONTINUOUS
100
AcDbLine
 10
162.8407660000000021
 20
-112.8429409999999962
 30
0
 11
162.9793129999999906
 21
-112.7503669999999971
 31
0
  0
LINE
  5
56E
330
1A
100
AcDbEntity
  8
B.Cu
  6
CONTINUOUS
100
AcDbLine
 10
162.9793129999999906
 20
-112.7503669999999971
 30
0
 11
163.1332579999999837
 21
-112.686600999999996
 31
0
  0
LINE
  5
56F
330
1A
100
AcDbEntity
  8
B.Cu
  6
CONTINUOUS
100
AcDbLine
 10
163.1332579999999837
 20
-112.686600999999996
 30
0
 11
163.2966849999999965
 21
-112.6540929999999889
 31
0
  0
LINE
  5
570
330
1A
100
AcDbEntity
  8
B.Cu
  6
CONTINUOUS
100
AcDbLine
 10
163.2966849999999965
 20
-112.6540929999999889
 30
0
 11
163.4633149999999944
 21
-112.6540929999999889
 31
0
  0
LINE
  5
571
330
1A
100
AcDbEntity
  8
B.Cu
  6
CONTINUOUS
100
AcDbLine
 10
163.4633149999999944
 20
-112.6540929999999889
 30
0
 11
163.6267419999999788
 21
-112.686600999999996
 31
0
  0
LINE
  5
572
330
1A
100
AcDbEntity
  8
B.Cu
  6
CONTINUOUS
100
AcDbLine
 10
166.1667419999999993
 20
-112.686600999999996
 30
0
 11
166.3206869999999924
 21
-112.7503669999999971
 31
0
  0
LINE
  5
573
330
1A
100
AcDbEntity
  8
B.Cu
  6
CONTINUOUS
100
AcDbLine
 10
166.3206869999999924
 20
-112.7503669999999971
 30
0
 11
166.4592339999999808
 21
-112.8429409999999962
 31
0
  0
LINE
  5
574
330
1A
100
AcDbEntity
  8
B.Cu
  6
CONTINUOUS
100
AcDbLine
 10
166.4592339999999808
 20
-112.8429409999999962
 30
0
 11
166.5770589999999913
 21
-112.9607659999999925
 31
0
  0
LINE
  5
575
330
1A
100
AcDbEntity
  8
B.Cu
  6
CONTINUOUS
100
AcDbLine
 10
166.5770589999999913
 20
-112.9607659999999925
 30
0
 11
166.6696330000000046
 21
-113.0993129999999951
 31
0
  0
LINE
  5
576
330
1A
100
AcDbEntity
  8
B.Cu
  6
CONTINUOUS
100
AcDbLine
 10
166.6696330000000046
 20
-113.0993129999999951
 30
0
 11
166.7333989999999915
 21
-113.2532579999999882
 31
0
  0
LINE
  5
577
330
1A
100
AcDbEntity
  8
B.Cu
  6
CONTINUOUS
100
AcDbLine
 10
166.7333989999999915
 20
-113.2532579999999882
 30
0
 11
166.7659069999999986
 21
-113.4166850000000011
 31
0
  0
LINE
  5
578
330
1A
100
AcDbEntity
  8
B.Cu
  6
CONTINUOUS
100
AcDbLine
 10
166.7659069999999986
 20
-113.4166850000000011
 30
0
 11
166.7659069999999986
 21
-113.5833149999999989
 31
0
  0
LINE
  5
579
330
1A
100
AcDbEntity
  8
B.Cu
  6
CONTINUOUS
100
AcDbLine
 10
166.7659069999999986
 20
-113.5833149999999989
 30
0
 11
166.7333989999999915
 21
-113.7467419999999976
 31
0
  0
LINE
  5
57A
330
1A
100
AcDbEntity
  8
B.Cu
  6
CONTINUOUS
100
AcDbLine
 10
166.7333989999999915
 20
-113.7467419999999976
 30
0
 11
166.6696330000000046
 21
-113.9006869999999907
 31
0
  0
LINE
  5
57B
330
1A
100
AcDbEntity
  8
B.Cu
  6
CONTINUOUS
100
AcDbLine
 10
166.6696330000000046
 20
-113.9006869999999907
 30
0
 11
166.5770589999999913
 21
-114.0392339999999933
 31
0
  0
LINE
  5
57C
330
1A
100
AcDbEntity
  8
B.Cu
  6
CONTINUOUS
100
AcDbLine
 10
166.5770589999999913
 20
-114.0392339999999933
 30
0
 11
166.4592339999999808
 21
-114.1570589999999896
 31
0
  0
LINE
  5
57D
330
1A
100
AcDbEntity
  8
B.Cu
  6
CONTINUOUS
100
AcDbLine
 10
166.4592339999999808
 20
-114.1570589999999896
 30
0
 11
166.3206869999999924
 21
-114.2496329999999887
 31
0
  0
LINE
  5
57E
330
1A
100
AcDbEntity
  8
B.Cu
  6
CONTINUOUS
100
AcDbLine
 10
166.3206869999999924
 20
-114.2496329999999887
 30
0
 11
166.1667419999999993
 21
-114.3133989999999898
 31
0
  0
LINE
  5
57F
330
1A
100
AcDbEntity
  8
B.Cu
  6
CONTINUOUS
100
AcDbLine
 10
166.1667419999999993
 20
-114.3133989999999898
 30
0
 11
166.0033149999999864
 21
-114.3459069999999969
 31
0
  0
LINE
  5
580
330
1A
100
AcDbEntity
  8
B.Cu
  6
CONTINUOUS
100
AcDbLine
 10
166.0033149999999864
 20
-114.3459069999999969
 30
0
 11
165.8366849999999886
 21
-114.3459069999999969
 31
0
  0
LINE
  5
581
330
1A
100
AcDbEntity
  8
B.Cu
  6
CONTINUOUS
100
AcDbLine
 10
165.8366849999999886
 20
-114.3459069999999969
 30
0
 11
165.6732580000000041
 21
-114.3133989999999898
 31
0
  0
LINE
  5
582
330
1A
100
AcDbEntity
  8
B.Cu
  6
CONTINUOUS
100
AcDbLine
 10
165.6732580000000041
 20
-114.3133989999999898
 30
0
 11
165.5193129999999826
 21
-114.2496329999999887
 31
0
  0
LINE
  5
583
330
1A
100
AcDbEntity
  8
B.Cu
  6
CONTINUOUS
100
AcDbLine
 10
165.5193129999999826
 20
-114.2496329999999887
 30
0
 11
165.3807659999999942
 21
-114.1570589999999896
 31
0
  0
LINE
  5
584
330
1A
100
AcDbEntity
  8
B.Cu
  6
CONTINUOUS
100
AcDbLine
 10
165.3807659999999942
 20
-114.1570589999999896
 30
0
 11
165.2629409999999837
 21
-114.0392339999999933
 31
0
  0
LINE
  5
585
330
1A
100
AcDbEntity
  8
B.Cu
  6
CONTINUOUS
100
AcDbLine
 10
165.2629409999999837
 20
-114.0392339999999933
 30
0
 11
165.1703669999999988
 21
-113.9006869999999907
 31
0
  0
LINE
  5
586
330
1A
100
AcDbEntity
  8
B.Cu
  6
CONTINUOUS
100
AcDbLine
 10
165.1703669999999988
 20
-113.9006869999999907
 30
0
 11
165.1066009999999835
 21
-113.7467419999999976
 31
0
  0
LINE
  5
587
330
1A
100
AcDbEntity
  8
B.Cu
  6
CONTINUOUS
100
AcDbLine
 10
165.1066009999999835
 20
-113.7467419999999976
 30
0
 11
165.0740930000000048
 21
-113.5833149999999989
 31
0
  0
LINE
  5
588
330
1A
100
AcDbEntity
  8
B.Cu
  6
CONTINUOUS
100
AcDbLine
 10
165.0740930000000048
 20
-113.5833149999999989
 30
0
 11
165.0740930000000048
 21
-113.4166850000000011
 31
0
  0
LINE
  5
589
330
1A
100
AcDbEntity
  8
B.Cu
  6
CONTINUOUS
100
AcDbLine
 10
165.0740930000000048
 20
-113.4166850000000011
 30
0
 11
165.1066009999999835
 21
-113.2532579999999882
 31
0
  0
LINE
  5
58A
330
1A
100
AcDbEntity
  8
B.Cu
  6
CONTINUOUS
100
AcDbLine
 10
165.1066009999999835
 20
-113.2532579999999882
 30
0
 11
165.1703669999999988
 21
-113.0993129999999951
 31
0
  0
LINE
  5
58B
330
1A
100
AcDbEntity
  8
B.Cu
  6
CONTINUOUS
100
AcDbLine
 10
165.1703669999999988
 20
-113.0993129999999951
 30
0
 11
165.2629409999999837
 21
-112.9607659999999925
 31
0
  0
LINE
  5
58C
330
1A
100
AcDbEntity
  8
B.Cu
  6
CONTINUOUS
100
AcDbLine
 10
165.2629409999999837
 20
-112.9607659999999925
 30
0
 11
165.3807659999999942
 21
-112.8429409999999962
 31
0
  0
LINE
  5
58D
330
1A
100
AcDbEntity
  8
B.Cu
  6
CONTINUOUS
100
AcDbLine
 10
165.3807659999999942
 20
-112.8429409999999962
 30
0
 11
165.5193129999999826
 21
-112.7503669999999971
 31
0
  0
LINE
  5
58E
330
1A
100
AcDbEntity
  8
B.Cu
  6
CONTINUOUS
100
AcDbLine
 10
165.5193129999999826
 20
-112.7503669999999971
 30
0
 11
165.6732580000000041
 21
-112.686600999999996
 31
0
  0
LINE
  5
58F
330
1A
100
AcDbEntity
  8
B.Cu
  6
CONTINUOUS
100
AcDbLine
 10
165.6732580000000041
 20
-112.686600999999996
 30
0
 11
165.8366849999999886
 21
-112.6540929999999889
 31
0
  0
LINE
  5
590
330
1A
100
AcDbEntity
  8
B.Cu
  6
CONTINUOUS
100
AcDbLine
 10
165.8366849999999886
 20
-112.6540929999999889
 30
0
 11
166.0033149999999864
 21
-112.6540929999999889
 31
0
  0
LINE
  5
591
330
1A
100
AcDbEntity
  8
B.Cu
  6
CONTINUOUS
100
AcDbLine
 10
166.0033149999999864
 20
-112.6540929999999889
 30
0
 11
166.1667419999999993
 21
-112.686600999999996
 31
0
  0
LINE
  5
592
330
1A
100
AcDbEntity
  8
B.Cu
  6
CONTINUOUS
100
AcDbLine
 10
168.7067419999999913
 20
-112.686600999999996
 30
0
 11
168.8606869999999844
 21
-112.7503669999999971
 31
0
  0
LINE
  5
593
330
1A
100
AcDbEntity
  8
B.Cu
  6
CONTINUOUS
100
AcDbLine
 10
168.8606869999999844
 20
-112.7503669999999971
 30
0
 11
168.9992340000000013
 21
-112.8429409999999962
 31
0
  0
LINE
  5
594
330
1A
100
AcDbEntity
  8
B.Cu
  6
CONTINUOUS
100
AcDbLine
 10
168.9992340000000013
 20
-112.8429409999999962
 30
0
 11
169.1170589999999834
 21
-112.9607659999999925
 31
0
  0
LINE
  5
595
330
1A
100
AcDbEntity
  8
B.Cu
  6
CONTINUOUS
100
AcDbLine
 10
169.1170589999999834
 20
-112.9607659999999925
 30
0
 11
169.2096329999999966
 21
-113.0993129999999951
 31
0
  0
LINE
  5
596
330
1A
100
AcDbEntity
  8
B.Cu
  6
CONTINUOUS
100
AcDbLine
 10
169.2096329999999966
 20
-113.0993129999999951
 30
0
 11
169.2733989999999835
 21
-113.2532579999999882
 31
0
  0
LINE
  5
597
330
1A
100
AcDbEntity
  8
B.Cu
  6
CONTINUOUS
100
AcDbLine
 10
169.2733989999999835
 20
-113.2532579999999882
 30
0
 11
169.3059069999999906
 21
-113.4166850000000011
 31
0
  0
LINE
  5
598
330
1A
100
AcDbEntity
  8
B.Cu
  6
CONTINUOUS
100
AcDbLine
 10
169.3059069999999906
 20
-113.4166850000000011
 30
0
 11
169.3059069999999906
 21
-113.5833149999999989
 31
0
  0
LINE
  5
599
330
1A
100
AcDbEntity
  8
B.Cu
  6
CONTINUOUS
100
AcDbLine
 10
169.3059069999999906
 20
-113.5833149999999989
 30
0
 11
169.2733989999999835
 21
-113.7467419999999976
 31
0
  0
LINE
  5
59A
330
1A
100
AcDbEntity
  8
B.Cu
  6
CONTINUOUS
100
AcDbLine
 10
169.2733989999999835
 20
-113.7467419999999976
 30
0
 11
169.2096329999999966
 21
-113.9006869999999907
 31
0
  0
LINE
  5
59B
330
1A
100
AcDbEntity
  8
B.Cu
  6
CONTINUOUS
100
AcDbLine
 10
169.2096329999999966
 20
-113.9006869999999907
 30
0
 11
169.1170589999999834
 21
-114.0392339999999933
 31
0
  0
LINE
  5
59C
330
1A
100
AcDbEntity
  8
B.Cu
  6
CONTINUOUS
100
AcDbLine
 10
169.1170589999999834
 20
-114.0392339999999933
 30
0
 11
168.9992340000000013
 21
-114.1570589999999896
 31
0
  0
LINE
  5
59D
330
1A
100
AcDbEntity
  8
B.Cu
  6
CONTINUOUS
100
AcDbLine
 10
168.9992340000000013
 20
-114.1570589999999896
 30
0
 11
168.8606869999999844
 21
-114.2496329999999887
 31
0
  0
LINE
  5
59E
330
1A
100
AcDbEntity
  8
B.Cu
  6
CONTINUOUS
100
AcDbLine
 10
168.8606869999999844
 20
-114.2496329999999887
 30
0
 11
168.7067419999999913
 21
-114.3133989999999898
 31
0
  0
LINE
  5
59F
330
1A
100
AcDbEntity
  8
B.Cu
  6
CONTINUOUS
100
AcDbLine
 10
168.7067419999999913
 20
-114.3133989999999898
 30
0
 11
168.5433149999999785
 21
-114.3459069999999969
 31
0
  0
LINE
  5
5A0
330
1A
100
AcDbEntity
  8
B.Cu
  6
CONTINUOUS
100
AcDbLine
 10
168.5433149999999785
 20
-114.3459069999999969
 30
0
 11
168.3766849999999806
 21
-114.3459069999999969
 31
0
  0
LINE
  5
5A1
330
1A
100
AcDbEntity
  8
B.Cu
  6
CONTINUOUS
100
AcDbLine
 10
168.3766849999999806
 20
-114.3459069999999969
 30
0
 11
168.2132579999999962
 21
-114.3133989999999898
 31
0
  0
LINE
  5
5A2
330
1A
100
AcDbEntity
  8
B.Cu
  6
CONTINUOUS
100
AcDbLine
 10
168.2132579999999962
 20
-114.3133989999999898
 30
0
 11
168.0593130000000031
 21
-114.2496329999999887
 31
0
  0
LINE
  5
5A3
330
1A
100
AcDbEntity
  8
B.Cu
  6
CONTINUOUS
100
AcDbLine
 10
168.0593130000000031
 20
-114.2496329999999887
 30
0
 11
167.9207659999999862
 21
-114.1570589999999896
 31
0
  0
LINE
  5
5A4
330
1A
100
AcDbEntity
  8
B.Cu
  6
CONTINUOUS
100
AcDbLine
 10
167.9207659999999862
 20
-114.1570589999999896
 30
0
 11
167.8029410000000041
 21
-114.0392339999999933
 31
0
  0
LINE
  5
5A5
330
1A
100
AcDbEntity
  8
B.Cu
  6
CONTINUOUS
100
AcDbLine
 10
167.8029410000000041
 20
-114.0392339999999933
 30
0
 11
167.7103669999999909
 21
-113.9006869999999907
 31
0
  0
LINE
  5
5A6
330
1A
100
AcDbEntity
  8
B.Cu
  6
CONTINUOUS
100
AcDbLine
 10
167.7103669999999909
 20
-113.9006869999999907
 30
0
 11
167.646601000000004
 21
-113.7467419999999976
 31
0
  0
LINE
  5
5A7
330
1A
100
AcDbEntity
  8
B.Cu
  6
CONTINUOUS
100
AcDbLine
 10
167.646601000000004
 20
-113.7467419999999976
 30
0
 11
167.6140929999999969
 21
-113.5833149999999989
 31
0
  0
LINE
  5
5A8
330
1A
100
AcDbEntity
  8
B.Cu
  6
CONTINUOUS
100
AcDbLine
 10
167.6140929999999969
 20
-113.5833149999999989
 30
0
 11
167.6140929999999969
 21
-113.4166850000000011
 31
0
  0
LINE
  5
5A9
330
1A
100
AcDbEntity
  8
B.Cu
  6
CONTINUOUS
100
AcDbLine
 10
167.6140929999999969
 20
-113.4166850000000011
 30
0
 11
167.646601000000004
 21
-113.2532579999999882
 31
0
  0
LINE
  5
5AA
330
1A
100
AcDbEntity
  8
B.Cu
  6
CONTINUOUS
100
AcDbLine
 10
167.646601000000004
 20
-113.2532579999999882
 30
0
 11
167.7103669999999909
 21
-113.0993129999999951
 31
0
  0
LINE
  5
5AB
330
1A
100
AcDbEntity
  8
B.Cu
  6
CONTINUOUS
100
AcDbLine
 10
167.7103669999999909
 20
-113.0993129999999951
 30
0
 11
167.8029410000000041
 21
-112.9607659999999925
 31
0
  0
LINE
  5
5AC
330
1A
100
AcDbEntity
  8
B.Cu
  6
CONTINUOUS
100
AcDbLine
 10
167.8029410000000041
 20
-112.9607659999999925
 30
0
 11
167.9207659999999862
 21
-112.8429409999999962
 31
0
  0
LINE
  5
5AD
330
1A
100
AcDbEntity
  8
B.Cu
  6
CONTINUOUS
100
AcDbLine
 10
167.9207659999999862
 20
-112.8429409999999962
 30
0
 11
168.0593130000000031
 21
-112.7503669999999971
 31
0
  0
LINE
  5
5AE
330
1A
100
AcDbEntity
  8
B.Cu
  6
CONTINUOUS
100
AcDbLine
 10
168.0593130000000031
 20
-112.7503669999999971
 30
0
 11
168.2132579999999962
 21
-112.686600999999996
 31
0
  0
LINE
  5
5AF
330
1A
100
AcDbEntity
  8
B.Cu
  6
CONTINUOUS
100
AcDbLine
 10
168.2132579999999962
 20
-112.686600999999996
 30
0
 11
168.3766849999999806
 21
-112.6540929999999889
 31
0
  0
LINE
  5
5B0
330
1A
100
AcDbEntity
  8
B.Cu
  6
CONTINUOUS
100
AcDbLine
 10
168.3766849999999806
 20
-112.6540929999999889
 30
0
 11
168.5433149999999785
 21
-112.6540929999999889
 31
0
  0
LINE
  5
5B1
330
1A
100
AcDbEntity
  8
B.Cu
  6
CONTINUOUS
100
AcDbLine
 10
168.5433149999999785
 20
-112.6540929999999889
 30
0
 11
168.7067419999999913
 21
-112.686600999999996
 31
0
  0
LINE
  5
5B2
330
1A
100
AcDbEntity
  8
B.Cu
  6
CONTINUOUS
100
AcDbLine
 10
171.2467419999999834
 20
-112.686600999999996
 30
0
 11
171.4006870000000049
 21
-112.7503669999999971
 31
0
  0
LINE
  5
5B3
330
1A
100
AcDbEntity
  8
B.Cu
  6
CONTINUOUS
100
AcDbLine
 10
171.4006870000000049
 20
-112.7503669999999971
 30
0
 11
171.5392339999999933
 21
-112.8429409999999962
 31
0
  0
LINE
  5
5B4
330
1A
100
AcDbEntity
  8
B.Cu
  6
CONTINUOUS
100
AcDbLine
 10
171.5392339999999933
 20
-112.8429409999999962
 30
0
 11
171.6570590000000038
 21
-112.9607659999999925
 31
0
  0
LINE
  5
5B5
330
1A
100
AcDbEntity
  8
B.Cu
  6
CONTINUOUS
100
AcDbLine
 10
171.6570590000000038
 20
-112.9607659999999925
 30
0
 11
171.7496329999999887
 21
-113.0993129999999951
 31
0
  0
LINE
  5
5B6
330
1A
100
AcDbEntity
  8
B.Cu
  6
CONTINUOUS
100
AcDbLine
 10
171.7496329999999887
 20
-113.0993129999999951
 30
0
 11
171.813399000000004
 21
-113.2532579999999882
 31
0
  0
LINE
  5
5B7
330
1A
100
AcDbEntity
  8
B.Cu
  6
CONTINUOUS
100
AcDbLine
 10
171.813399000000004
 20
-113.2532579999999882
 30
0
 11
171.8459069999999826
 21
-113.4166850000000011
 31
0
  0
LINE
  5
5B8
330
1A
100
AcDbEntity
  8
B.Cu
  6
CONTINUOUS
100
AcDbLine
 10
171.8459069999999826
 20
-113.4166850000000011
 30
0
 11
171.8459069999999826
 21
-113.5833149999999989
 31
0
  0
LINE
  5
5B9
330
1A
100
AcDbEntity
  8
B.Cu
  6
CONTINUOUS
100
AcDbLine
 10
171.8459069999999826
 20
-113.5833149999999989
 30
0
 11
171.813399000000004
 21
-113.7467419999999976
 31
0
  0
LINE
  5
5BA
330
1A
100
AcDbEntity
  8
B.Cu
  6
CONTINUOUS
100
AcDbLine
 10
171.813399000000004
 20
-113.7467419999999976
 30
0
 11
171.7496329999999887
 21
-113.9006869999999907
 31
0
  0
LINE
  5
5BB
330
1A
100
AcDbEntity
  8
B.Cu
  6
CONTINUOUS
100
AcDbLine
 10
171.7496329999999887
 20
-113.9006869999999907
 30
0
 11
171.6570590000000038
 21
-114.0392339999999933
 31
0
  0
LINE
  5
5BC
330
1A
100
AcDbEntity
  8
B.Cu
  6
CONTINUOUS
100
AcDbLine
 10
171.6570590000000038
 20
-114.0392339999999933
 30
0
 11
171.5392339999999933
 21
-114.1570589999999896
 31
0
  0
LINE
  5
5BD
330
1A
100
AcDbEntity
  8
B.Cu
  6
CONTINUOUS
100
AcDbLine
 10
171.5392339999999933
 20
-114.1570589999999896
 30
0
 11
171.4006870000000049
 21
-114.2496329999999887
 31
0
  0
LINE
  5
5BE
330
1A
100
AcDbEntity
  8
B.Cu
  6
CONTINUOUS
100
AcDbLine
 10
171.4006870000000049
 20
-114.2496329999999887
 30
0
 11
171.2467419999999834
 21
-114.3133989999999898
 31
0
  0
LINE
  5
5BF
330
1A
100
AcDbEntity
  8
B.Cu
  6
CONTINUOUS
100
AcDbLine
 10
171.2467419999999834
 20
-114.3133989999999898
 30
0
 11
171.0833149999999989
 21
-114.3459069999999969
 31
0
  0
LINE
  5
5C0
330
1A
100
AcDbEntity
  8
B.Cu
  6
CONTINUOUS
100
AcDbLine
 10
171.0833149999999989
 20
-114.3459069999999969
 30
0
 11
170.9166850000000011
 21
-114.3459069999999969
 31
0
  0
LINE
  5
5C1
330
1A
100
AcDbEntity
  8
B.Cu
  6
CONTINUOUS
100
AcDbLine
 10
170.9166850000000011
 20
-114.3459069999999969
 30
0
 11
170.7532579999999882
 21
-114.3133989999999898
 31
0
  0
LINE
  5
5C2
330
1A
100
AcDbEntity
  8
B.Cu
  6
CONTINUOUS
100
AcDbLine
 10
170.7532579999999882
 20
-114.3133989999999898
 30
0
 11
170.5993129999999951
 21
-114.2496329999999887
 31
0
  0
LINE
  5
5C3
330
1A
100
AcDbEntity
  8
B.Cu
  6
CONTINUOUS
100
AcDbLine
 10
170.5993129999999951
 20
-114.2496329999999887
 30
0
 11
170.4607659999999782
 21
-114.1570589999999896
 31
0
  0
LINE
  5
5C4
330
1A
100
AcDbEntity
  8
B.Cu
  6
CONTINUOUS
100
AcDbLine
 10
170.4607659999999782
 20
-114.1570589999999896
 30
0
 11
170.3429409999999962
 21
-114.0392339999999933
 31
0
  0
LINE
  5
5C5
330
1A
100
AcDbEntity
  8
B.Cu
  6
CONTINUOUS
100
AcDbLine
 10
170.3429409999999962
 20
-114.0392339999999933
 30
0
 11
170.2503669999999829
 21
-113.9006869999999907
 31
0
  0
LINE
  5
5C6
330
1A
100
AcDbEntity
  8
B.Cu
  6
CONTINUOUS
100
AcDbLine
 10
170.2503669999999829
 20
-113.9006869999999907
 30
0
 11
170.186600999999996
 21
-113.7467419999999976
 31
0
  0
LINE
  5
5C7
330
1A
100
AcDbEntity
  8
B.Cu
  6
CONTINUOUS
100
AcDbLine
 10
170.186600999999996
 20
-113.7467419999999976
 30
0
 11
170.1540929999999889
 21
-113.5833149999999989
 31
0
  0
LINE
  5
5C8
330
1A
100
AcDbEntity
  8
B.Cu
  6
CONTINUOUS
100
AcDbLine
 10
170.1540929999999889
 20
-113.5833149999999989
 30
0
 11
170.1540929999999889
 21
-113.4166850000000011
 31
0
  0
LINE
  5
5C9
330
1A
100
AcDbEntity
  8
B.Cu
  6
CONTINUOUS
100
AcDbLine
 10
170.1540929999999889
 20
-113.4166850000000011
 30
0
 11
170.186600999999996
 21
-113.2532579999999882
 31
0
  0
LINE
  5
5CA
330
1A
100
AcDbEntity
  8
B.Cu
  6
CONTINUOUS
100
AcDbLine
 10
170.186600999999996
 20
-113.2532579999999882
 30
0
 11
170.2503669999999829
 21
-113.0993129999999951
 31
0
  0
LINE
  5
5CB
330
1A
100
AcDbEntity
  8
B.Cu
  6
CONTINUOUS
100
AcDbLine
 10
170.2503669999999829
 20
-113.0993129999999951
 30
0
 11
170.3429409999999962
 21
-112.9607659999999925
 31
0
  0
LINE
  5
5CC
330
1A
100
AcDbEntity
  8
B.Cu
  6
CONTINUOUS
100
AcDbLine
 10
170.3429409999999962
 20
-112.9607659999999925
 30
0
 11
170.4607659999999782
 21
-112.8429409999999962
 31
0
  0
LINE
  5
5CD
330
1A
100
AcDbEntity
  8
B.Cu
  6
CONTINUOUS
100
AcDbLine
 10
170.4607659999999782
 20
-112.8429409999999962
 30
0
 11
170.5993129999999951
 21
-112.7503669999999971
 31
0
  0
LINE
  5
5CE
330
1A
100
AcDbEntity
  8
B.Cu
  6
CONTINUOUS
100
AcDbLine
 10
170.5993129999999951
 20
-112.7503669999999971
 30
0
 11
170.7532579999999882
 21
-112.686600999999996
 31
0
  0
LINE
  5
5CF
330
1A
100
AcDbEntity
  8
B.Cu
  6
CONTINUOUS
100
AcDbLine
 10
170.7532579999999882
 20
-112.686600999999996
 30
0
 11
170.9166850000000011
 21
-112.6540929999999889
 31
0
  0
LINE
  5
5D0
330
1A
100
AcDbEntity
  8
B.Cu
  6
CONTINUOUS
100
AcDbLine
 10
170.9166850000000011
 20
-112.6540929999999889
 30
0
 11
171.0833149999999989
 21
-112.6540929999999889
 31
0
  0
LINE
  5
5D1
330
1A
100
AcDbEntity
  8
B.Cu
  6
CONTINUOUS
100
AcDbLine
 10
171.0833149999999989
 20
-112.6540929999999889
 30
0
 11
171.2467419999999834
 21
-112.686600999999996
 31
0
  0
LINE
  5
5D2
330
1A
100
AcDbEntity
  8
B.Cu
  6
CONTINUOUS
100
AcDbLine
 10
113.6837159999999898
 20
-65.5194539999999961
 30
0
 11
113.764497999999989
 21
-65.5734300000000019
 31
0
  0
LINE
  5
5D3
330
1A
100
AcDbEntity
  8
B.Cu
  6
CONTINUOUS
100
AcDbLine
 10
113.764497999999989
 20
-65.5734300000000019
 30
0
 11
113.8184739999999948
 21
-65.6542120000000011
 31
0
  0
LINE
  5
5D4
330
1A
100
AcDbEntity
  8
B.Cu
  6
CONTINUOUS
100
AcDbLine
 10
113.8184739999999948
 20
-65.6542120000000011
 30
0
 11
113.8374279999999885
 21
-65.7494999999999976
 31
0
  0
LINE
  5
5D5
330
1A
100
AcDbEntity
  8
B.Cu
  6
CONTINUOUS
100
AcDbLine
 10
113.8374279999999885
 20
-65.7494999999999976
 30
0
 11
113.8184739999999948
 21
-65.8447879999999941
 31
0
  0
LINE
  5
5D6
330
1A
100
AcDbEntity
  8
B.Cu
  6
CONTINUOUS
100
AcDbLine
 10
113.8184739999999948
 20
-65.8447879999999941
 30
0
 11
113.7877620000000007
 21
-65.8987209999999948
 31
0
  0
LINE
  5
5D7
330
1A
100
AcDbEntity
  8
B.Cu
  6
CONTINUOUS
100
AcDbLine
 10
113.7877620000000007
 20
-65.8987209999999948
 30
0
 11
113.7062049999999971
 21
-66.0076669999999979
 31
0
  0
LINE
  5
5D8
330
1A
100
AcDbEntity
  8
B.Cu
  6
CONTINUOUS
100
AcDbLine
 10
113.7062049999999971
 20
-66.0076669999999979
 30
0
 11
113.6559079999999966
 21
-66.1425179999999955
 31
0
  0
LINE
  5
5D9
330
1A
100
AcDbEntity
  8
B.Cu
  6
CONTINUOUS
100
AcDbLine
 10
113.6559079999999966
 20
-66.1425179999999955
 30
0
 11
113.6494999999999891
 21
-66.2021230000000003
 31
0
  0
LINE
  5
5DA
330
1A
100
AcDbEntity
  8
B.Cu
  6
CONTINUOUS
100
AcDbLine
 10
113.6494999999999891
 20
-66.2021230000000003
 30
0
 11
113.6494999999999891
 21
-70.7978650000000016
 31
0
  0
LINE
  5
5DB
330
1A
100
AcDbEntity
  8
B.Cu
  6
CONTINUOUS
100
AcDbLine
 10
113.6494999999999891
 20
-70.7978650000000016
 30
0
 11
113.6494999999999891
 21
-70.797867999999994
 31
0
  0
LINE
  5
5DC
330
1A
100
AcDbEntity
  8
B.Cu
  6
CONTINUOUS
100
AcDbLine
 10
113.6494999999999891
 20
-70.797867999999994
 30
0
 11
113.6495010000000008
 21
-70.7978719999999981
 31
0
  0
LINE
  5
5DD
330
1A
100
AcDbEntity
  8
B.Cu
  6
CONTINUOUS
100
AcDbLine
 10
113.6495010000000008
 20
-70.7978719999999981
 30
0
 11
113.651567
 21
-70.8170929999999998
 31
0
  0
LINE
  5
5DE
330
1A
100
AcDbEntity
  8
B.Cu
  6
CONTINUOUS
100
AcDbLine
 10
113.651567
 20
-70.8170929999999998
 30
0
 11
113.6559079999999966
 21
-70.8574799999999954
 31
0
  0
LINE
  5
5DF
330
1A
100
AcDbEntity
  8
B.Cu
  6
CONTINUOUS
100
AcDbLine
 10
113.6559079999999966
 20
-70.8574799999999954
 30
0
 11
113.6559089999999941
 21
-70.857483000000002
 31
0
  0
LINE
  5
5E0
330
1A
100
AcDbEntity
  8
B.Cu
  6
CONTINUOUS
100
AcDbLine
 10
113.6559089999999941
 20
-70.857483000000002
 30
0
 11
113.7062039999999996
 21
-70.992330999999993
 31
0
  0
LINE
  5
5E1
330
1A
100
AcDbEntity
  8
B.Cu
  6
CONTINUOUS
100
AcDbLine
 10
113.7062039999999996
 20
-70.992330999999993
 30
0
 11
113.7924539999999922
 21
-71.1075459999999993
 31
0
  0
LINE
  5
5E2
330
1A
100
AcDbEntity
  8
B.Cu
  6
CONTINUOUS
100
AcDbLine
 10
113.7924539999999922
 20
-71.1075459999999993
 30
0
 11
113.9076689999999985
 21
-71.1937959999999919
 31
0
  0
LINE
  5
5E3
330
1A
100
AcDbEntity
  8
B.Cu
  6
CONTINUOUS
100
AcDbLine
 10
113.9076689999999985
 20
-71.1937959999999919
 30
0
 11
114.0425169999999895
 21
-71.2440909999999974
 31
0
  0
LINE
  5
5E4
330
1A
100
AcDbEntity
  8
B.Cu
  6
CONTINUOUS
100
AcDbLine
 10
114.0425169999999895
 20
-71.2440909999999974
 30
0
 11
114.1021269999999959
 21
-71.2505000000000024
 31
0
  0
LINE
  5
5E5
330
1A
100
AcDbEntity
  8
B.Cu
  6
CONTINUOUS
100
AcDbLine
 10
114.1021269999999959
 20
-71.2505000000000024
 30
0
 11
119.8978719999999925
 21
-71.2504989999999907
 31
0
  0
LINE
  5
5E6
330
1A
100
AcDbEntity
  8
B.Cu
  6
CONTINUOUS
100
AcDbLine
 10
119.8978719999999925
 20
-71.2504989999999907
 30
0
 11
119.9574829999999963
 21
-71.2440909999999974
 31
0
  0
LINE
  5
5E7
330
1A
100
AcDbEntity
  8
B.Cu
  6
CONTINUOUS
100
AcDbLine
 10
119.9574829999999963
 20
-71.2440909999999974
 30
0
 11
120.0923310000000015
 21
-71.1937959999999919
 31
0
  0
LINE
  5
5E8
330
1A
100
AcDbEntity
  8
B.Cu
  6
CONTINUOUS
100
AcDbLine
 10
120.0923310000000015
 20
-71.1937959999999919
 30
0
 11
120.2075459999999936
 21
-71.1075459999999993
 31
0
  0
LINE
  5
5E9
330
1A
100
AcDbEntity
  8
B.Cu
  6
CONTINUOUS
100
AcDbLine
 10
120.2075459999999936
 20
-71.1075459999999993
 30
0
 11
120.2937960000000004
 21
-70.992330999999993
 31
0
  0
LINE
  5
5EA
330
1A
100
AcDbEntity
  8
B.Cu
  6
CONTINUOUS
100
AcDbLine
 10
120.2937960000000004
 20
-70.992330999999993
 30
0
 11
120.3440909999999917
 21
-70.857483000000002
 31
0
  0
LINE
  5
5EB
330
1A
100
AcDbEntity
  8
B.Cu
  6
CONTINUOUS
100
AcDbLine
 10
120.3440909999999917
 20
-70.857483000000002
 30
0
 11
120.3504999999999967
 21
-70.7978729999999956
 31
0
  0
LINE
  5
5EC
330
1A
100
AcDbEntity
  8
B.Cu
  6
CONTINUOUS
100
AcDbLine
 10
120.3504999999999967
 20
-70.7978729999999956
 30
0
 11
120.3504989999999992
 21
-66.2021280000000019
 31
0
  0
LINE
  5
5ED
330
1A
100
AcDbEntity
  8
B.Cu
  6
CONTINUOUS
100
AcDbLine
 10
120.3504989999999992
 20
-66.2021280000000019
 30
0
 11
120.3440909999999917
 21
-66.142516999999998
 31
0
  0
LINE
  5
5EE
330
1A
100
AcDbEntity
  8
B.Cu
  6
CONTINUOUS
100
AcDbLine
 10
120.3440909999999917
 20
-66.142516999999998
 30
0
 11
120.2937960000000004
 21
-66.0076689999999928
 31
0
  0
LINE
  5
5EF
330
1A
100
AcDbEntity
  8
B.Cu
  6
CONTINUOUS
100
AcDbLine
 10
120.2937960000000004
 20
-66.0076689999999928
 30
0
 11
120.2937949999999887
 21
-66.0076669999999979
 31
0
  0
LINE
  5
5F0
330
1A
100
AcDbEntity
  8
B.Cu
  6
CONTINUOUS
100
AcDbLine
 10
120.2937949999999887
 20
-66.0076669999999979
 30
0
 11
120.2122379999999993
 21
-65.8987209999999948
 31
0
  0
LINE
  5
5F1
330
1A
100
AcDbEntity
  8
B.Cu
  6
CONTINUOUS
100
AcDbLine
 10
120.2122379999999993
 20
-65.8987209999999948
 30
0
 11
120.170306999999994
 21
-65.811080000000004
 31
0
  0
LINE
  5
5F2
330
1A
100
AcDbEntity
  8
B.Cu
  6
CONTINUOUS
100
AcDbLine
 10
120.170306999999994
 20
-65.811080000000004
 30
0
 11
120.1651059999999944
 21
-65.7140649999999908
 31
0
  0
LINE
  5
5F3
330
1A
100
AcDbEntity
  8
B.Cu
  6
CONTINUOUS
100
AcDbLine
 10
120.1651059999999944
 20
-65.7140649999999908
 30
0
 11
120.1974279999999879
 21
-65.6224440000000016
 31
0
  0
LINE
  5
5F4
330
1A
100
AcDbEntity
  8
B.Cu
  6
CONTINUOUS
100
AcDbLine
 10
120.1974279999999879
 20
-65.6224440000000016
 30
0
 11
120.2623509999999953
 21
-65.5501659999999902
 31
0
  0
LINE
  5
5F5
330
1A
100
AcDbEntity
  8
B.Cu
  6
CONTINUOUS
100
AcDbLine
 10
120.2623509999999953
 20
-65.5501659999999902
 30
0
 11
120.3499920000000003
 21
-65.5082349999999991
 31
0
  0
LINE
  5
5F6
330
1A
100
AcDbEntity
  8
B.Cu
  6
CONTINUOUS
100
AcDbLine
 10
120.3499920000000003
 20
-65.5082349999999991
 30
0
 11
120.4115719999999925
 21
-65.5005000000000024
 31
0
  0
LINE
  5
5F7
330
1A
100
AcDbEntity
  8
B.Cu
  6
CONTINUOUS
100
AcDbLine
 10
120.4115719999999925
 20
-65.5005000000000024
 30
0
 11
122.5884279999999933
 21
-65.5005000000000024
 31
0
  0
LINE
  5
5F8
330
1A
100
AcDbEntity
  8
B.Cu
  6
CONTINUOUS
100
AcDbLine
 10
122.5884279999999933
 20
-65.5005000000000024
 30
0
 11
122.6837159999999898
 21
-65.5194539999999961
 31
0
  0
LINE
  5
5F9
330
1A
100
AcDbEntity
  8
B.Cu
  6
CONTINUOUS
100
AcDbLine
 10
122.6837159999999898
 20
-65.5194539999999961
 30
0
 11
122.764497999999989
 21
-65.5734300000000019
 31
0
  0
LINE
  5
5FA
330
1A
100
AcDbEntity
  8
B.Cu
  6
CONTINUOUS
100
AcDbLine
 10
122.764497999999989
 20
-65.5734300000000019
 30
0
 11
122.8184739999999948
 21
-65.6542120000000011
 31
0
  0
LINE
  5
5FB
330
1A
100
AcDbEntity
  8
B.Cu
  6
CONTINUOUS
100
AcDbLine
 10
122.8184739999999948
 20
-65.6542120000000011
 30
0
 11
122.8374279999999885
 21
-65.7494999999999976
 31
0
  0
LINE
  5
5FC
330
1A
100
AcDbEntity
  8
B.Cu
  6
CONTINUOUS
100
AcDbLine
 10
122.8374279999999885
 20
-65.7494999999999976
 30
0
 11
122.8184739999999948
 21
-65.8447879999999941
 31
0
  0
LINE
  5
5FD
330
1A
100
AcDbEntity
  8
B.Cu
  6
CONTINUOUS
100
AcDbLine
 10
122.8184739999999948
 20
-65.8447879999999941
 30
0
 11
122.7877620000000007
 21
-65.8987209999999948
 31
0
  0
LINE
  5
5FE
330
1A
100
AcDbEntity
  8
B.Cu
  6
CONTINUOUS
100
AcDbLine
 10
122.7877620000000007
 20
-65.8987209999999948
 30
0
 11
122.7062049999999971
 21
-66.0076669999999979
 31
0
  0
LINE
  5
5FF
330
1A
100
AcDbEntity
  8
B.Cu
  6
CONTINUOUS
100
AcDbLine
 10
122.7062049999999971
 20
-66.0076669999999979
 30
0
 11
122.6559079999999966
 21
-66.1425179999999955
 31
0
  0
LINE
  5
600
330
1A
100
AcDbEntity
  8
B.Cu
  6
CONTINUOUS
100
AcDbLine
 10
122.6559079999999966
 20
-66.1425179999999955
 30
0
 11
122.6494999999999891
 21
-66.2021230000000003
 31
0
  0
LINE
  5
601
330
1A
100
AcDbEntity
  8
B.Cu
  6
CONTINUOUS
100
AcDbLine
 10
122.6494999999999891
 20
-66.2021230000000003
 30
0
 11
122.6494999999999891
 21
-70.7978650000000016
 31
0
  0
LINE
  5
602
330
1A
100
AcDbEntity
  8
B.Cu
  6
CONTINUOUS
100
AcDbLine
 10
122.6494999999999891
 20
-70.7978650000000016
 30
0
 11
122.6494999999999891
 21
-70.797867999999994
 31
0
  0
LINE
  5
603
330
1A
100
AcDbEntity
  8
B.Cu
  6
CONTINUOUS
100
AcDbLine
 10
122.6494999999999891
 20
-70.797867999999994
 30
0
 11
122.6495010000000008
 21
-70.7978719999999981
 31
0
  0
LINE
  5
604
330
1A
100
AcDbEntity
  8
B.Cu
  6
CONTINUOUS
100
AcDbLine
 10
122.6495010000000008
 20
-70.7978719999999981
 30
0
 11
122.651567
 21
-70.8170929999999998
 31
0
  0
LINE
  5
605
330
1A
100
AcDbEntity
  8
B.Cu
  6
CONTINUOUS
100
AcDbLine
 10
122.651567
 20
-70.8170929999999998
 30
0
 11
122.6559079999999966
 21
-70.8574799999999954
 31
0
  0
LINE
  5
606
330
1A
100
AcDbEntity
  8
B.Cu
  6
CONTINUOUS
100
AcDbLine
 10
122.6559079999999966
 20
-70.8574799999999954
 30
0
 11
122.6559089999999941
 21
-70.857483000000002
 31
0
  0
LINE
  5
607
330
1A
100
AcDbEntity
  8
B.Cu
  6
CONTINUOUS
100
AcDbLine
 10
122.6559089999999941
 20
-70.857483000000002
 30
0
 11
122.7062039999999996
 21
-70.992330999999993
 31
0
  0
LINE
  5
608
330
1A
100
AcDbEntity
  8
B.Cu
  6
CONTINUOUS
100
AcDbLine
 10
122.7062039999999996
 20
-70.992330999999993
 30
0
 11
122.7924539999999922
 21
-71.1075459999999993
 31
0
  0
LINE
  5
609
330
1A
100
AcDbEntity
  8
B.Cu
  6
CONTINUOUS
100
AcDbLine
 10
122.7924539999999922
 20
-71.1075459999999993
 30
0
 11
122.9076689999999985
 21
-71.1937959999999919
 31
0
  0
LINE
  5
60A
330
1A
100
AcDbEntity
  8
B.Cu
  6
CONTINUOUS
100
AcDbLine
 10
122.9076689999999985
 20
-71.1937959999999919
 30
0
 11
123.0425169999999895
 21
-71.2440909999999974
 31
0
  0
LINE
  5
60B
330
1A
100
AcDbEntity
  8
B.Cu
  6
CONTINUOUS
100
AcDbLine
 10
123.0425169999999895
 20
-71.2440909999999974
 30
0
 11
123.1021269999999959
 21
-71.2505000000000024
 31
0
  0
LINE
  5
60C
330
1A
100
AcDbEntity
  8
B.Cu
  6
CONTINUOUS
100
AcDbLine
 10
123.1021269999999959
 20
-71.2505000000000024
 30
0
 11
128.8978720000000067
 21
-71.2504989999999907
 31
0
  0
LINE
  5
60D
330
1A
100
AcDbEntity
  8
B.Cu
  6
CONTINUOUS
100
AcDbLine
 10
128.8978720000000067
 20
-71.2504989999999907
 30
0
 11
128.9574829999999963
 21
-71.2440909999999974
 31
0
  0
LINE
  5
60E
330
1A
100
AcDbEntity
  8
B.Cu
  6
CONTINUOUS
100
AcDbLine
 10
128.9574829999999963
 20
-71.2440909999999974
 30
0
 11
129.0923310000000015
 21
-71.1937959999999919
 31
0
  0
LINE
  5
60F
330
1A
100
AcDbEntity
  8
B.Cu
  6
CONTINUOUS
100
AcDbLine
 10
129.0923310000000015
 20
-71.1937959999999919
 30
0
 11
129.2075460000000078
 21
-71.1075459999999993
 31
0
  0
LINE
  5
610
330
1A
100
AcDbEntity
  8
B.Cu
  6
CONTINUOUS
100
AcDbLine
 10
129.2075460000000078
 20
-71.1075459999999993
 30
0
 11
129.2937959999999862
 21
-70.992330999999993
 31
0
  0
LINE
  5
611
330
1A
100
AcDbEntity
  8
B.Cu
  6
CONTINUOUS
100
AcDbLine
 10
129.2937959999999862
 20
-70.992330999999993
 30
0
 11
129.3440909999999917
 21
-70.857483000000002
 31
0
  0
LINE
  5
612
330
1A
100
AcDbEntity
  8
B.Cu
  6
CONTINUOUS
100
AcDbLine
 10
129.3440909999999917
 20
-70.857483000000002
 30
0
 11
129.3504999999999825
 21
-70.7978729999999956
 31
0
  0
LINE
  5
613
330
1A
100
AcDbEntity
  8
B.Cu
  6
CONTINUOUS
100
AcDbLine
 10
129.3504999999999825
 20
-70.7978729999999956
 30
0
 11
129.350498999999985
 21
-66.2021280000000019
 31
0
  0
LINE
  5
614
330
1A
100
AcDbEntity
  8
B.Cu
  6
CONTINUOUS
100
AcDbLine
 10
129.350498999999985
 20
-66.2021280000000019
 30
0
 11
129.3440909999999917
 21
-66.142516999999998
 31
0
  0
LINE
  5
615
330
1A
100
AcDbEntity
  8
B.Cu
  6
CONTINUOUS
100
AcDbLine
 10
129.3440909999999917
 20
-66.142516999999998
 30
0
 11
129.2937959999999862
 21
-66.0076689999999928
 31
0
  0
LINE
  5
616
330
1A
100
AcDbEntity
  8
B.Cu
  6
CONTINUOUS
100
AcDbLine
 10
129.2937959999999862
 20
-66.0076689999999928
 30
0
 11
129.2937949999999887
 21
-66.0076669999999979
 31
0
  0
LINE
  5
617
330
1A
100
AcDbEntity
  8
B.Cu
  6
CONTINUOUS
100
AcDbLine
 10
129.2937949999999887
 20
-66.0076669999999979
 30
0
 11
129.212237999999985
 21
-65.8987209999999948
 31
0
  0
LINE
  5
618
330
1A
100
AcDbEntity
  8
B.Cu
  6
CONTINUOUS
100
AcDbLine
 10
129.212237999999985
 20
-65.8987209999999948
 30
0
 11
129.1703070000000082
 21
-65.811080000000004
 31
0
  0
LINE
  5
619
330
1A
100
AcDbEntity
  8
B.Cu
  6
CONTINUOUS
100
AcDbLine
 10
129.1703070000000082
 20
-65.811080000000004
 30
0
 11
129.1651059999999802
 21
-65.7140649999999908
 31
0
  0
LINE
  5
61A
330
1A
100
AcDbEntity
  8
B.Cu
  6
CONTINUOUS
100
AcDbLine
 10
129.1651059999999802
 20
-65.7140649999999908
 30
0
 11
129.1974280000000022
 21
-65.6224440000000016
 31
0
  0
LINE
  5
61B
330
1A
100
AcDbEntity
  8
B.Cu
  6
CONTINUOUS
100
AcDbLine
 10
129.1974280000000022
 20
-65.6224440000000016
 30
0
 11
129.2623509999999953
 21
-65.5501659999999902
 31
0
  0
LINE
  5
61C
330
1A
100
AcDbEntity
  8
B.Cu
  6
CONTINUOUS
100
AcDbLine
 10
129.2623509999999953
 20
-65.5501659999999902
 30
0
 11
129.3499919999999861
 21
-65.5082349999999991
 31
0
  0
LINE
  5
61D
330
1A
100
AcDbEntity
  8
B.Cu
  6
CONTINUOUS
100
AcDbLine
 10
129.3499919999999861
 20
-65.5082349999999991
 30
0
 11
129.4115720000000067
 21
-65.5005000000000024
 31
0
  0
LINE
  5
61E
330
1A
100
AcDbEntity
  8
B.Cu
  6
CONTINUOUS
100
AcDbLine
 10
129.4115720000000067
 20
-65.5005000000000024
 30
0
 11
134.7510000000000048
 21
-65.5005000000000024
 31
0
  0
LINE
  5
61F
330
1A
100
AcDbEntity
  8
B.Cu
  6
CONTINUOUS
100
AcDbLine
 10
134.7510000000000048
 20
-65.5005000000000024
 30
0
 11
134.8462879999999871
 21
-65.5194539999999961
 31
0
  0
LINE
  5
620
330
1A
100
AcDbEntity
  8
B.Cu
  6
CONTINUOUS
100
AcDbLine
 10
134.8462879999999871
 20
-65.5194539999999961
 30
0
 11
134.9270699999999863
 21
-65.5734300000000019
 31
0
  0
LINE
  5
621
330
1A
100
AcDbEntity
  8
B.Cu
  6
CONTINUOUS
100
AcDbLine
 10
134.9270699999999863
 20
-65.5734300000000019
 30
0
 11
134.9810459999999921
 21
-65.6542120000000011
 31
0
  0
LINE
  5
622
330
1A
100
AcDbEntity
  8
B.Cu
  6
CONTINUOUS
100
AcDbLine
 10
134.9810459999999921
 20
-65.6542120000000011
 30
0
 11
135.
 21
-65.7494999999999976
 31
0
  0
LINE
  5
623
330
1A
100
AcDbEntity
  8
B.Cu
  6
CONTINUOUS
100
AcDbLine
 10
135.
 20
-65.7494999999999976
 30
0
 11
135.
 21
-107.5
 31
0
  0
LINE
  5
624
330
1A
100
AcDbEntity
  8
B.Cu
  6
CONTINUOUS
100
AcDbLine
 10
135.
 20
-107.5
 30
0
 11
160.4999990000000025
 21
-107.5
 31
0
  0
LINE
  5
625
330
1A
100
AcDbEntity
  8
B.Cu
  6
CONTINUOUS
100
AcDbLine
 10
160.4999990000000025
 20
-107.5
 30
0
 11
160.5
 21
-107.5
 31
0
  0
LINE
  5
626
330
1A
100
AcDbEntity
  8
B.Cu
  6
CONTINUOUS
100
AcDbLine
 10
160.5
 20
-107.5
 30
0
 11
160.5
 21
-65.7494999999999976
 31
0
  0
LINE
  5
627
330
1A
100
AcDbEntity
  8
B.Cu
  6
CONTINUOUS
100
AcDbLine
 10
160.5
 20
-65.7494999999999976
 30
0
 11
160.5189539999999795
 21
-65.6542120000000011
 31
0
  0
LINE
  5
628
330
1A
100
AcDbEntity
  8
B.Cu
  6
CONTINUOUS
100
AcDbLine
 10
160.5189539999999795
 20
-65.6542120000000011
 30
0
 11
160.5729299999999853
 21
-65.5734300000000019
 31
0
  0
LINE
  5
629
330
1A
100
AcDbEntity
  8
B.Cu
  6
CONTINUOUS
100
AcDbLine
 10
160.5729299999999853
 20
-65.5734300000000019
 30
0
 11
160.6537119999999845
 21
-65.5194539999999961
 31
0
  0
LINE
  5
62A
330
1A
100
AcDbEntity
  8
B.Cu
  6
CONTINUOUS
100
AcDbLine
 10
160.6537119999999845
 20
-65.5194539999999961
 30
0
 11
160.7489999999999952
 21
-65.5005000000000024
 31
0
  0
LINE
  5
62B
330
1A
100
AcDbEntity
  8
B.Cu
  6
CONTINUOUS
100
AcDbLine
 10
160.7489999999999952
 20
-65.5005000000000024
 30
0
 11
178.2504999999999882
 21
-65.5005000000000024
 31
0
  0
LINE
  5
62C
330
1A
100
AcDbEntity
  8
B.Cu
  6
CONTINUOUS
100
AcDbLine
 10
178.2504999999999882
 20
-65.5005000000000024
 30
0
 11
178.3457879999999989
 21
-65.5194539999999961
 31
0
  0
LINE
  5
62D
330
1A
100
AcDbEntity
  8
B.Cu
  6
CONTINUOUS
100
AcDbLine
 10
178.3457879999999989
 20
-65.5194539999999961
 30
0
 11
178.4265699999999981
 21
-65.5734300000000019
 31
0
  0
LINE
  5
62E
330
1A
100
AcDbEntity
  8
B.Cu
  6
CONTINUOUS
100
AcDbLine
 10
178.4265699999999981
 20
-65.5734300000000019
 30
0
 11
178.4805460000000039
 21
-65.6542120000000011
 31
0
  0
LINE
  5
62F
330
1A
100
AcDbEntity
  8
B.Cu
  6
CONTINUOUS
100
AcDbLine
 10
178.4805460000000039
 20
-65.6542120000000011
 30
0
 11
178.4994999999999834
 21
-65.7494999999999976
 31
0
  0
LINE
  5
630
330
1A
100
AcDbEntity
  8
B.Cu
  6
CONTINUOUS
100
AcDbLine
 10
178.4994999999999834
 20
-65.7494999999999976
 30
0
 11
178.4994999999999834
 21
-146.7504999999999882
 31
0
  0
LINE
  5
631
330
1A
100
AcDbEntity
  8
B.Cu
  6
CONTINUOUS
100
AcDbLine
 10
178.4994999999999834
 20
-146.7504999999999882
 30
0
 11
178.4805460000000039
 21
-146.8457879999999989
 31
0
  0
LINE
  5
632
330
1A
100
AcDbEntity
  8
B.Cu
  6
CONTINUOUS
100
AcDbLine
 10
178.4805460000000039
 20
-146.8457879999999989
 30
0
 11
178.4265699999999981
 21
-146.9265699999999981
 31
0
  0
LINE
  5
633
330
1A
100
AcDbEntity
  8
B.Cu
  6
CONTINUOUS
100
AcDbLine
 10
178.4265699999999981
 20
-146.9265699999999981
 30
0
 11
178.3457879999999989
 21
-146.9805460000000039
 31
0
  0
LINE
  5
634
330
1A
100
AcDbEntity
  8
B.Cu
  6
CONTINUOUS
100
AcDbLine
 10
178.3457879999999989
 20
-146.9805460000000039
 30
0
 11
178.2504999999999882
 21
-146.9994999999999834
 31
0
  0
LINE
  5
635
330
1A
100
AcDbEntity
  8
B.Cu
  6
CONTINUOUS
100
AcDbLine
 10
178.2504999999999882
 20
-146.9994999999999834
 30
0
 11
112.7494999999999976
 21
-146.9994999999999834
 31
0
  0
LINE
  5
636
330
1A
100
AcDbEntity
  8
B.Cu
  6
CONTINUOUS
100
AcDbLine
 10
112.7494999999999976
 20
-146.9994999999999834
 30
0
 11
112.6542120000000011
 21
-146.9805460000000039
 31
0
  0
LINE
  5
637
330
1A
100
AcDbEntity
  8
B.Cu
  6
CONTINUOUS
100
AcDbLine
 10
112.6542120000000011
 20
-146.9805460000000039
 30
0
 11
112.5734300000000019
 21
-146.9265699999999981
 31
0
  0
LINE
  5
638
330
1A
100
AcDbEntity
  8
B.Cu
  6
CONTINUOUS
100
AcDbLine
 10
112.5734300000000019
 20
-146.9265699999999981
 30
0
 11
112.5194539999999961
 21
-146.8457879999999989
 31
0
  0
LINE
  5
639
330
1A
100
AcDbEntity
  8
B.Cu
  6
CONTINUOUS
100
AcDbLine
 10
112.5194539999999961
 20
-146.8457879999999989
 30
0
 11
112.5004999999999882
 21
-146.7504999999999882
 31
0
  0
LINE
  5
63A
330
1A
100
AcDbEntity
  8
B.Cu
  6
CONTINUOUS
100
AcDbLine
 10
112.5004999999999882
 20
-146.7504999999999882
 30
0
 11
112.5004999999999882
 21
-143.75
 31
0
  0
LINE
  5
63B
330
1A
100
AcDbEntity
  8
B.Cu
  6
CONTINUOUS
100
AcDbLine
 10
112.5004999999999882
 20
-143.75
 30
0
 11
112.5004999999999882
 21
-142.9374650000000031
 31
0
  0
LINE
  5
63C
330
1A
100
AcDbEntity
  8
B.Cu
  6
CONTINUOUS
100
AcDbLine
 10
112.5004999999999882
 20
-142.9374650000000031
 30
0
 11
112.5004999999999882
 21
-142.4737570000000062
 31
0
  0
LINE
  5
63D
330
1A
100
AcDbEntity
  8
B.Cu
  6
CONTINUOUS
100
AcDbLine
 10
112.5004999999999882
 20
-142.4737570000000062
 30
0
 11
112.5004999999999882
 21
-138.7687029999999879
 31
0
  0
LINE
  5
63E
330
1A
100
AcDbEntity
  8
B.Cu
  6
CONTINUOUS
100
AcDbLine
 10
112.5004999999999882
 20
-138.7687029999999879
 30
0
 11
112.5004999999999882
 21
-94.7021230000000003
 31
0
  0
LINE
  5
63F
330
1A
100
AcDbEntity
  8
B.Cu
  6
CONTINUOUS
100
AcDbLine
 10
112.5004999999999882
 20
-94.7021230000000003
 30
0
 11
112.5004999999999882
 21
-65.7494999999999976
 31
0
  0
LINE
  5
640
330
1A
100
AcDbEntity
  8
B.Cu
  6
CONTINUOUS
100
AcDbLine
 10
112.5004999999999882
 20
-65.7494999999999976
 30
0
 11
112.5194539999999961
 21
-65.6542120000000011
 31
0
  0
LINE
  5
641
330
1A
100
AcDbEntity
  8
B.Cu
  6
CONTINUOUS
100
AcDbLine
 10
112.5194539999999961
 20
-65.6542120000000011
 30
0
 11
112.5734300000000019
 21
-65.5734300000000019
 31
0
  0
LINE
  5
642
330
1A
100
AcDbEntity
  8
B.Cu
  6
CONTINUOUS
100
AcDbLine
 10
112.5734300000000019
 20
-65.5734300000000019
 30
0
 11
112.6542120000000011
 21
-65.5194539999999961
 31
0
  0
LINE
  5
643
330
1A
100
AcDbEntity
  8
B.Cu
  6
CONTINUOUS
100
AcDbLine
 10
112.6542120000000011
 20
-65.5194539999999961
 30
0
 11
112.7494999999999976
 21
-65.5005000000000024
 31
0
  0
LINE
  5
644
330
1A
100
AcDbEntity
  8
B.Cu
  6
CONTINUOUS
100
AcDbLine
 10
112.7494999999999976
 20
-65.5005000000000024
 30
0
 11
113.5884279999999933
 21
-65.5005000000000024
 31
0
  0
LINE
  5
645
330
1A
100
AcDbEntity
  8
B.Cu
  6
CONTINUOUS
100
AcDbLine
 10
113.5884279999999933
 20
-65.5005000000000024
 30
0
 11
113.6837159999999898
 21
-65.5194539999999961
 31
0
  0
LINE
  5
646
330
1A
100
AcDbEntity
  8
B.Cu
  6
CONTINUOUS
100
AcDbLine
 10
131.5354939999999999
 20
-143.7526929999999936
 30
0
 11
131.5906420000000026
 21
-143.9191229999999848
 31
0
  0
LINE
  5
647
330
1A
100
AcDbEntity
  8
B.Cu
  6
CONTINUOUS
100
AcDbLine
 10
131.5906420000000026
 20
-143.9191229999999848
 30
0
 11
131.6826810000000023
 21
-144.0683410000000038
 31
0
  0
LINE
  5
648
330
1A
100
AcDbEntity
  8
B.Cu
  6
CONTINUOUS
100
AcDbLine
 10
131.6826810000000023
 20
-144.0683410000000038
 30
0
 11
131.6826839999999947
 21
-144.0683449999999937
 31
0
  0
LINE
  5
649
330
1A
100
AcDbEntity
  8
B.Cu
  6
CONTINUOUS
100
AcDbLine
 10
131.6826839999999947
 20
-144.0683449999999937
 30
0
 11
131.8066539999999804
 21
-144.1923149999999794
 31
0
  0
LINE
  5
64A
330
1A
100
AcDbEntity
  8
B.Cu
  6
CONTINUOUS
100
AcDbLine
 10
131.8066539999999804
 20
-144.1923149999999794
 30
0
 11
131.8066579999999988
 21
-144.1923180000000002
 31
0
  0
LINE
  5
64B
330
1A
100
AcDbEntity
  8
B.Cu
  6
CONTINUOUS
100
AcDbLine
 10
131.8066579999999988
 20
-144.1923180000000002
 30
0
 11
131.9558779999999842
 21
-144.2843579999999974
 31
0
  0
LINE
  5
64C
330
1A
100
AcDbEntity
  8
B.Cu
  6
CONTINUOUS
100
AcDbLine
 10
131.9558779999999842
 20
-144.2843579999999974
 30
0
 11
131.9558789999999817
 21
-144.2843589999999949
 31
0
  0
LINE
  5
64D
330
1A
100
AcDbEntity
  8
B.Cu
  6
CONTINUOUS
100
AcDbLine
 10
131.9558789999999817
 20
-144.2843589999999949
 30
0
 11
132.1222980000000007
 21
-144.3395040000000051
 31
0
  0
LINE
  5
64E
330
1A
100
AcDbEntity
  8
B.Cu
  6
CONTINUOUS
100
AcDbLine
 10
132.1222980000000007
 20
-144.3395040000000051
 30
0
 11
132.122304999999983
 21
-144.3395050000000026
 31
0
  0
LINE
  5
64F
330
1A
100
AcDbEntity
  8
B.Cu
  6
CONTINUOUS
100
AcDbLine
 10
132.122304999999983
 20
-144.3395050000000026
 30
0
 11
132.2250239999999906
 21
-144.3499989999999968
 31
0
  0
LINE
  5
650
330
1A
100
AcDbEntity
  8
B.Cu
  6
CONTINUOUS
100
AcDbLine
 10
132.2250239999999906
 20
-144.3499989999999968
 30
0
 11
132.25
 21
-144.3499979999999994
 31
0
  0
LINE
  5
651
330
1A
100
AcDbEntity
  8
B.Cu
  6
CONTINUOUS
100
AcDbLine
 10
132.25
 20
-144.3499979999999994
 30
0
 11
132.25
 21
-143.8450269999999875
 31
0
  0
LINE
  5
652
330
1A
100
AcDbEntity
  8
B.Cu
  6
CONTINUOUS
100
AcDbLine
 10
132.25
 20
-143.8450269999999875
 30
0
 11
132.1793289999999956
 21
-143.8309699999999793
 31
0
  0
LINE
  5
653
330
1A
100
AcDbEntity
  8
B.Cu
  6
CONTINUOUS
100
AcDbLine
 10
132.1793289999999956
 20
-143.8309699999999793
 30
0
 11
132.0982229999999902
 21
-143.7767769999999814
 31
0
  0
LINE
  5
654
330
1A
100
AcDbEntity
  8
B.Cu
  6
CONTINUOUS
100
AcDbLine
 10
132.0982229999999902
 20
-143.7767769999999814
 30
0
 11
132.080331000000001
 21
-143.75
 31
0
  0
LINE
  5
655
330
1A
100
AcDbEntity
  8
B.Cu
  6
CONTINUOUS
100
AcDbLine
 10
132.080331000000001
 20
-143.75
 30
0
 11
131.5352189999999837
 21
-143.75
 31
0
  0
LINE
  5
656
330
1A
100
AcDbEntity
  8
B.Cu
  6
CONTINUOUS
100
AcDbLine
 10
131.5352189999999837
 20
-143.75
 30
0
 11
131.5354939999999999
 21
-143.7526929999999936
 31
0
  0
LINE
  5
657
330
1A
100
AcDbEntity
  8
B.Cu
  6
CONTINUOUS
100
AcDbLine
 10
134.4625920000000008
 20
-143.758468999999991
 30
0
 11
134.4625920000000008
 21
-143.758466999999996
 31
0
  0
LINE
  5
658
330
1A
100
AcDbEntity
  8
B.Cu
  6
CONTINUOUS
100
AcDbLine
 10
134.4625920000000008
 20
-143.758466999999996
 30
0
 11
134.4645050000000026
 21
-143.7526939999999911
 31
0
  0
LINE
  5
659
330
1A
100
AcDbEntity
  8
B.Cu
  6
CONTINUOUS
100
AcDbLine
 10
134.4645050000000026
 20
-143.7526939999999911
 30
0
 11
134.4647799999999904
 21
-143.75
 31
0
  0
LINE
  5
65A
330
1A
100
AcDbEntity
  8
B.Cu
  6
CONTINUOUS
100
AcDbLine
 10
134.4647799999999904
 20
-143.75
 30
0
 11
133.919668999999999
 21
-143.75
 31
0
  0
LINE
  5
65B
330
1A
100
AcDbEntity
  8
B.Cu
  6
CONTINUOUS
100
AcDbLine
 10
133.919668999999999
 20
-143.75
 30
0
 11
133.9017769999999814
 21
-143.7767769999999814
 31
0
  0
LINE
  5
65C
330
1A
100
AcDbEntity
  8
B.Cu
  6
CONTINUOUS
100
AcDbLine
 10
133.9017769999999814
 20
-143.7767769999999814
 30
0
 11
133.8206710000000044
 21
-143.8309699999999793
 31
0
  0
LINE
  5
65D
330
1A
100
AcDbEntity
  8
B.Cu
  6
CONTINUOUS
100
AcDbLine
 10
133.8206710000000044
 20
-143.8309699999999793
 30
0
 11
133.75
 21
-143.8450269999999875
 31
0
  0
LINE
  5
65E
330
1A
100
AcDbEntity
  8
B.Cu
  6
CONTINUOUS
100
AcDbLine
 10
133.75
 20
-143.8450269999999875
 30
0
 11
133.75
 21
-144.3499979999999994
 31
0
  0
LINE
  5
65F
330
1A
100
AcDbEntity
  8
B.Cu
  6
CONTINUOUS
100
AcDbLine
 10
133.75
 20
-144.3499979999999994
 30
0
 11
133.7500009999999975
 21
-144.3499989999999968
 31
0
  0
LINE
  5
660
330
1A
100
AcDbEntity
  8
B.Cu
  6
CONTINUOUS
100
AcDbLine
 10
133.7500009999999975
 20
-144.3499989999999968
 30
0
 11
133.7749680000000012
 21
-144.3499989999999968
 31
0
  0
LINE
  5
661
330
1A
100
AcDbEntity
  8
B.Cu
  6
CONTINUOUS
100
AcDbLine
 10
133.7749680000000012
 20
-144.3499989999999968
 30
0
 11
133.7749839999999892
 21
-144.3499979999999994
 31
0
  0
LINE
  5
662
330
1A
100
AcDbEntity
  8
B.Cu
  6
CONTINUOUS
100
AcDbLine
 10
133.7749839999999892
 20
-144.3499979999999994
 30
0
 11
133.8776990000000069
 21
-144.3395050000000026
 31
0
  0
LINE
  5
663
330
1A
100
AcDbEntity
  8
B.Cu
  6
CONTINUOUS
100
AcDbLine
 10
133.8776990000000069
 20
-144.3395050000000026
 30
0
 11
133.8777019999999993
 21
-144.3395040000000051
 31
0
  0
LINE
  5
664
330
1A
100
AcDbEntity
  8
B.Cu
  6
CONTINUOUS
100
AcDbLine
 10
133.8777019999999993
 20
-144.3395040000000051
 30
0
 11
134.0441189999999949
 21
-144.2843589999999949
 31
0
  0
LINE
  5
665
330
1A
100
AcDbEntity
  8
B.Cu
  6
CONTINUOUS
100
AcDbLine
 10
134.0441189999999949
 20
-144.2843589999999949
 30
0
 11
134.0441209999999899
 21
-144.2843579999999974
 31
0
  0
LINE
  5
666
330
1A
100
AcDbEntity
  8
B.Cu
  6
CONTINUOUS
100
AcDbLine
 10
134.0441209999999899
 20
-144.2843579999999974
 30
0
 11
134.1933410000000038
 21
-144.1923180000000002
 31
0
  0
LINE
  5
667
330
1A
100
AcDbEntity
  8
B.Cu
  6
CONTINUOUS
100
AcDbLine
 10
134.1933410000000038
 20
-144.1923180000000002
 30
0
 11
134.1933449999999937
 21
-144.1923149999999794
 31
0
  0
LINE
  5
668
330
1A
100
AcDbEntity
  8
B.Cu
  6
CONTINUOUS
100
AcDbLine
 10
134.1933449999999937
 20
-144.1923149999999794
 30
0
 11
134.3173150000000078
 21
-144.0683449999999937
 31
0
  0
LINE
  5
669
330
1A
100
AcDbEntity
  8
B.Cu
  6
CONTINUOUS
100
AcDbLine
 10
134.3173150000000078
 20
-144.0683449999999937
 30
0
 11
134.3173180000000002
 21
-144.0683410000000038
 31
0
  0
LINE
  5
66A
330
1A
100
AcDbEntity
  8
B.Cu
  6
CONTINUOUS
100
AcDbLine
 10
134.3173180000000002
 20
-144.0683410000000038
 30
0
 11
134.409357
 21
-143.9191229999999848
 31
0
  0
LINE
  5
66B
330
1A
100
AcDbEntity
  8
B.Cu
  6
CONTINUOUS
100
AcDbLine
 10
134.409357
 20
-143.9191229999999848
 30
0
 11
134.4140490000000057
 21
-143.9049640000000068
 31
0
  0
LINE
  5
66C
330
1A
100
AcDbEntity
  8
B.Cu
  6
CONTINUOUS
100
AcDbLine
 10
134.4140490000000057
 20
-143.9049640000000068
 30
0
 11
134.4625920000000008
 21
-143.758468999999991
 31
0
  0
LINE
  5
66D
330
1A
100
AcDbEntity
  8
B.Cu
  6
CONTINUOUS
100
AcDbLine
 10
150.7699999999999818
 20
-143.3300009999999816
 30
0
 11
150.7699999999999818
 21
-143.4778320000000065
 31
0
  0
LINE
  5
66E
330
1A
100
AcDbEntity
  8
B.Cu
  6
CONTINUOUS
100
AcDbLine
 10
150.7699999999999818
 20
-143.4778320000000065
 30
0
 11
150.7764009999999928
 21
-143.5373710000000074
 31
0
  0
LINE
  5
66F
330
1A
100
AcDbEntity
  8
B.Cu
  6
CONTINUOUS
100
AcDbLine
 10
150.7764009999999928
 20
-143.5373710000000074
 30
0
 11
150.7764029999999877
 21
-143.5373779999999897
 31
0
  0
LINE
  5
670
330
1A
100
AcDbEntity
  8
B.Cu
  6
CONTINUOUS
100
AcDbLine
 10
150.7764029999999877
 20
-143.5373779999999897
 30
0
 11
150.8266459999999825
 21
-143.6720870000000048
 31
0
  0
LINE
  5
671
330
1A
100
AcDbEntity
  8
B.Cu
  6
CONTINUOUS
100
AcDbLine
 10
150.8266459999999825
 20
-143.6720870000000048
 30
0
 11
150.912809999999979
 21
-143.7871869999999888
 31
0
  0
LINE
  5
672
330
1A
100
AcDbEntity
  8
B.Cu
  6
CONTINUOUS
100
AcDbLine
 10
150.912809999999979
 20
-143.7871869999999888
 30
0
 11
150.9128120000000024
 21
-143.7871889999999837
 31
0
  0
LINE
  5
673
330
1A
100
AcDbEntity
  8
B.Cu
  6
CONTINUOUS
100
AcDbLine
 10
150.9128120000000024
 20
-143.7871889999999837
 30
0
 11
151.0279119999999864
 21
-143.8733529999999803
 31
0
  0
LINE
  5
674
330
1A
100
AcDbEntity
  8
B.Cu
  6
CONTINUOUS
100
AcDbLine
 10
151.0279119999999864
 20
-143.8733529999999803
 30
0
 11
151.1626210000000015
 21
-143.9235960000000034
 31
0
  0
LINE
  5
675
330
1A
100
AcDbEntity
  8
B.Cu
  6
CONTINUOUS
100
AcDbLine
 10
151.1626210000000015
 20
-143.9235960000000034
 30
0
 11
151.1626279999999838
 21
-143.9235979999999984
 31
0
  0
LINE
  5
676
330
1A
100
AcDbEntity
  8
B.Cu
  6
CONTINUOUS
100
AcDbLine
 10
151.1626279999999838
 20
-143.9235979999999984
 30
0
 11
151.2221669999999847
 21
-143.9299989999999809
 31
0
  0
LINE
  5
677
330
1A
100
AcDbEntity
  8
B.Cu
  6
CONTINUOUS
100
AcDbLine
 10
151.2221669999999847
 20
-143.9299989999999809
 30
0
 11
151.2221749999999929
 21
-143.9300000000000068
 31
0
  0
LINE
  5
678
330
1A
100
AcDbEntity
  8
B.Cu
  6
CONTINUOUS
100
AcDbLine
 10
151.2221749999999929
 20
-143.9300000000000068
 30
0
 11
151.3699990000000071
 21
-143.9300000000000068
 31
0
  0
LINE
  5
679
330
1A
100
AcDbEntity
  8
B.Cu
  6
CONTINUOUS
100
AcDbLine
 10
151.3699990000000071
 20
-143.9300000000000068
 30
0
 11
151.3700000000000045
 21
-143.9299989999999809
 31
0
  0
LINE
  5
67A
330
1A
100
AcDbEntity
  8
B.Cu
  6
CONTINUOUS
100
AcDbLine
 10
151.3700000000000045
 20
-143.9299989999999809
 30
0
 11
151.3700000000000045
 21
-143.4300000000000068
 31
0
  0
LINE
  5
67B
330
1A
100
AcDbEntity
  8
B.Cu
  6
CONTINUOUS
100
AcDbLine
 10
151.3700000000000045
 20
-143.4300000000000068
 30
0
 11
151.2699999999999818
 21
-143.4300000000000068
 31
0
  0
LINE
  5
67C
330
1A
100
AcDbEntity
  8
B.Cu
  6
CONTINUOUS
100
AcDbLine
 10
151.2699999999999818
 20
-143.4300000000000068
 30
0
 11
151.2699999999999818
 21
-143.3299999999999841
 31
0
  0
LINE
  5
67D
330
1A
100
AcDbEntity
  8
B.Cu
  6
CONTINUOUS
100
AcDbLine
 10
151.2699999999999818
 20
-143.3299999999999841
 30
0
 11
150.7700009999999793
 21
-143.3299999999999841
 31
0
  0
LINE
  5
67E
330
1A
100
AcDbEntity
  8
B.Cu
  6
CONTINUOUS
100
AcDbLine
 10
150.7700009999999793
 20
-143.3299999999999841
 30
0
 11
150.7699999999999818
 21
-143.3300009999999816
 31
0
  0
LINE
  5
67F
330
1A
100
AcDbEntity
  8
B.Cu
  6
CONTINUOUS
100
AcDbLine
 10
152.9699999999999989
 20
-143.4300000000000068
 30
0
 11
152.8700000000000045
 21
-143.4300000000000068
 31
0
  0
LINE
  5
680
330
1A
100
AcDbEntity
  8
B.Cu
  6
CONTINUOUS
100
AcDbLine
 10
152.8700000000000045
 20
-143.4300000000000068
 30
0
 11
152.8700000000000045
 21
-143.9299989999999809
 31
0
  0
LINE
  5
681
330
1A
100
AcDbEntity
  8
B.Cu
  6
CONTINUOUS
100
AcDbLine
 10
152.8700000000000045
 20
-143.9299989999999809
 30
0
 11
152.870001000000002
 21
-143.9300000000000068
 31
0
  0
LINE
  5
682
330
1A
100
AcDbEntity
  8
B.Cu
  6
CONTINUOUS
100
AcDbLine
 10
152.870001000000002
 20
-143.9300000000000068
 30
0
 11
153.0178249999999878
 21
-143.9300000000000068
 31
0
  0
LINE
  5
683
330
1A
100
AcDbEntity
  8
B.Cu
  6
CONTINUOUS
100
AcDbLine
 10
153.0178249999999878
 20
-143.9300000000000068
 30
0
 11
153.0178319999999985
 21
-143.9299989999999809
 31
0
  0
LINE
  5
684
330
1A
100
AcDbEntity
  8
B.Cu
  6
CONTINUOUS
100
AcDbLine
 10
153.0178319999999985
 20
-143.9299989999999809
 30
0
 11
153.0773709999999994
 21
-143.9235979999999984
 31
0
  0
LINE
  5
685
330
1A
100
AcDbEntity
  8
B.Cu
  6
CONTINUOUS
100
AcDbLine
 10
153.0773709999999994
 20
-143.9235979999999984
 30
0
 11
153.0773779999999817
 21
-143.9235960000000034
 31
0
  0
LINE
  5
686
330
1A
100
AcDbEntity
  8
B.Cu
  6
CONTINUOUS
100
AcDbLine
 10
153.0773779999999817
 20
-143.9235960000000034
 30
0
 11
153.2120869999999968
 21
-143.8733529999999803
 31
0
  0
LINE
  5
687
330
1A
100
AcDbEntity
  8
B.Cu
  6
CONTINUOUS
100
AcDbLine
 10
153.2120869999999968
 20
-143.8733529999999803
 30
0
 11
153.3271869999999808
 21
-143.7871889999999837
 31
0
  0
LINE
  5
688
330
1A
100
AcDbEntity
  8
B.Cu
  6
CONTINUOUS
100
AcDbLine
 10
153.3271869999999808
 20
-143.7871889999999837
 30
0
 11
153.3271890000000042
 21
-143.7871869999999888
 31
0
  0
LINE
  5
689
330
1A
100
AcDbEntity
  8
B.Cu
  6
CONTINUOUS
100
AcDbLine
 10
153.3271890000000042
 20
-143.7871869999999888
 30
0
 11
153.4133530000000007
 21
-143.6720870000000048
 31
0
  0
LINE
  5
68A
330
1A
100
AcDbEntity
  8
B.Cu
  6
CONTINUOUS
100
AcDbLine
 10
153.4133530000000007
 20
-143.6720870000000048
 30
0
 11
153.4635959999999955
 21
-143.5373779999999897
 31
0
  0
LINE
  5
68B
330
1A
100
AcDbEntity
  8
B.Cu
  6
CONTINUOUS
100
AcDbLine
 10
153.4635959999999955
 20
-143.5373779999999897
 30
0
 11
153.4635979999999904
 21
-143.5373710000000074
 31
0
  0
LINE
  5
68C
330
1A
100
AcDbEntity
  8
B.Cu
  6
CONTINUOUS
100
AcDbLine
 10
153.4635979999999904
 20
-143.5373710000000074
 30
0
 11
153.4699990000000014
 21
-143.4778320000000065
 31
0
  0
LINE
  5
68D
330
1A
100
AcDbEntity
  8
B.Cu
  6
CONTINUOUS
100
AcDbLine
 10
153.4699990000000014
 20
-143.4778320000000065
 30
0
 11
153.4699999999999989
 21
-143.4778249999999957
 31
0
  0
LINE
  5
68E
330
1A
100
AcDbEntity
  8
B.Cu
  6
CONTINUOUS
100
AcDbLine
 10
153.4699999999999989
 20
-143.4778249999999957
 30
0
 11
153.4699999999999989
 21
-143.3300009999999816
 31
0
  0
LINE
  5
68F
330
1A
100
AcDbEntity
  8
B.Cu
  6
CONTINUOUS
100
AcDbLine
 10
153.4699999999999989
 20
-143.3300009999999816
 30
0
 11
153.4699990000000014
 21
-143.3299999999999841
 31
0
  0
LINE
  5
690
330
1A
100
AcDbEntity
  8
B.Cu
  6
CONTINUOUS
100
AcDbLine
 10
153.4699990000000014
 20
-143.3299999999999841
 30
0
 11
152.9699999999999989
 21
-143.3299999999999841
 31
0
  0
LINE
  5
691
330
1A
100
AcDbEntity
  8
B.Cu
  6
CONTINUOUS
100
AcDbLine
 10
152.9699999999999989
 20
-143.3299999999999841
 30
0
 11
152.9699999999999989
 21
-143.4300000000000068
 31
0
  0
LINE
  5
692
330
1A
100
AcDbEntity
  8
B.Cu
  6
CONTINUOUS
100
AcDbLine
 10
150.6844999999999857
 20
-140.093086999999997
 30
0
 11
150.6845009999999832
 21
-140.0931029999999851
 31
0
  0
LINE
  5
693
330
1A
100
AcDbEntity
  8
B.Cu
  6
CONTINUOUS
100
AcDbLine
 10
150.6845009999999832
 20
-140.0931029999999851
 30
0
 11
150.7141110000000026
 21
-140.2800509999999861
 31
0
  0
LINE
  5
694
330
1A
100
AcDbEntity
  8
B.Cu
  6
CONTINUOUS
100
AcDbLine
 10
150.7141110000000026
 20
-140.2800509999999861
 30
0
 11
150.7214469999999835
 21
-140.3263680000000022
 31
0
  0
LINE
  5
695
330
1A
100
AcDbEntity
  8
B.Cu
  6
CONTINUOUS
100
AcDbLine
 10
150.7214469999999835
 20
-140.3263680000000022
 30
0
 11
150.7944320000000005
 21
-140.5509919999999795
 31
0
  0
LINE
  5
696
330
1A
100
AcDbEntity
  8
B.Cu
  6
CONTINUOUS
100
AcDbLine
 10
150.7944320000000005
 20
-140.5509919999999795
 30
0
 11
150.8226109999999949
 21
-140.6062959999999862
 31
0
  0
LINE
  5
697
330
1A
100
AcDbEntity
  8
B.Cu
  6
CONTINUOUS
100
AcDbLine
 10
150.8226109999999949
 20
-140.6062959999999862
 30
0
 11
150.9016589999999951
 21
-140.7614370000000008
 31
0
  0
LINE
  5
698
330
1A
100
AcDbEntity
  8
B.Cu
  6
CONTINUOUS
100
AcDbLine
 10
150.9016589999999951
 20
-140.7614370000000008
 30
0
 11
151.0462330000000009
 21
-140.9604249999999865
 31
0
  0
LINE
  5
699
330
1A
100
AcDbEntity
  8
B.Cu
  6
CONTINUOUS
100
AcDbLine
 10
151.0462330000000009
 20
-140.9604249999999865
 30
0
 11
151.0444909999999936
 21
-140.9616900000000044
 31
0
  0
LINE
  5
69A
330
1A
100
AcDbEntity
  8
B.Cu
  6
CONTINUOUS
100
AcDbLine
 10
151.0444909999999936
 20
-140.9616900000000044
 30
0
 11
151.0846699999999885
 21
-141.0334129999999959
 31
0
  0
LINE
  5
69B
330
1A
100
AcDbEntity
  8
B.Cu
  6
CONTINUOUS
100
AcDbLine
 10
151.0846699999999885
 20
-141.0334129999999959
 30
0
 11
151.0961010000000044
 21
-141.1298940000000073
 31
0
  0
LINE
  5
69C
330
1A
100
AcDbEntity
  8
B.Cu
  6
CONTINUOUS
100
AcDbLine
 10
151.0961010000000044
 20
-141.1298940000000073
 30
0
 11
151.0697399999999959
 21
-141.2234039999999879
 31
0
  0
LINE
  5
69D
330
1A
100
AcDbEntity
  8
B.Cu
  6
CONTINUOUS
100
AcDbLine
 10
151.0697399999999959
 20
-141.2234039999999879
 30
0
 11
151.0096010000000035
 21
-141.2997090000000071
 31
0
  0
LINE
  5
69E
330
1A
100
AcDbEntity
  8
B.Cu
  6
CONTINUOUS
100
AcDbLine
 10
151.0096010000000035
 20
-141.2997090000000071
 30
0
 11
150.9970889999999883
 21
-141.3097199999999987
 31
0
  0
LINE
  5
69F
330
1A
100
AcDbEntity
  8
B.Cu
  6
CONTINUOUS
100
AcDbLine
 10
150.9970889999999883
 20
-141.3097199999999987
 30
0
 11
150.9128129999999999
 21
-141.3728089999999895
 31
0
  0
LINE
  5
6A0
330
1A
100
AcDbEntity
  8
B.Cu
  6
CONTINUOUS
100
AcDbLine
 10
150.9128129999999999
 20
-141.3728089999999895
 30
0
 11
150.912809999999979
 21
-141.3728119999999819
 31
0
  0
LINE
  5
6A1
330
1A
100
AcDbEntity
  8
B.Cu
  6
CONTINUOUS
100
AcDbLine
 10
150.912809999999979
 20
-141.3728119999999819
 30
0
 11
150.8266459999999825
 21
-141.4879119999999944
 31
0
  0
LINE
  5
6A2
330
1A
100
AcDbEntity
  8
B.Cu
  6
CONTINUOUS
100
AcDbLine
 10
150.8266459999999825
 20
-141.4879119999999944
 30
0
 11
150.7764029999999877
 21
-141.622620999999981
 31
0
  0
LINE
  5
6A3
330
1A
100
AcDbEntity
  8
B.Cu
  6
CONTINUOUS
100
AcDbLine
 10
150.7764029999999877
 20
-141.622620999999981
 30
0
 11
150.7764009999999928
 21
-141.6226279999999917
 31
0
  0
LINE
  5
6A4
330
1A
100
AcDbEntity
  8
B.Cu
  6
CONTINUOUS
100
AcDbLine
 10
150.7764009999999928
 20
-141.6226279999999917
 30
0
 11
150.7699999999999818
 21
-141.6821669999999926
 31
0
  0
LINE
  5
6A5
330
1A
100
AcDbEntity
  8
B.Cu
  6
CONTINUOUS
100
AcDbLine
 10
150.7699999999999818
 20
-141.6821669999999926
 30
0
 11
150.7699999999999818
 21
-141.8299989999999866
 31
0
  0
LINE
  5
6A6
330
1A
100
AcDbEntity
  8
B.Cu
  6
CONTINUOUS
100
AcDbLine
 10
150.7699999999999818
 20
-141.8299989999999866
 30
0
 11
150.7700009999999793
 21
-141.8299999999999841
 31
0
  0
LINE
  5
6A7
330
1A
100
AcDbEntity
  8
B.Cu
  6
CONTINUOUS
100
AcDbLine
 10
150.7700009999999793
 20
-141.8299999999999841
 30
0
 11
151.2699999999999818
 21
-141.8299999999999841
 31
0
  0
LINE
  5
6A8
330
1A
100
AcDbEntity
  8
B.Cu
  6
CONTINUOUS
100
AcDbLine
 10
151.2699999999999818
 20
-141.8299999999999841
 30
0
 11
151.2699999999999818
 21
-141.7299999999999898
 31
0
  0
LINE
  5
6A9
330
1A
100
AcDbEntity
  8
B.Cu
  6
CONTINUOUS
100
AcDbLine
 10
151.2699999999999818
 20
-141.7299999999999898
 30
0
 11
152.9699999999999989
 21
-141.7299999999999898
 31
0
  0
LINE
  5
6AA
330
1A
100
AcDbEntity
  8
B.Cu
  6
CONTINUOUS
100
AcDbLine
 10
152.9699999999999989
 20
-141.7299999999999898
 30
0
 11
152.9699999999999989
 21
-141.8299999999999841
 31
0
  0
LINE
  5
6AB
330
1A
100
AcDbEntity
  8
B.Cu
  6
CONTINUOUS
100
AcDbLine
 10
152.9699999999999989
 20
-141.8299999999999841
 30
0
 11
153.4699990000000014
 21
-141.8299999999999841
 31
0
  0
LINE
  5
6AC
330
1A
100
AcDbEntity
  8
B.Cu
  6
CONTINUOUS
100
AcDbLine
 10
153.4699990000000014
 20
-141.8299999999999841
 30
0
 11
153.4699999999999989
 21
-141.8299989999999866
 31
0
  0
LINE
  5
6AD
330
1A
100
AcDbEntity
  8
B.Cu
  6
CONTINUOUS
100
AcDbLine
 10
153.4699999999999989
 20
-141.8299989999999866
 30
0
 11
153.4699999999999989
 21
-141.7245000000000061
 31
0
  0
LINE
  5
6AE
330
1A
100
AcDbEntity
  8
B.Cu
  6
CONTINUOUS
100
AcDbLine
 10
153.4699999999999989
 20
-141.7245000000000061
 30
0
 11
153.4889540000000068
 21
-141.6292119999999954
 31
0
  0
LINE
  5
6AF
330
1A
100
AcDbEntity
  8
B.Cu
  6
CONTINUOUS
100
AcDbLine
 10
153.4889540000000068
 20
-141.6292119999999954
 30
0
 11
153.5429299999999841
 21
-141.5484299999999962
 31
0
  0
LINE
  5
6B0
330
1A
100
AcDbEntity
  8
B.Cu
  6
CONTINUOUS
100
AcDbLine
 10
153.5429299999999841
 20
-141.5484299999999962
 30
0
 11
153.6237119999999834
 21
-141.4944539999999904
 31
0
  0
LINE
  5
6B1
330
1A
100
AcDbEntity
  8
B.Cu
  6
CONTINUOUS
100
AcDbLine
 10
153.6237119999999834
 20
-141.4944539999999904
 30
0
 11
153.7189999999999941
 21
-141.4754999999999825
 31
0
  0
LINE
  5
6B2
330
1A
100
AcDbEntity
  8
B.Cu
  6
CONTINUOUS
100
AcDbLine
 10
153.7189999999999941
 20
-141.4754999999999825
 30
0
 11
166.5872389999999825
 21
-141.4754999999999825
 31
0
  0
LINE
  5
6B3
330
1A
100
AcDbEntity
  8
B.Cu
  6
CONTINUOUS
100
AcDbLine
 10
166.5872389999999825
 20
-141.4754999999999825
 30
0
 11
166.6825269999999932
 21
-141.4944539999999904
 31
0
  0
LINE
  5
6B4
330
1A
100
AcDbEntity
  8
B.Cu
  6
CONTINUOUS
100
AcDbLine
 10
166.6825269999999932
 20
-141.4944539999999904
 30
0
 11
166.7633089999999925
 21
-141.5484299999999962
 31
0
  0
LINE
  5
6B5
330
1A
100
AcDbEntity
  8
B.Cu
  6
CONTINUOUS
100
AcDbLine
 10
166.7633089999999925
 20
-141.5484299999999962
 30
0
 11
166.8172849999999983
 21
-141.6292119999999954
 31
0
  0
LINE
  5
6B6
330
1A
100
AcDbEntity
  8
B.Cu
  6
CONTINUOUS
100
AcDbLine
 10
166.8172849999999983
 20
-141.6292119999999954
 30
0
 11
166.8362390000000062
 21
-141.7245000000000061
 31
0
  0
LINE
  5
6B7
330
1A
100
AcDbEntity
  8
B.Cu
  6
CONTINUOUS
100
AcDbLine
 10
166.8362390000000062
 20
-141.7245000000000061
 30
0
 11
166.8172849999999983
 21
-141.8197879999999884
 31
0
  0
LINE
  5
6B8
330
1A
100
AcDbEntity
  8
B.Cu
  6
CONTINUOUS
100
AcDbLine
 10
166.8172849999999983
 20
-141.8197879999999884
 30
0
 11
166.8091000000000008
 21
-141.83753999999999
 31
0
  0
LINE
  5
6B9
330
1A
100
AcDbEntity
  8
B.Cu
  6
CONTINUOUS
100
AcDbLine
 10
166.8091000000000008
 20
-141.83753999999999
 30
0
 11
166.7959309999999959
 21
-141.8633849999999939
 31
0
  0
LINE
  5
6BA
330
1A
100
AcDbEntity
  8
B.Cu
  6
CONTINUOUS
100
AcDbLine
 10
166.7959309999999959
 20
-141.8633849999999939
 30
0
 11
166.7484450000000038
 21
-141.9565829999999949
 31
0
  0
LINE
  5
6BB
330
1A
100
AcDbEntity
  8
B.Cu
  6
CONTINUOUS
100
AcDbLine
 10
166.7484450000000038
 20
-141.9565829999999949
 30
0
 11
166.7484409999999855
 21
-141.9565920000000006
 31
0
  0
LINE
  5
6BC
330
1A
100
AcDbEntity
  8
B.Cu
  6
CONTINUOUS
100
AcDbLine
 10
166.7484409999999855
 20
-141.9565920000000006
 30
0
 11
166.6827529999999911
 21
-142.1587590000000034
 31
0
  0
LINE
  5
6BD
330
1A
100
AcDbEntity
  8
B.Cu
  6
CONTINUOUS
100
AcDbLine
 10
166.6827529999999911
 20
-142.1587590000000034
 30
0
 11
166.6494999999999891
 21
-142.3687029999999822
 31
0
  0
LINE
  5
6BE
330
1A
100
AcDbEntity
  8
B.Cu
  6
CONTINUOUS
100
AcDbLine
 10
166.6494999999999891
 20
-142.3687029999999822
 30
0
 11
166.6494999999999891
 21
-142.5812959999999805
 31
0
  0
LINE
  5
6BF
330
1A
100
AcDbEntity
  8
B.Cu
  6
CONTINUOUS
100
AcDbLine
 10
166.6494999999999891
 20
-142.5812959999999805
 30
0
 11
166.6827529999999911
 21
-142.7912399999999877
 31
0
  0
LINE
  5
6C0
330
1A
100
AcDbEntity
  8
B.Cu
  6
CONTINUOUS
100
AcDbLine
 10
166.6827529999999911
 20
-142.7912399999999877
 30
0
 11
166.7302640000000054
 21
-142.9374650000000031
 31
0
  0
LINE
  5
6C1
330
1A
100
AcDbEntity
  8
B.Cu
  6
CONTINUOUS
100
AcDbLine
 10
166.7302640000000054
 20
-142.9374650000000031
 30
0
 11
166.7484429999999804
 21
-142.9934120000000064
 31
0
  0
LINE
  5
6C2
330
1A
100
AcDbEntity
  8
B.Cu
  6
CONTINUOUS
100
AcDbLine
 10
166.7484429999999804
 20
-142.9934120000000064
 30
0
 11
166.8449489999999855
 21
-143.1828160000000025
 31
0
  0
LINE
  5
6C3
330
1A
100
AcDbEntity
  8
B.Cu
  6
CONTINUOUS
100
AcDbLine
 10
166.8449489999999855
 20
-143.1828160000000025
 30
0
 11
166.9698960000000056
 21
-143.3547920000000033
 31
0
  0
LINE
  5
6C4
330
1A
100
AcDbEntity
  8
B.Cu
  6
CONTINUOUS
100
AcDbLine
 10
166.9698960000000056
 20
-143.3547920000000033
 30
0
 11
167.120207999999991
 21
-143.5051039999999887
 31
0
  0
LINE
  5
6C5
330
1A
100
AcDbEntity
  8
B.Cu
  6
CONTINUOUS
100
AcDbLine
 10
167.120207999999991
 20
-143.5051039999999887
 30
0
 11
167.2921839999999918
 21
-143.6300509999999804
 31
0
  0
LINE
  5
6C6
330
1A
100
AcDbEntity
  8
B.Cu
  6
CONTINUOUS
100
AcDbLine
 10
167.2921839999999918
 20
-143.6300509999999804
 30
0
 11
167.4815879999999879
 21
-143.7265569999999855
 31
0
  0
LINE
  5
6C7
330
1A
100
AcDbEntity
  8
B.Cu
  6
CONTINUOUS
100
AcDbLine
 10
167.4815879999999879
 20
-143.7265569999999855
 30
0
 11
167.6837569999999857
 21
-143.7922460000000058
 31
0
  0
LINE
  5
6C8
330
1A
100
AcDbEntity
  8
B.Cu
  6
CONTINUOUS
100
AcDbLine
 10
167.6837569999999857
 20
-143.7922460000000058
 30
0
 11
167.757600999999994
 21
-143.8039409999999805
 31
0
  0
LINE
  5
6C9
330
1A
100
AcDbEntity
  8
B.Cu
  6
CONTINUOUS
100
AcDbLine
 10
167.757600999999994
 20
-143.8039409999999805
 30
0
 11
167.8937029999999879
 21
-143.8254989999999793
 31
0
  0
LINE
  5
6CA
330
1A
100
AcDbEntity
  8
B.Cu
  6
CONTINUOUS
100
AcDbLine
 10
167.8937029999999879
 20
-143.8254989999999793
 30
0
 11
167.8937099999999987
 21
-143.8254989999999793
 31
0
  0
LINE
  5
6CB
330
1A
100
AcDbEntity
  8
B.Cu
  6
CONTINUOUS
100
AcDbLine
 10
167.8937099999999987
 20
-143.8254989999999793
 30
0
 11
167.8937129999999911
 21
-143.8255000000000052
 31
0
  0
LINE
  5
6CC
330
1A
100
AcDbEntity
  8
B.Cu
  6
CONTINUOUS
100
AcDbLine
 10
167.8937129999999911
 20
-143.8255000000000052
 30
0
 11
167.8937159999999835
 21
-143.8255000000000052
 31
0
  0
LINE
  5
6CD
330
1A
100
AcDbEntity
  8
B.Cu
  6
CONTINUOUS
100
AcDbLine
 10
167.8937159999999835
 20
-143.8255000000000052
 30
0
 11
168.3562839999999881
 21
-143.8255000000000052
 31
0
  0
LINE
  5
6CE
330
1A
100
AcDbEntity
  8
B.Cu
  6
CONTINUOUS
100
AcDbLine
 10
168.3562839999999881
 20
-143.8255000000000052
 30
0
 11
168.3562869999999805
 21
-143.8255000000000052
 31
0
  0
LINE
  5
6CF
330
1A
100
AcDbEntity
  8
B.Cu
  6
CONTINUOUS
100
AcDbLine
 10
168.3562869999999805
 20
-143.8255000000000052
 30
0
 11
168.3562900000000013
 21
-143.8254989999999793
 31
0
  0
LINE
  5
6D0
330
1A
100
AcDbEntity
  8
B.Cu
  6
CONTINUOUS
100
AcDbLine
 10
168.3562900000000013
 20
-143.8254989999999793
 30
0
 11
168.3562959999999862
 21
-143.8254989999999793
 31
0
  0
LINE
  5
6D1
330
1A
100
AcDbEntity
  8
B.Cu
  6
CONTINUOUS
100
AcDbLine
 10
168.3562959999999862
 20
-143.8254989999999793
 30
0
 11
168.4554760000000044
 21
-143.809788999999995
 31
0
  0
LINE
  5
6D2
330
1A
100
AcDbEntity
  8
B.Cu
  6
CONTINUOUS
100
AcDbLine
 10
168.4554760000000044
 20
-143.809788999999995
 30
0
 11
168.5662429999999858
 21
-143.7922460000000058
 31
0
  0
LINE
  5
6D3
330
1A
100
AcDbEntity
  8
B.Cu
  6
CONTINUOUS
100
AcDbLine
 10
168.5662429999999858
 20
-143.7922460000000058
 30
0
 11
168.7684119999999837
 21
-143.7265569999999855
 31
0
  0
LINE
  5
6D4
330
1A
100
AcDbEntity
  8
B.Cu
  6
CONTINUOUS
100
AcDbLine
 10
168.7684119999999837
 20
-143.7265569999999855
 30
0
 11
168.9578159999999798
 21
-143.6300509999999804
 31
0
  0
LINE
  5
6D5
330
1A
100
AcDbEntity
  8
B.Cu
  6
CONTINUOUS
100
AcDbLine
 10
168.9578159999999798
 20
-143.6300509999999804
 30
0
 11
169.1297919999999806
 21
-143.5051039999999887
 31
0
  0
LINE
  5
6D6
330
1A
100
AcDbEntity
  8
B.Cu
  6
CONTINUOUS
100
AcDbLine
 10
169.1297919999999806
 20
-143.5051039999999887
 30
0
 11
169.2801039999999944
 21
-143.3547920000000033
 31
0
  0
LINE
  5
6D7
330
1A
100
AcDbEntity
  8
B.Cu
  6
CONTINUOUS
100
AcDbLine
 10
169.2801039999999944
 20
-143.3547920000000033
 30
0
 11
169.4050509999999861
 21
-143.1828160000000025
 31
0
  0
LINE
  5
6D8
330
1A
100
AcDbEntity
  8
B.Cu
  6
CONTINUOUS
100
AcDbLine
 10
169.4050509999999861
 20
-143.1828160000000025
 30
0
 11
169.5015569999999911
 21
-142.9934120000000064
 31
0
  0
LINE
  5
6D9
330
1A
100
AcDbEntity
  8
B.Cu
  6
CONTINUOUS
100
AcDbLine
 10
169.5015569999999911
 20
-142.9934120000000064
 30
0
 11
169.567245999999983
 21
-142.7912429999999802
 31
0
  0
LINE
  5
6DA
330
1A
100
AcDbEntity
  8
B.Cu
  6
CONTINUOUS
100
AcDbLine
 10
169.567245999999983
 20
-142.7912429999999802
 30
0
 11
169.5902779999999836
 21
-142.6458259999999996
 31
0
  0
LINE
  5
6DB
330
1A
100
AcDbEntity
  8
B.Cu
  6
CONTINUOUS
100
AcDbLine
 10
169.5902779999999836
 20
-142.6458259999999996
 30
0
 11
169.600498999999985
 21
-142.5812959999999805
 31
0
  0
LINE
  5
6DC
330
1A
100
AcDbEntity
  8
B.Cu
  6
CONTINUOUS
100
AcDbLine
 10
169.600498999999985
 20
-142.5812959999999805
 30
0
 11
169.6004999999999825
 21
-142.5812839999999824
 31
0
  0
LINE
  5
6DD
330
1A
100
AcDbEntity
  8
B.Cu
  6
CONTINUOUS
100
AcDbLine
 10
169.6004999999999825
 20
-142.5812839999999824
 30
0
 11
169.6004999999999825
 21
-142.3687149999999804
 31
0
  0
LINE
  5
6DE
330
1A
100
AcDbEntity
  8
B.Cu
  6
CONTINUOUS
100
AcDbLine
 10
169.6004999999999825
 20
-142.3687149999999804
 30
0
 11
169.600498999999985
 21
-142.3687029999999822
 31
0
  0
LINE
  5
6DF
330
1A
100
AcDbEntity
  8
B.Cu
  6
CONTINUOUS
100
AcDbLine
 10
169.600498999999985
 20
-142.3687029999999822
 30
0
 11
169.567245999999983
 21
-142.1587590000000034
 31
0
  0
LINE
  5
6E0
330
1A
100
AcDbEntity
  8
B.Cu
  6
CONTINUOUS
100
AcDbLine
 10
169.567245999999983
 20
-142.1587590000000034
 30
0
 11
169.567245999999983
 21
-142.1587569999999801
 31
0
  0
LINE
  5
6E1
330
1A
100
AcDbEntity
  8
B.Cu
  6
CONTINUOUS
100
AcDbLine
 10
169.567245999999983
 20
-142.1587569999999801
 30
0
 11
169.5015569999999911
 21
-141.9565879999999822
 31
0
  0
LINE
  5
6E2
330
1A
100
AcDbEntity
  8
B.Cu
  6
CONTINUOUS
100
AcDbLine
 10
169.5015569999999911
 20
-141.9565879999999822
 30
0
 11
169.4050509999999861
 21
-141.7671839999999861
 31
0
  0
LINE
  5
6E3
330
1A
100
AcDbEntity
  8
B.Cu
  6
CONTINUOUS
100
AcDbLine
 10
169.4050509999999861
 20
-141.7671839999999861
 30
0
 11
169.2801039999999944
 21
-141.5952079999999853
 31
0
  0
LINE
  5
6E4
330
1A
100
AcDbEntity
  8
B.Cu
  6
CONTINUOUS
100
AcDbLine
 10
169.2801039999999944
 20
-141.5952079999999853
 30
0
 11
169.1297919999999806
 21
-141.444896
 31
0
  0
LINE
  5
6E5
330
1A
100
AcDbEntity
  8
B.Cu
  6
CONTINUOUS
100
AcDbLine
 10
169.1297919999999806
 20
-141.444896
 30
0
 11
169.1295309999999859
 21
-141.4446350000000052
 31
0
  0
LINE
  5
6E6
330
1A
100
AcDbEntity
  8
B.Cu
  6
CONTINUOUS
100
AcDbLine
 10
169.1295309999999859
 20
-141.4446350000000052
 30
0
 11
169.0755549999999801
 21
-141.363853000000006
 31
0
  0
LINE
  5
6E7
330
1A
100
AcDbEntity
  8
B.Cu
  6
CONTINUOUS
100
AcDbLine
 10
169.0755549999999801
 20
-141.363853000000006
 30
0
 11
169.0566010000000006
 21
-141.2685649999999953
 31
0
  0
LINE
  5
6E8
330
1A
100
AcDbEntity
  8
B.Cu
  6
CONTINUOUS
100
AcDbLine
 10
169.0566010000000006
 20
-141.2685649999999953
 30
0
 11
169.0755549999999801
 21
-141.1732769999999846
 31
0
  0
LINE
  5
6E9
330
1A
100
AcDbEntity
  8
B.Cu
  6
CONTINUOUS
100
AcDbLine
 10
169.0755549999999801
 20
-141.1732769999999846
 30
0
 11
169.1295279999999934
 21
-141.0924980000000062
 31
0
  0
LINE
  5
6EA
330
1A
100
AcDbEntity
  8
B.Cu
  6
CONTINUOUS
100
AcDbLine
 10
169.1295279999999934
 20
-141.0924980000000062
 30
0
 11
169.2695169999999791
 21
-140.9525099999999895
 31
0
  0
LINE
  5
6EB
330
1A
100
AcDbEntity
  8
B.Cu
  6
CONTINUOUS
100
AcDbLine
 10
169.2695169999999791
 20
-140.9525099999999895
 30
0
 11
169.4083430000000021
 21
-140.7614329999999825
 31
0
  0
LINE
  5
6EC
330
1A
100
AcDbEntity
  8
B.Cu
  6
CONTINUOUS
100
AcDbLine
 10
169.4083430000000021
 20
-140.7614329999999825
 30
0
 11
169.5155680000000018
 21
-140.5509919999999795
 31
0
  0
LINE
  5
6ED
330
1A
100
AcDbEntity
  8
B.Cu
  6
CONTINUOUS
100
AcDbLine
 10
169.5155680000000018
 20
-140.5509919999999795
 30
0
 11
169.5885529999999903
 21
-140.3263680000000022
 31
0
  0
LINE
  5
6EE
330
1A
100
AcDbEntity
  8
B.Cu
  6
CONTINUOUS
100
AcDbLine
 10
169.5885529999999903
 20
-140.3263680000000022
 30
0
 11
169.6254999999999882
 21
-140.0930919999999844
 31
0
  0
LINE
  5
6EF
330
1A
100
AcDbEntity
  8
B.Cu
  6
CONTINUOUS
100
AcDbLine
 10
169.6254999999999882
 20
-140.0930919999999844
 30
0
 11
169.6254999999999882
 21
-139.8569080000000042
 31
0
  0
LINE
  5
6F0
330
1A
100
AcDbEntity
  8
B.Cu
  6
CONTINUOUS
100
AcDbLine
 10
169.6254999999999882
 20
-139.8569080000000042
 30
0
 11
169.5885529999999903
 21
-139.6236319999999864
 31
0
  0
LINE
  5
6F1
330
1A
100
AcDbEntity
  8
B.Cu
  6
CONTINUOUS
100
AcDbLine
 10
169.5885529999999903
 20
-139.6236319999999864
 30
0
 11
169.5155680000000018
 21
-139.3990079999999807
 31
0
  0
LINE
  5
6F2
330
1A
100
AcDbEntity
  8
B.Cu
  6
CONTINUOUS
100
AcDbLine
 10
169.5155680000000018
 20
-139.3990079999999807
 30
0
 11
169.4083430000000021
 21
-139.1885670000000061
 31
0
  0
LINE
  5
6F3
330
1A
100
AcDbEntity
  8
B.Cu
  6
CONTINUOUS
100
AcDbLine
 10
169.4083430000000021
 20
-139.1885670000000061
 30
0
 11
169.4083409999999787
 21
-139.1885639999999853
 31
0
  0
LINE
  5
6F4
330
1A
100
AcDbEntity
  8
B.Cu
  6
CONTINUOUS
100
AcDbLine
 10
169.4083409999999787
 20
-139.1885639999999853
 30
0
 11
169.4083399999999813
 21
-139.1885619999999903
 31
0
  0
LINE
  5
6F5
330
1A
100
AcDbEntity
  8
B.Cu
  6
CONTINUOUS
100
AcDbLine
 10
169.4083399999999813
 20
-139.1885619999999903
 30
0
 11
169.2757869999999798
 21
-139.006118999999984
 31
0
  0
LINE
  5
6F6
330
1A
100
AcDbEntity
  8
B.Cu
  6
CONTINUOUS
100
AcDbLine
 10
169.2757869999999798
 20
-139.006118999999984
 30
0
 11
169.2351119999999867
 21
-138.9178880000000049
 31
0
  0
LINE
  5
6F7
330
1A
100
AcDbEntity
  8
B.Cu
  6
CONTINUOUS
100
AcDbLine
 10
169.2351119999999867
 20
-138.9178880000000049
 30
0
 11
169.2312979999999811
 21
-138.8208079999999995
 31
0
  0
LINE
  5
6F8
330
1A
100
AcDbEntity
  8
B.Cu
  6
CONTINUOUS
100
AcDbLine
 10
169.2312979999999811
 20
-138.8208079999999995
 30
0
 11
169.2649250000000052
 21
-138.7296580000000006
 31
0
  0
LINE
  5
6F9
330
1A
100
AcDbEntity
  8
B.Cu
  6
CONTINUOUS
100
AcDbLine
 10
169.2649250000000052
 20
-138.7296580000000006
 30
0
 11
169.3096669999999904
 21
-138.6792339999999797
 31
0
  0
LINE
  5
6FA
330
1A
100
AcDbEntity
  8
B.Cu
  6
CONTINUOUS
100
AcDbLine
 10
169.3096669999999904
 20
-138.6792339999999797
 30
0
 11
169.308400000000006
 21
-138.6779669999999953
 31
0
  0
LINE
  5
6FB
330
1A
100
AcDbEntity
  8
B.Cu
  6
CONTINUOUS
100
AcDbLine
 10
169.308400000000006
 20
-138.6779669999999953
 30
0
 11
169.3186529999999834
 21
-138.667712999999992
 31
0
  0
LINE
  5
6FC
330
1A
100
AcDbEntity
  8
B.Cu
  6
CONTINUOUS
100
AcDbLine
 10
169.3186529999999834
 20
-138.667712999999992
 30
0
 11
169.3186560000000043
 21
-138.6677119999999945
 31
0
  0
LINE
  5
6FD
330
1A
100
AcDbEntity
  8
B.Cu
  6
CONTINUOUS
100
AcDbLine
 10
169.3186560000000043
 20
-138.6677119999999945
 30
0
 11
169.4427120000000002
 21
-138.5436559999999986
 31
0
  0
LINE
  5
6FE
330
1A
100
AcDbEntity
  8
B.Cu
  6
CONTINUOUS
100
AcDbLine
 10
169.4427120000000002
 20
-138.5436559999999986
 30
0
 11
169.534813999999983
 21
-138.3943339999999864
 31
0
  0
LINE
  5
6FF
330
1A
100
AcDbEntity
  8
B.Cu
  6
CONTINUOUS
100
AcDbLine
 10
169.534813999999983
 20
-138.3943339999999864
 30
0
 11
169.5899990000000059
 21
-138.2277969999999812
 31
0
  0
LINE
  5
700
330
1A
100
AcDbEntity
  8
B.Cu
  6
CONTINUOUS
100
AcDbLine
 10
169.5899990000000059
 20
-138.2277969999999812
 30
0
 11
169.6004999999999825
 21
-138.1250090000000057
 31
0
  0
LINE
  5
701
330
1A
100
AcDbEntity
  8
B.Cu
  6
CONTINUOUS
100
AcDbLine
 10
169.6004999999999825
 20
-138.1250090000000057
 30
0
 11
169.600498999999985
 21
-136.8249919999999804
 31
0
  0
LINE
  5
702
330
1A
100
AcDbEntity
  8
B.Cu
  6
CONTINUOUS
100
AcDbLine
 10
169.600498999999985
 20
-136.8249919999999804
 30
0
 11
169.5899990000000059
 21
-136.7222030000000075
 31
0
  0
LINE
  5
703
330
1A
100
AcDbEntity
  8
B.Cu
  6
CONTINUOUS
100
AcDbLine
 10
169.5899990000000059
 20
-136.7222030000000075
 30
0
 11
169.534813999999983
 21
-136.5556660000000022
 31
0
  0
LINE
  5
704
330
1A
100
AcDbEntity
  8
B.Cu
  6
CONTINUOUS
100
AcDbLine
 10
169.534813999999983
 20
-136.5556660000000022
 30
0
 11
169.4427120000000002
 21
-136.40634399999999
 31
0
  0
LINE
  5
705
330
1A
100
AcDbEntity
  8
B.Cu
  6
CONTINUOUS
100
AcDbLine
 10
169.4427120000000002
 20
-136.40634399999999
 30
0
 11
169.3186560000000043
 21
-136.2822879999999941
 31
0
  0
LINE
  5
706
330
1A
100
AcDbEntity
  8
B.Cu
  6
CONTINUOUS
100
AcDbLine
 10
169.3186560000000043
 20
-136.2822879999999941
 30
0
 11
169.1693339999999921
 21
-136.1901859999999829
 31
0
  0
LINE
  5
707
330
1A
100
AcDbEntity
  8
B.Cu
  6
CONTINUOUS
100
AcDbLine
 10
169.1693339999999921
 20
-136.1901859999999829
 30
0
 11
169.1693319999999972
 21
-136.1901849999999854
 31
0
  0
LINE
  5
708
330
1A
100
AcDbEntity
  8
B.Cu
  6
CONTINUOUS
100
AcDbLine
 10
169.1693319999999972
 20
-136.1901849999999854
 30
0
 11
169.1693300000000022
 21
-136.1901839999999879
 31
0
  0
LINE
  5
709
330
1A
100
AcDbEntity
  8
B.Cu
  6
CONTINUOUS
100
AcDbLine
 10
169.1693300000000022
 20
-136.1901839999999879
 30
0
 11
169.1693319999999972
 21
-136.1901839999999879
 31
0
  0
LINE
  5
70A
330
1A
100
AcDbEntity
  8
B.Cu
  6
CONTINUOUS
100
AcDbLine
 10
169.1693319999999972
 20
-136.1901839999999879
 30
0
 11
169.0028020000000026
 21
-136.1350019999999859
 31
0
  0
LINE
  5
70B
330
1A
100
AcDbEntity
  8
B.Cu
  6
CONTINUOUS
100
AcDbLine
 10
169.0028020000000026
 20
-136.1350019999999859
 30
0
 11
169.0027979999999843
 21
-136.1350009999999884
 31
0
  0
LINE
  5
70C
330
1A
100
AcDbEntity
  8
B.Cu
  6
CONTINUOUS
100
AcDbLine
 10
169.0027979999999843
 20
-136.1350009999999884
 30
0
 11
169.0027969999999868
 21
-136.1350009999999884
 31
0
  0
LINE
  5
70D
330
1A
100
AcDbEntity
  8
B.Cu
  6
CONTINUOUS
100
AcDbLine
 10
169.0027969999999868
 20
-136.1350009999999884
 30
0
 11
168.900008999999983
 21
-136.1244999999999834
 31
0
  0
LINE
  5
70E
330
1A
100
AcDbEntity
  8
B.Cu
  6
CONTINUOUS
100
AcDbLine
 10
168.900008999999983
 20
-136.1244999999999834
 30
0
 11
168.9000049999999931
 21
-136.1244999999999834
 31
0
  0
LINE
  5
70F
330
1A
100
AcDbEntity
  8
B.Cu
  6
CONTINUOUS
100
AcDbLine
 10
168.9000049999999931
 20
-136.1244999999999834
 30
0
 11
167.3499929999999836
 21
-136.1244999999999834
 31
0
  0
LINE
  5
710
330
1A
100
AcDbEntity
  8
B.Cu
  6
CONTINUOUS
100
AcDbLine
 10
167.3499929999999836
 20
-136.1244999999999834
 30
0
 11
167.2471989999999948
 21
-136.1350009999999884
 31
0
  0
LINE
  5
711
330
1A
100
AcDbEntity
  8
B.Cu
  6
CONTINUOUS
100
AcDbLine
 10
167.2471989999999948
 20
-136.1350009999999884
 30
0
 11
167.0806670000000054
 21
-136.1901849999999854
 31
0
  0
LINE
  5
712
330
1A
100
AcDbEntity
  8
B.Cu
  6
CONTINUOUS
100
AcDbLine
 10
167.0806670000000054
 20
-136.1901849999999854
 30
0
 11
166.9313459999999907
 21
-136.2822859999999991
 31
0
  0
LINE
  5
713
330
1A
100
AcDbEntity
  8
B.Cu
  6
CONTINUOUS
100
AcDbLine
 10
166.9313459999999907
 20
-136.2822859999999991
 30
0
 11
166.8072860000000048
 21
-136.406345999999985
 31
0
  0
LINE
  5
714
330
1A
100
AcDbEntity
  8
B.Cu
  6
CONTINUOUS
100
AcDbLine
 10
166.8072860000000048
 20
-136.406345999999985
 30
0
 11
166.7151839999999936
 21
-136.5556679999999972
 31
0
  0
LINE
  5
715
330
1A
100
AcDbEntity
  8
B.Cu
  6
CONTINUOUS
100
AcDbLine
 10
166.7151839999999936
 20
-136.5556679999999972
 30
0
 11
166.6600019999999915
 21
-136.7221969999999942
 31
0
  0
LINE
  5
716
330
1A
100
AcDbEntity
  8
B.Cu
  6
CONTINUOUS
100
AcDbLine
 10
166.6600019999999915
 20
-136.7221969999999942
 30
0
 11
166.6600009999999941
 21
-136.722204000000005
 31
0
  0
LINE
  5
717
330
1A
100
AcDbEntity
  8
B.Cu
  6
CONTINUOUS
100
AcDbLine
 10
166.6600009999999941
 20
-136.722204000000005
 30
0
 11
166.6494999999999891
 21
-136.8249879999999905
 31
0
  0
LINE
  5
718
330
1A
100
AcDbEntity
  8
B.Cu
  6
CONTINUOUS
100
AcDbLine
 10
166.6494999999999891
 20
-136.8249879999999905
 30
0
 11
166.6494999999999891
 21
-138.1250049999999874
 31
0
  0
LINE
  5
719
330
1A
100
AcDbEntity
  8
B.Cu
  6
CONTINUOUS
100
AcDbLine
 10
166.6494999999999891
 20
-138.1250049999999874
 30
0
 11
166.6537089999999921
 21
-138.1662059999999883
 31
0
  0
LINE
  5
71A
330
1A
100
AcDbEntity
  8
B.Cu
  6
CONTINUOUS
100
AcDbLine
 10
166.6537089999999921
 20
-138.1662059999999883
 30
0
 11
166.65718099999998
 21
-138.2001970000000028
 31
0
  0
LINE
  5
71B
330
1A
100
AcDbEntity
  8
B.Cu
  6
CONTINUOUS
100
AcDbLine
 10
166.65718099999998
 20
-138.2001970000000028
 30
0
 11
166.6480099999999993
 21
-138.2969159999999818
 31
0
  0
LINE
  5
71C
330
1A
100
AcDbEntity
  8
B.Cu
  6
CONTINUOUS
100
AcDbLine
 10
166.6480099999999993
 20
-138.2969159999999818
 30
0
 11
166.6025219999999933
 21
-138.3827650000000062
 31
0
  0
LINE
  5
71D
330
1A
100
AcDbEntity
  8
B.Cu
  6
CONTINUOUS
100
AcDbLine
 10
166.6025219999999933
 20
-138.3827650000000062
 30
0
 11
166.5276439999999809
 21
-138.4446709999999996
 31
0
  0
LINE
  5
71E
330
1A
100
AcDbEntity
  8
B.Cu
  6
CONTINUOUS
100
AcDbLine
 10
166.5276439999999809
 20
-138.4446709999999996
 30
0
 11
166.4347759999999994
 21
-138.4732109999999921
 31
0
  0
LINE
  5
71F
330
1A
100
AcDbEntity
  8
B.Cu
  6
CONTINUOUS
100
AcDbLine
 10
166.4347759999999994
 20
-138.4732109999999921
 30
0
 11
166.4094709999999964
 21
-138.4745000000000061
 31
0
  0
LINE
  5
720
330
1A
100
AcDbEntity
  8
B.Cu
  6
CONTINUOUS
100
AcDbLine
 10
166.4094709999999964
 20
-138.4745000000000061
 30
0
 11
153.5455000000000041
 21
-138.4745000000000061
 31
0
  0
LINE
  5
721
330
1A
100
AcDbEntity
  8
B.Cu
  6
CONTINUOUS
100
AcDbLine
 10
153.5455000000000041
 20
-138.4745000000000061
 30
0
 11
153.4502119999999934
 21
-138.4555459999999982
 31
0
  0
LINE
  5
722
330
1A
100
AcDbEntity
  8
B.Cu
  6
CONTINUOUS
100
AcDbLine
 10
153.4502119999999934
 20
-138.4555459999999982
 30
0
 11
153.3694299999999942
 21
-138.4015699999999924
 31
0
  0
LINE
  5
723
330
1A
100
AcDbEntity
  8
B.Cu
  6
CONTINUOUS
100
AcDbLine
 10
153.3694299999999942
 20
-138.4015699999999924
 30
0
 11
153.3154539999999884
 21
-138.3207879999999932
 31
0
  0
LINE
  5
724
330
1A
100
AcDbEntity
  8
B.Cu
  6
CONTINUOUS
100
AcDbLine
 10
153.3154539999999884
 20
-138.3207879999999932
 30
0
 11
153.2964999999999804
 21
-138.2254999999999825
 31
0
  0
LINE
  5
725
330
1A
100
AcDbEntity
  8
B.Cu
  6
CONTINUOUS
100
AcDbLine
 10
153.2964999999999804
 20
-138.2254999999999825
 30
0
 11
153.3154539999999884
 21
-138.1302120000000002
 31
0
  0
LINE
  5
726
330
1A
100
AcDbEntity
  8
B.Cu
  6
CONTINUOUS
100
AcDbLine
 10
153.3154539999999884
 20
-138.1302120000000002
 30
0
 11
153.3236389999999858
 21
-138.1124570000000062
 31
0
  0
LINE
  5
727
330
1A
100
AcDbEntity
  8
B.Cu
  6
CONTINUOUS
100
AcDbLine
 10
153.3236389999999858
 20
-138.1124570000000062
 30
0
 11
153.3423719999999832
 21
-138.0756910000000062
 31
0
  0
LINE
  5
728
330
1A
100
AcDbEntity
  8
B.Cu
  6
CONTINUOUS
100
AcDbLine
 10
153.3423719999999832
 20
-138.0756910000000062
 30
0
 11
153.3715569999999957
 21
-138.0184119999999837
 31
0
  0
LINE
  5
729
330
1A
100
AcDbEntity
  8
B.Cu
  6
CONTINUOUS
100
AcDbLine
 10
153.3715569999999957
 20
-138.0184119999999837
 30
0
 11
153.4372459999999876
 21
-137.8162429999999858
 31
0
  0
LINE
  5
72A
330
1A
100
AcDbEntity
  8
B.Cu
  6
CONTINUOUS
100
AcDbLine
 10
153.4372459999999876
 20
-137.8162429999999858
 30
0
 11
153.470499999999987
 21
-137.6062869999999805
 31
0
  0
LINE
  5
72B
330
1A
100
AcDbEntity
  8
B.Cu
  6
CONTINUOUS
100
AcDbLine
 10
153.470499999999987
 20
-137.6062869999999805
 30
0
 11
153.470499999999987
 21
-137.3937129999999911
 31
0
  0
LINE
  5
72C
330
1A
100
AcDbEntity
  8
B.Cu
  6
CONTINUOUS
100
AcDbLine
 10
153.470499999999987
 20
-137.3937129999999911
 30
0
 11
153.4704989999999896
 21
-137.3937099999999987
 31
0
  0
LINE
  5
72D
330
1A
100
AcDbEntity
  8
B.Cu
  6
CONTINUOUS
100
AcDbLine
 10
153.4704989999999896
 20
-137.3937099999999987
 30
0
 11
153.4704989999999896
 21
-137.3937029999999879
 31
0
  0
LINE
  5
72E
330
1A
100
AcDbEntity
  8
B.Cu
  6
CONTINUOUS
100
AcDbLine
 10
153.4704989999999896
 20
-137.3937029999999879
 30
0
 11
153.4372459999999876
 21
-137.1837589999999807
 31
0
  0
LINE
  5
72F
330
1A
100
AcDbEntity
  8
B.Cu
  6
CONTINUOUS
100
AcDbLine
 10
153.4372459999999876
 20
-137.1837589999999807
 30
0
 11
153.4372459999999876
 21
-137.1837569999999857
 31
0
  0
LINE
  5
730
330
1A
100
AcDbEntity
  8
B.Cu
  6
CONTINUOUS
100
AcDbLine
 10
153.4372459999999876
 20
-137.1837569999999857
 30
0
 11
153.3715569999999957
 21
-136.9815879999999879
 31
0
  0
LINE
  5
731
330
1A
100
AcDbEntity
  8
B.Cu
  6
CONTINUOUS
100
AcDbLine
 10
153.3715569999999957
 20
-136.9815879999999879
 30
0
 11
153.2750509999999906
 21
-136.7921839999999918
 31
0
  0
LINE
  5
732
330
1A
100
AcDbEntity
  8
B.Cu
  6
CONTINUOUS
100
AcDbLine
 10
153.2750509999999906
 20
-136.7921839999999918
 30
0
 11
153.1501039999999989
 21
-136.620207999999991
 31
0
  0
LINE
  5
733
330
1A
100
AcDbEntity
  8
B.Cu
  6
CONTINUOUS
100
AcDbLine
 10
153.1501039999999989
 20
-136.620207999999991
 30
0
 11
152.9997919999999851
 21
-136.4698960000000056
 31
0
  0
LINE
  5
734
330
1A
100
AcDbEntity
  8
B.Cu
  6
CONTINUOUS
100
AcDbLine
 10
152.9997919999999851
 20
-136.4698960000000056
 30
0
 11
152.8278159999999843
 21
-136.3449489999999855
 31
0
  0
LINE
  5
735
330
1A
100
AcDbEntity
  8
B.Cu
  6
CONTINUOUS
100
AcDbLine
 10
152.8278159999999843
 20
-136.3449489999999855
 30
0
 11
152.6384119999999882
 21
-136.2484429999999804
 31
0
  0
LINE
  5
736
330
1A
100
AcDbEntity
  8
B.Cu
  6
CONTINUOUS
100
AcDbLine
 10
152.6384119999999882
 20
-136.2484429999999804
 30
0
 11
152.6384089999999958
 21
-136.248441999999983
 31
0
  0
LINE
  5
737
330
1A
100
AcDbEntity
  8
B.Cu
  6
CONTINUOUS
100
AcDbLine
 10
152.6384089999999958
 20
-136.248441999999983
 30
0
 11
152.6384070000000008
 21
-136.2484409999999855
 31
0
  0
LINE
  5
738
330
1A
100
AcDbEntity
  8
B.Cu
  6
CONTINUOUS
100
AcDbLine
 10
152.6384070000000008
 20
-136.2484409999999855
 30
0
 11
152.436239999999998
 21
-136.1827529999999911
 31
0
  0
LINE
  5
739
330
1A
100
AcDbEntity
  8
B.Cu
  6
CONTINUOUS
100
AcDbLine
 10
152.436239999999998
 20
-136.1827529999999911
 30
0
 11
152.2262959999999907
 21
-136.1494999999999891
 31
0
  0
LINE
  5
73A
330
1A
100
AcDbEntity
  8
B.Cu
  6
CONTINUOUS
100
AcDbLine
 10
152.2262959999999907
 20
-136.1494999999999891
 30
0
 11
152.226286999999985
 21
-136.1494999999999891
 31
0
  0
LINE
  5
73B
330
1A
100
AcDbEntity
  8
B.Cu
  6
CONTINUOUS
100
AcDbLine
 10
152.226286999999985
 20
-136.1494999999999891
 30
0
 11
152.0137129999999956
 21
-136.1494999999999891
 31
0
  0
LINE
  5
73C
330
1A
100
AcDbEntity
  8
B.Cu
  6
CONTINUOUS
100
AcDbLine
 10
152.0137129999999956
 20
-136.1494999999999891
 30
0
 11
152.0137029999999925
 21
-136.1494999999999891
 31
0
  0
LINE
  5
73D
330
1A
100
AcDbEntity
  8
B.Cu
  6
CONTINUOUS
100
AcDbLine
 10
152.0137029999999925
 20
-136.1494999999999891
 30
0
 11
151.8037589999999852
 21
-136.1827529999999911
 31
0
  0
LINE
  5
73E
330
1A
100
AcDbEntity
  8
B.Cu
  6
CONTINUOUS
100
AcDbLine
 10
151.8037589999999852
 20
-136.1827529999999911
 30
0
 11
151.6015919999999824
 21
-136.2484409999999855
 31
0
  0
LINE
  5
73F
330
1A
100
AcDbEntity
  8
B.Cu
  6
CONTINUOUS
100
AcDbLine
 10
151.6015919999999824
 20
-136.2484409999999855
 30
0
 11
151.4121820000000014
 21
-136.344949999999983
 31
0
  0
LINE
  5
740
330
1A
100
AcDbEntity
  8
B.Cu
  6
CONTINUOUS
100
AcDbLine
 10
151.4121820000000014
 20
-136.344949999999983
 30
0
 11
151.2402060000000006
 21
-136.4698970000000031
 31
0
  0
LINE
  5
741
330
1A
100
AcDbEntity
  8
B.Cu
  6
CONTINUOUS
100
AcDbLine
 10
151.2402060000000006
 20
-136.4698970000000031
 30
0
 11
151.0898969999999792
 21
-136.620205999999996
 31
0
  0
LINE
  5
742
330
1A
100
AcDbEntity
  8
B.Cu
  6
CONTINUOUS
100
AcDbLine
 10
151.0898969999999792
 20
-136.620205999999996
 30
0
 11
150.9649499999999875
 21
-136.7921819999999968
 31
0
  0
LINE
  5
743
330
1A
100
AcDbEntity
  8
B.Cu
  6
CONTINUOUS
100
AcDbLine
 10
150.9649499999999875
 20
-136.7921819999999968
 30
0
 11
150.86844099999999
 21
-136.9815920000000062
 31
0
  0
LINE
  5
744
330
1A
100
AcDbEntity
  8
B.Cu
  6
CONTINUOUS
100
AcDbLine
 10
150.86844099999999
 20
-136.9815920000000062
 30
0
 11
150.8027529999999956
 21
-137.1837589999999807
 31
0
  0
LINE
  5
745
330
1A
100
AcDbEntity
  8
B.Cu
  6
CONTINUOUS
100
AcDbLine
 10
150.8027529999999956
 20
-137.1837589999999807
 30
0
 11
150.7694999999999936
 21
-137.3937029999999879
 31
0
  0
LINE
  5
746
330
1A
100
AcDbEntity
  8
B.Cu
  6
CONTINUOUS
100
AcDbLine
 10
150.7694999999999936
 20
-137.3937029999999879
 30
0
 11
150.7694999999999936
 21
-137.6062959999999862
 31
0
  0
LINE
  5
747
330
1A
100
AcDbEntity
  8
B.Cu
  6
CONTINUOUS
100
AcDbLine
 10
150.7694999999999936
 20
-137.6062959999999862
 30
0
 11
150.8027529999999956
 21
-137.8162399999999934
 31
0
  0
LINE
  5
748
330
1A
100
AcDbEntity
  8
B.Cu
  6
CONTINUOUS
100
AcDbLine
 10
150.8027529999999956
 20
-137.8162399999999934
 30
0
 11
150.8609029999999791
 21
-137.995207999999991
 31
0
  0
LINE
  5
749
330
1A
100
AcDbEntity
  8
B.Cu
  6
CONTINUOUS
100
AcDbLine
 10
150.8609029999999791
 20
-137.995207999999991
 30
0
 11
150.868442999999985
 21
-138.0184119999999837
 31
0
  0
LINE
  5
74A
330
1A
100
AcDbEntity
  8
B.Cu
  6
CONTINUOUS
100
AcDbLine
 10
150.868442999999985
 20
-138.0184119999999837
 30
0
 11
150.9649489999999901
 21
-138.2078159999999798
 31
0
  0
LINE
  5
74B
330
1A
100
AcDbEntity
  8
B.Cu
  6
CONTINUOUS
100
AcDbLine
 10
150.9649489999999901
 20
-138.2078159999999798
 30
0
 11
151.0730409999999893
 21
-138.3565920000000062
 31
0
  0
LINE
  5
74C
330
1A
100
AcDbEntity
  8
B.Cu
  6
CONTINUOUS
100
AcDbLine
 10
151.0730409999999893
 20
-138.3565920000000062
 30
0
 11
151.0898969999999792
 21
-138.3797930000000065
 31
0
  0
LINE
  5
74D
330
1A
100
AcDbEntity
  8
B.Cu
  6
CONTINUOUS
100
AcDbLine
 10
151.0898969999999792
 20
-138.3797930000000065
 30
0
 11
151.1979690000000005
 21
-138.4878649999999993
 31
0
  0
LINE
  5
74E
330
1A
100
AcDbEntity
  8
B.Cu
  6
CONTINUOUS
100
AcDbLine
 10
151.1979690000000005
 20
-138.4878649999999993
 30
0
 11
151.2519450000000063
 21
-138.5686469999999986
 31
0
  0
LINE
  5
74F
330
1A
100
AcDbEntity
  8
B.Cu
  6
CONTINUOUS
100
AcDbLine
 10
151.2519450000000063
 20
-138.5686469999999986
 30
0
 11
151.2708989999999858
 21
-138.6639349999999808
 31
0
  0
LINE
  5
750
330
1A
100
AcDbEntity
  8
B.Cu
  6
CONTINUOUS
100
AcDbLine
 10
151.2708989999999858
 20
-138.6639349999999808
 30
0
 11
151.2519450000000063
 21
-138.7592229999999915
 31
0
  0
LINE
  5
751
330
1A
100
AcDbEntity
  8
B.Cu
  6
CONTINUOUS
100
AcDbLine
 10
151.2519450000000063
 20
-138.7592229999999915
 30
0
 11
151.1979709999999955
 21
-138.8400010000000009
 31
0
  0
LINE
  5
752
330
1A
100
AcDbEntity
  8
B.Cu
  6
CONTINUOUS
100
AcDbLine
 10
151.1979709999999955
 20
-138.8400010000000009
 30
0
 11
151.0665280000000052
 21
-138.9714449999999886
 31
0
  0
LINE
  5
753
330
1A
100
AcDbEntity
  8
B.Cu
  6
CONTINUOUS
100
AcDbLine
 10
151.0665280000000052
 20
-138.9714449999999886
 30
0
 11
151.0404780000000073
 21
-138.9974949999999865
 31
0
  0
LINE
  5
754
330
1A
100
AcDbEntity
  8
B.Cu
  6
CONTINUOUS
100
AcDbLine
 10
151.0404780000000073
 20
-138.9974949999999865
 30
0
 11
150.9016589999999951
 21
-139.1885619999999903
 31
0
  0
LINE
  5
755
330
1A
100
AcDbEntity
  8
B.Cu
  6
CONTINUOUS
100
AcDbLine
 10
150.9016589999999951
 20
-139.1885619999999903
 30
0
 11
150.7944300000000055
 21
-139.399011999999999
 31
0
  0
LINE
  5
756
330
1A
100
AcDbEntity
  8
B.Cu
  6
CONTINUOUS
100
AcDbLine
 10
150.7944300000000055
 20
-139.399011999999999
 30
0
 11
150.721445999999986
 21
-139.6236350000000073
 31
0
  0
LINE
  5
757
330
1A
100
AcDbEntity
  8
B.Cu
  6
CONTINUOUS
100
AcDbLine
 10
150.721445999999986
 20
-139.6236350000000073
 30
0
 11
150.6845009999999832
 21
-139.8568960000000061
 31
0
  0
LINE
  5
758
330
1A
100
AcDbEntity
  8
B.Cu
  6
CONTINUOUS
100
AcDbLine
 10
150.6845009999999832
 20
-139.8568960000000061
 30
0
 11
150.6844999999999857
 21
-139.8569119999999941
 31
0
  0
LINE
  5
759
330
1A
100
AcDbEntity
  8
B.Cu
  6
CONTINUOUS
100
AcDbLine
 10
150.6844999999999857
 20
-139.8569119999999941
 30
0
 11
150.6844999999999857
 21
-140.093086999999997
 31
0
  0
LINE
  5
75A
330
1A
100
AcDbEntity
  8
B.Cu
  6
CONTINUOUS
100
AcDbLine
 10
143.1500010000000032
 20
-142.4737409999999898
 30
0
 11
143.1500000000000057
 21
-142.4737570000000062
 31
0
  0
LINE
  5
75B
330
1A
100
AcDbEntity
  8
B.Cu
  6
CONTINUOUS
100
AcDbLine
 10
143.1500000000000057
 20
-142.4737570000000062
 30
0
 11
143.1500000000000057
 21
-142.6862419999999929
 31
0
  0
LINE
  5
75C
330
1A
100
AcDbEntity
  8
B.Cu
  6
CONTINUOUS
100
AcDbLine
 10
143.1500000000000057
 20
-142.6862419999999929
 30
0
 11
143.1500010000000032
 21
-142.6862549999999885
 31
0
  0
LINE
  5
75D
330
1A
100
AcDbEntity
  8
B.Cu
  6
CONTINUOUS
100
AcDbLine
 10
143.1500010000000032
 20
-142.6862549999999885
 30
0
 11
143.1750329999999849
 21
-142.8443039999999939
 31
0
  0
LINE
  5
75E
330
1A
100
AcDbEntity
  8
B.Cu
  6
CONTINUOUS
100
AcDbLine
 10
143.1750329999999849
 20
-142.8443039999999939
 30
0
 11
143.1750339999999824
 21
-142.8443049999999914
 31
0
  0
LINE
  5
75F
330
1A
100
AcDbEntity
  8
B.Cu
  6
CONTINUOUS
100
AcDbLine
 10
143.1750339999999824
 20
-142.8443049999999914
 30
0
 11
143.4393389999999897
 21
-142.5799999999999841
 31
0
  0
LINE
  5
760
330
1A
100
AcDbEntity
  8
B.Cu
  6
CONTINUOUS
100
AcDbLine
 10
143.4393389999999897
 20
-142.5799999999999841
 30
0
 11
143.3735130000000026
 21
-142.514173999999997
 31
0
  0
LINE
  5
761
330
1A
100
AcDbEntity
  8
B.Cu
  6
CONTINUOUS
100
AcDbLine
 10
143.3735130000000026
 20
-142.514173999999997
 30
0
 11
143.1750329999999849
 21
-142.3156940000000077
 31
0
  0
LINE
  5
762
330
1A
100
AcDbEntity
  8
B.Cu
  6
CONTINUOUS
100
AcDbLine
 10
143.1750329999999849
 20
-142.3156940000000077
 30
0
 11
143.1500010000000032
 21
-142.4737409999999898
 31
0
  0
LINE
  5
763
330
1A
100
AcDbEntity
  8
B.Cu
  6
CONTINUOUS
100
AcDbLine
 10
145.5606599999999844
 20
-142.5799989999999866
 30
0
 11
145.8249649999999917
 21
-142.8443039999999939
 31
0
  0
LINE
  5
764
330
1A
100
AcDbEntity
  8
B.Cu
  6
CONTINUOUS
100
AcDbLine
 10
145.8249649999999917
 20
-142.8443039999999939
 30
0
 11
145.8499989999999968
 21
-142.686253999999991
 31
0
  0
LINE
  5
765
330
1A
100
AcDbEntity
  8
B.Cu
  6
CONTINUOUS
100
AcDbLine
 10
145.8499989999999968
 20
-142.686253999999991
 30
0
 11
145.8499999999999943
 21
-142.6862449999999853
 31
0
  0
LINE
  5
766
330
1A
100
AcDbEntity
  8
B.Cu
  6
CONTINUOUS
100
AcDbLine
 10
145.8499999999999943
 20
-142.6862449999999853
 30
0
 11
145.8499999999999943
 21
-142.514173999999997
 31
0
  0
LINE
  5
767
330
1A
100
AcDbEntity
  8
B.Cu
  6
CONTINUOUS
100
AcDbLine
 10
145.8499999999999943
 20
-142.514173999999997
 30
0
 11
145.8499999999999943
 21
-142.4737559999999803
 31
0
  0
LINE
  5
768
330
1A
100
AcDbEntity
  8
B.Cu
  6
CONTINUOUS
100
AcDbLine
 10
145.8499999999999943
 20
-142.4737559999999803
 30
0
 11
145.8499989999999968
 21
-142.4737449999999797
 31
0
  0
LINE
  5
769
330
1A
100
AcDbEntity
  8
B.Cu
  6
CONTINUOUS
100
AcDbLine
 10
145.8499989999999968
 20
-142.4737449999999797
 30
0
 11
145.8249639999999943
 21
-142.3156929999999818
 31
0
  0
LINE
  5
76A
330
1A
100
AcDbEntity
  8
B.Cu
  6
CONTINUOUS
100
AcDbLine
 10
145.8249639999999943
 20
-142.3156929999999818
 30
0
 11
145.5606599999999844
 21
-142.5799989999999866
 31
0
  0
LINE
  5
76B
330
1A
100
AcDbEntity
  8
B.Cu
  6
CONTINUOUS
100
AcDbLine
 10
131.5244999999999891
 20
-138.1062959999999862
 30
0
 11
131.5577529999999911
 21
-138.3162399999999934
 31
0
  0
LINE
  5
76C
330
1A
100
AcDbEntity
  8
B.Cu
  6
CONTINUOUS
100
AcDbLine
 10
131.5577529999999911
 20
-138.3162399999999934
 30
0
 11
131.6135170000000016
 21
-138.4878649999999993
 31
0
  0
LINE
  5
76D
330
1A
100
AcDbEntity
  8
B.Cu
  6
CONTINUOUS
100
AcDbLine
 10
131.6135170000000016
 20
-138.4878649999999993
 30
0
 11
131.6234429999999804
 21
-138.5184119999999837
 31
0
  0
LINE
  5
76E
330
1A
100
AcDbEntity
  8
B.Cu
  6
CONTINUOUS
100
AcDbLine
 10
131.6234429999999804
 20
-138.5184119999999837
 30
0
 11
131.7199489999999855
 21
-138.7078159999999798
 31
0
  0
LINE
  5
76F
330
1A
100
AcDbEntity
  8
B.Cu
  6
CONTINUOUS
100
AcDbLine
 10
131.7199489999999855
 20
-138.7078159999999798
 30
0
 11
131.8448960000000056
 21
-138.8797919999999806
 31
0
  0
LINE
  5
770
330
1A
100
AcDbEntity
  8
B.Cu
  6
CONTINUOUS
100
AcDbLine
 10
131.8448960000000056
 20
-138.8797919999999806
 30
0
 11
131.995207999999991
 21
-139.0301039999999944
 31
0
  0
LINE
  5
771
330
1A
100
AcDbEntity
  8
B.Cu
  6
CONTINUOUS
100
AcDbLine
 10
131.995207999999991
 20
-139.0301039999999944
 30
0
 11
132.0206039999999916
 21
-139.0485549999999932
 31
0
  0
LINE
  5
772
330
1A
100
AcDbEntity
  8
B.Cu
  6
CONTINUOUS
100
AcDbLine
 10
132.0206039999999916
 20
-139.0485549999999932
 30
0
 11
132.0865519999999833
 21
-139.1198969999999804
 31
0
  0
LINE
  5
773
330
1A
100
AcDbEntity
  8
B.Cu
  6
CONTINUOUS
100
AcDbLine
 10
132.0865519999999833
 20
-139.1198969999999804
 30
0
 11
132.1201790000000074
 21
-139.2110470000000078
 31
0
  0
LINE
  5
774
330
1A
100
AcDbEntity
  8
B.Cu
  6
CONTINUOUS
100
AcDbLine
 10
132.1201790000000074
 20
-139.2110470000000078
 30
0
 11
132.1163650000000018
 21
-139.3081269999999847
 31
0
  0
LINE
  5
775
330
1A
100
AcDbEntity
  8
B.Cu
  6
CONTINUOUS
100
AcDbLine
 10
132.1163650000000018
 20
-139.3081269999999847
 30
0
 11
132.0756910000000062
 21
-139.3963579999999922
 31
0
  0
LINE
  5
776
330
1A
100
AcDbEntity
  8
B.Cu
  6
CONTINUOUS
100
AcDbLine
 10
132.0756910000000062
 20
-139.3963579999999922
 30
0
 11
132.0206039999999916
 21
-139.4514439999999809
 31
0
  0
LINE
  5
777
330
1A
100
AcDbEntity
  8
B.Cu
  6
CONTINUOUS
100
AcDbLine
 10
132.0206039999999916
 20
-139.4514439999999809
 30
0
 11
132.0206000000000017
 21
-139.4514479999999992
 31
0
  0
LINE
  5
778
330
1A
100
AcDbEntity
  8
B.Cu
  6
CONTINUOUS
100
AcDbLine
 10
132.0206000000000017
 20
-139.4514479999999992
 30
0
 11
131.995205999999996
 21
-139.4698970000000031
 31
0
  0
LINE
  5
779
330
1A
100
AcDbEntity
  8
B.Cu
  6
CONTINUOUS
100
AcDbLine
 10
131.995205999999996
 20
-139.4698970000000031
 30
0
 11
131.8448970000000031
 21
-139.620205999999996
 31
0
  0
LINE
  5
77A
330
1A
100
AcDbEntity
  8
B.Cu
  6
CONTINUOUS
100
AcDbLine
 10
131.8448970000000031
 20
-139.620205999999996
 30
0
 11
131.7324260000000038
 21
-139.7750110000000063
 31
0
  0
LINE
  5
77B
330
1A
100
AcDbEntity
  8
B.Cu
  6
CONTINUOUS
100
AcDbLine
 10
131.7324260000000038
 20
-139.7750110000000063
 30
0
 11
131.7199489999999855
 21
-139.7921839999999918
 31
0
  0
LINE
  5
77C
330
1A
100
AcDbEntity
  8
B.Cu
  6
CONTINUOUS
100
AcDbLine
 10
131.7199489999999855
 20
-139.7921839999999918
 30
0
 11
131.6478369999999813
 21
-139.9337129999999831
 31
0
  0
LINE
  5
77D
330
1A
100
AcDbEntity
  8
B.Cu
  6
CONTINUOUS
100
AcDbLine
 10
131.6478369999999813
 20
-139.9337129999999831
 30
0
 11
131.6234409999999855
 21
-139.9815920000000062
 31
0
  0
LINE
  5
77E
330
1A
100
AcDbEntity
  8
B.Cu
  6
CONTINUOUS
100
AcDbLine
 10
131.6234409999999855
 20
-139.9815920000000062
 30
0
 11
131.5577529999999911
 21
-140.1837589999999807
 31
0
  0
LINE
  5
77F
330
1A
100
AcDbEntity
  8
B.Cu
  6
CONTINUOUS
100
AcDbLine
 10
131.5577529999999911
 20
-140.1837589999999807
 30
0
 11
131.5244999999999891
 21
-140.3937029999999879
 31
0
  0
LINE
  5
780
330
1A
100
AcDbEntity
  8
B.Cu
  6
CONTINUOUS
100
AcDbLine
 10
131.5244999999999891
 20
-140.3937029999999879
 30
0
 11
131.5244999999999891
 21
-140.6062959999999862
 31
0
  0
LINE
  5
781
330
1A
100
AcDbEntity
  8
B.Cu
  6
CONTINUOUS
100
AcDbLine
 10
131.5244999999999891
 20
-140.6062959999999862
 30
0
 11
131.5577529999999911
 21
-140.8162399999999934
 31
0
  0
LINE
  5
782
330
1A
100
AcDbEntity
  8
B.Cu
  6
CONTINUOUS
100
AcDbLine
 10
131.5577529999999911
 20
-140.8162399999999934
 30
0
 11
131.5913989999999956
 21
-140.9197929999999985
 31
0
  0
LINE
  5
783
330
1A
100
AcDbEntity
  8
B.Cu
  6
CONTINUOUS
100
AcDbLine
 10
131.5913989999999956
 20
-140.9197929999999985
 30
0
 11
131.6234429999999804
 21
-141.0184119999999837
 31
0
  0
LINE
  5
784
330
1A
100
AcDbEntity
  8
B.Cu
  6
CONTINUOUS
100
AcDbLine
 10
131.6234429999999804
 20
-141.0184119999999837
 30
0
 11
131.7199489999999855
 21
-141.2078159999999798
 31
0
  0
LINE
  5
785
330
1A
100
AcDbEntity
  8
B.Cu
  6
CONTINUOUS
100
AcDbLine
 10
131.7199489999999855
 20
-141.2078159999999798
 30
0
 11
131.8285160000000076
 21
-141.3572460000000035
 31
0
  0
LINE
  5
786
330
1A
100
AcDbEntity
  8
B.Cu
  6
CONTINUOUS
100
AcDbLine
 10
131.8285160000000076
 20
-141.3572460000000035
 30
0
 11
131.8448970000000031
 21
-141.3797930000000065
 31
0
  0
LINE
  5
787
330
1A
100
AcDbEntity
  8
B.Cu
  6
CONTINUOUS
100
AcDbLine
 10
131.8448970000000031
 20
-141.3797930000000065
 30
0
 11
131.8722819999999842
 21
-141.4071779999999876
 31
0
  0
LINE
  5
788
330
1A
100
AcDbEntity
  8
B.Cu
  6
CONTINUOUS
100
AcDbLine
 10
131.8722819999999842
 20
-141.4071779999999876
 30
0
 11
131.92625799999999
 21
-141.4879599999999868
 31
0
  0
LINE
  5
789
330
1A
100
AcDbEntity
  8
B.Cu
  6
CONTINUOUS
100
AcDbLine
 10
131.92625799999999
 20
-141.4879599999999868
 30
0
 11
131.9452119999999979
 21
-141.5832479999999975
 31
0
  0
LINE
  5
78A
330
1A
100
AcDbEntity
  8
B.Cu
  6
CONTINUOUS
100
AcDbLine
 10
131.9452119999999979
 20
-141.5832479999999975
 30
0
 11
131.92625799999999
 21
-141.6785359999999798
 31
0
  0
LINE
  5
78B
330
1A
100
AcDbEntity
  8
B.Cu
  6
CONTINUOUS
100
AcDbLine
 10
131.92625799999999
 20
-141.6785359999999798
 30
0
 11
131.8722819999999842
 21
-141.7593180000000075
 31
0
  0
LINE
  5
78C
330
1A
100
AcDbEntity
  8
B.Cu
  6
CONTINUOUS
100
AcDbLine
 10
131.8722819999999842
 20
-141.7593180000000075
 30
0
 11
131.8269349999999918
 21
-141.7951730000000055
 31
0
  0
LINE
  5
78D
330
1A
100
AcDbEntity
  8
B.Cu
  6
CONTINUOUS
100
AcDbLine
 10
131.8269349999999918
 20
-141.7951730000000055
 30
0
 11
131.8066629999999861
 21
-141.8076759999999865
 31
0
  0
LINE
  5
78E
330
1A
100
AcDbEntity
  8
B.Cu
  6
CONTINUOUS
100
AcDbLine
 10
131.8066629999999861
 20
-141.8076759999999865
 30
0
 11
131.8066539999999804
 21
-141.8076839999999947
 31
0
  0
LINE
  5
78F
330
1A
100
AcDbEntity
  8
B.Cu
  6
CONTINUOUS
100
AcDbLine
 10
131.8066539999999804
 20
-141.8076839999999947
 30
0
 11
131.6826839999999947
 21
-141.9316539999999804
 31
0
  0
LINE
  5
790
330
1A
100
AcDbEntity
  8
B.Cu
  6
CONTINUOUS
100
AcDbLine
 10
131.6826839999999947
 20
-141.9316539999999804
 30
0
 11
131.6826810000000023
 21
-141.9316579999999988
 31
0
  0
LINE
  5
791
330
1A
100
AcDbEntity
  8
B.Cu
  6
CONTINUOUS
100
AcDbLine
 10
131.6826810000000023
 20
-141.9316579999999988
 30
0
 11
131.5906420000000026
 21
-142.0808759999999893
 31
0
  0
LINE
  5
792
330
1A
100
AcDbEntity
  8
B.Cu
  6
CONTINUOUS
100
AcDbLine
 10
131.5906420000000026
 20
-142.0808759999999893
 30
0
 11
131.5354939999999999
 21
-142.2473059999999805
 31
0
  0
LINE
  5
793
330
1A
100
AcDbEntity
  8
B.Cu
  6
CONTINUOUS
100
AcDbLine
 10
131.5354939999999999
 20
-142.2473059999999805
 30
0
 11
131.5352189999999837
 21
-142.2499990000000025
 31
0
  0
LINE
  5
794
330
1A
100
AcDbEntity
  8
B.Cu
  6
CONTINUOUS
100
AcDbLine
 10
131.5352189999999837
 20
-142.2499990000000025
 30
0
 11
131.5352199999999812
 21
-142.25
 31
0
  0
LINE
  5
795
330
1A
100
AcDbEntity
  8
B.Cu
  6
CONTINUOUS
100
AcDbLine
 10
131.5352199999999812
 20
-142.25
 30
0
 11
132.080331000000001
 21
-142.25
 31
0
  0
LINE
  5
796
330
1A
100
AcDbEntity
  8
B.Cu
  6
CONTINUOUS
100
AcDbLine
 10
132.080331000000001
 20
-142.25
 30
0
 11
132.0982229999999902
 21
-142.2232229999999902
 31
0
  0
LINE
  5
797
330
1A
100
AcDbEntity
  8
B.Cu
  6
CONTINUOUS
100
AcDbLine
 10
132.0982229999999902
 20
-142.2232229999999902
 30
0
 11
132.1793289999999956
 21
-142.1690299999999922
 31
0
  0
LINE
  5
798
330
1A
100
AcDbEntity
  8
B.Cu
  6
CONTINUOUS
100
AcDbLine
 10
132.1793289999999956
 20
-142.1690299999999922
 30
0
 11
132.2750000000000057
 21
-142.1500000000000057
 31
0
  0
LINE
  5
799
330
1A
100
AcDbEntity
  8
B.Cu
  6
CONTINUOUS
100
AcDbLine
 10
132.2750000000000057
 20
-142.1500000000000057
 30
0
 11
133.7249999999999943
 21
-142.1500000000000057
 31
0
  0
LINE
  5
79A
330
1A
100
AcDbEntity
  8
B.Cu
  6
CONTINUOUS
100
AcDbLine
 10
133.7249999999999943
 20
-142.1500000000000057
 30
0
 11
133.8206710000000044
 21
-142.1690299999999922
 31
0
  0
LINE
  5
79B
330
1A
100
AcDbEntity
  8
B.Cu
  6
CONTINUOUS
100
AcDbLine
 10
133.8206710000000044
 20
-142.1690299999999922
 30
0
 11
133.9017769999999814
 21
-142.2232229999999902
 31
0
  0
LINE
  5
79C
330
1A
100
AcDbEntity
  8
B.Cu
  6
CONTINUOUS
100
AcDbLine
 10
133.9017769999999814
 20
-142.2232229999999902
 30
0
 11
133.919668999999999
 21
-142.25
 31
0
  0
LINE
  5
79D
330
1A
100
AcDbEntity
  8
B.Cu
  6
CONTINUOUS
100
AcDbLine
 10
133.919668999999999
 20
-142.25
 30
0
 11
134.4647799999999904
 21
-142.25
 31
0
  0
LINE
  5
79E
330
1A
100
AcDbEntity
  8
B.Cu
  6
CONTINUOUS
100
AcDbLine
 10
134.4647799999999904
 20
-142.25
 30
0
 11
134.4645050000000026
 21
-142.2473059999999805
 31
0
  0
LINE
  5
79F
330
1A
100
AcDbEntity
  8
B.Cu
  6
CONTINUOUS
100
AcDbLine
 10
134.4645050000000026
 20
-142.2473059999999805
 30
0
 11
134.409357
 21
-142.0808759999999893
 31
0
  0
LINE
  5
7A0
330
1A
100
AcDbEntity
  8
B.Cu
  6
CONTINUOUS
100
AcDbLine
 10
134.409357
 20
-142.0808759999999893
 30
0
 11
134.3173180000000002
 21
-141.9316579999999988
 31
0
  0
LINE
  5
7A1
330
1A
100
AcDbEntity
  8
B.Cu
  6
CONTINUOUS
100
AcDbLine
 10
134.3173180000000002
 20
-141.9316579999999988
 30
0
 11
134.3173150000000078
 21
-141.9316539999999804
 31
0
  0
LINE
  5
7A2
330
1A
100
AcDbEntity
  8
B.Cu
  6
CONTINUOUS
100
AcDbLine
 10
134.3173150000000078
 20
-141.9316539999999804
 30
0
 11
134.1933449999999937
 21
-141.8076839999999947
 31
0
  0
LINE
  5
7A3
330
1A
100
AcDbEntity
  8
B.Cu
  6
CONTINUOUS
100
AcDbLine
 10
134.1933449999999937
 20
-141.8076839999999947
 30
0
 11
134.1933410000000038
 21
-141.8076810000000023
 31
0
  0
LINE
  5
7A4
330
1A
100
AcDbEntity
  8
B.Cu
  6
CONTINUOUS
100
AcDbLine
 10
134.1933410000000038
 20
-141.8076810000000023
 30
0
 11
134.1730660000000057
 21
-141.7951750000000004
 31
0
  0
LINE
  5
7A5
330
1A
100
AcDbEntity
  8
B.Cu
  6
CONTINUOUS
100
AcDbLine
 10
134.1730660000000057
 20
-141.7951750000000004
 30
0
 11
134.1019159999999886
 21
-141.7290189999999939
 31
0
  0
LINE
  5
7A6
330
1A
100
AcDbEntity
  8
B.Cu
  6
CONTINUOUS
100
AcDbLine
 10
134.1019159999999886
 20
-141.7290189999999939
 30
0
 11
134.0614980000000003
 21
-141.6406700000000001
 31
0
  0
LINE
  5
7A7
330
1A
100
AcDbEntity
  8
B.Cu
  6
CONTINUOUS
100
AcDbLine
 10
134.0614980000000003
 20
-141.6406700000000001
 30
0
 11
134.0579669999999908
 21
-141.543578999999994
 31
0
  0
LINE
  5
7A8
330
1A
100
AcDbEntity
  8
B.Cu
  6
CONTINUOUS
100
AcDbLine
 10
134.0579669999999908
 20
-141.543578999999994
 30
0
 11
134.0918599999999969
 21
-141.4525270000000035
 31
0
  0
LINE
  5
7A9
330
1A
100
AcDbEntity
  8
B.Cu
  6
CONTINUOUS
100
AcDbLine
 10
134.0918599999999969
 20
-141.4525270000000035
 30
0
 11
134.1277199999999823
 21
-141.4071759999999927
 31
0
  0
LINE
  5
7AA
330
1A
100
AcDbEntity
  8
B.Cu
  6
CONTINUOUS
100
AcDbLine
 10
134.1277199999999823
 20
-141.4071759999999927
 30
0
 11
134.1551000000000045
 21
-141.3797959999999989
 31
0
  0
LINE
  5
7AB
330
1A
100
AcDbEntity
  8
B.Cu
  6
CONTINUOUS
100
AcDbLine
 10
134.1551000000000045
 20
-141.3797959999999989
 30
0
 11
134.1551039999999944
 21
-141.3797919999999806
 31
0
  0
LINE
  5
7AC
330
1A
100
AcDbEntity
  8
B.Cu
  6
CONTINUOUS
100
AcDbLine
 10
134.1551039999999944
 20
-141.3797919999999806
 30
0
 11
134.2800509999999861
 21
-141.2078159999999798
 31
0
  0
LINE
  5
7AD
330
1A
100
AcDbEntity
  8
B.Cu
  6
CONTINUOUS
100
AcDbLine
 10
134.2800509999999861
 20
-141.2078159999999798
 30
0
 11
134.3765569999999911
 21
-141.0184119999999837
 31
0
  0
LINE
  5
7AE
330
1A
100
AcDbEntity
  8
B.Cu
  6
CONTINUOUS
100
AcDbLine
 10
134.3765569999999911
 20
-141.0184119999999837
 30
0
 11
134.442245999999983
 21
-140.8162429999999858
 31
0
  0
LINE
  5
7AF
330
1A
100
AcDbEntity
  8
B.Cu
  6
CONTINUOUS
100
AcDbLine
 10
134.442245999999983
 20
-140.8162429999999858
 30
0
 11
134.4754999999999825
 21
-140.6062869999999805
 31
0
  0
LINE
  5
7B0
330
1A
100
AcDbEntity
  8
B.Cu
  6
CONTINUOUS
100
AcDbLine
 10
134.4754999999999825
 20
-140.6062869999999805
 30
0
 11
134.4754999999999825
 21
-140.3937129999999911
 31
0
  0
LINE
  5
7B1
330
1A
100
AcDbEntity
  8
B.Cu
  6
CONTINUOUS
100
AcDbLine
 10
134.4754999999999825
 20
-140.3937129999999911
 30
0
 11
134.475498999999985
 21
-140.3937099999999987
 31
0
  0
LINE
  5
7B2
330
1A
100
AcDbEntity
  8
B.Cu
  6
CONTINUOUS
100
AcDbLine
 10
134.475498999999985
 20
-140.3937099999999987
 30
0
 11
134.475498999999985
 21
-140.3937029999999879
 31
0
  0
LINE
  5
7B3
330
1A
100
AcDbEntity
  8
B.Cu
  6
CONTINUOUS
100
AcDbLine
 10
134.475498999999985
 20
-140.3937029999999879
 30
0
 11
134.442245999999983
 21
-140.1837589999999807
 31
0
  0
LINE
  5
7B4
330
1A
100
AcDbEntity
  8
B.Cu
  6
CONTINUOUS
100
AcDbLine
 10
134.442245999999983
 20
-140.1837589999999807
 30
0
 11
134.442245999999983
 21
-140.1837569999999857
 31
0
  0
LINE
  5
7B5
330
1A
100
AcDbEntity
  8
B.Cu
  6
CONTINUOUS
100
AcDbLine
 10
134.442245999999983
 20
-140.1837569999999857
 30
0
 11
134.3765569999999911
 21
-139.9815879999999879
 31
0
  0
LINE
  5
7B6
330
1A
100
AcDbEntity
  8
B.Cu
  6
CONTINUOUS
100
AcDbLine
 10
134.3765569999999911
 20
-139.9815879999999879
 30
0
 11
134.2800509999999861
 21
-139.7921839999999918
 31
0
  0
LINE
  5
7B7
330
1A
100
AcDbEntity
  8
B.Cu
  6
CONTINUOUS
100
AcDbLine
 10
134.2800509999999861
 20
-139.7921839999999918
 30
0
 11
134.1551039999999944
 21
-139.620207999999991
 31
0
  0
LINE
  5
7B8
330
1A
100
AcDbEntity
  8
B.Cu
  6
CONTINUOUS
100
AcDbLine
 10
134.1551039999999944
 20
-139.620207999999991
 30
0
 11
134.0047919999999806
 21
-139.4698960000000056
 31
0
  0
LINE
  5
7B9
330
1A
100
AcDbEntity
  8
B.Cu
  6
CONTINUOUS
100
AcDbLine
 10
134.0047919999999806
 20
-139.4698960000000056
 30
0
 11
133.9793959999999799
 21
-139.4514450000000068
 31
0
  0
LINE
  5
7BA
330
1A
100
AcDbEntity
  8
B.Cu
  6
CONTINUOUS
100
AcDbLine
 10
133.9793959999999799
 20
-139.4514450000000068
 30
0
 11
133.9134489999999857
 21
-139.3801059999999836
 31
0
  0
LINE
  5
7BB
330
1A
100
AcDbEntity
  8
B.Cu
  6
CONTINUOUS
100
AcDbLine
 10
133.9134489999999857
 20
-139.3801059999999836
 30
0
 11
133.8798199999999952
 21
-139.2889559999999847
 31
0
  0
LINE
  5
7BC
330
1A
100
AcDbEntity
  8
B.Cu
  6
CONTINUOUS
100
AcDbLine
 10
133.8798199999999952
 20
-139.2889559999999847
 30
0
 11
133.8836330000000032
 21
-139.1918760000000077
 31
0
  0
LINE
  5
7BD
330
1A
100
AcDbEntity
  8
B.Cu
  6
CONTINUOUS
100
AcDbLine
 10
133.8836330000000032
 20
-139.1918760000000077
 30
0
 11
133.9243060000000014
 21
-139.1036450000000002
 31
0
  0
LINE
  5
7BE
330
1A
100
AcDbEntity
  8
B.Cu
  6
CONTINUOUS
100
AcDbLine
 10
133.9243060000000014
 20
-139.1036450000000002
 30
0
 11
133.9793949999999825
 21
-139.0485549999999932
 31
0
  0
LINE
  5
7BF
330
1A
100
AcDbEntity
  8
B.Cu
  6
CONTINUOUS
100
AcDbLine
 10
133.9793949999999825
 20
-139.0485549999999932
 30
0
 11
134.0047919999999806
 21
-139.0301039999999944
 31
0
  0
LINE
  5
7C0
330
1A
100
AcDbEntity
  8
B.Cu
  6
CONTINUOUS
100
AcDbLine
 10
134.0047919999999806
 20
-139.0301039999999944
 30
0
 11
134.1551039999999944
 21
-138.8797919999999806
 31
0
  0
LINE
  5
7C1
330
1A
100
AcDbEntity
  8
B.Cu
  6
CONTINUOUS
100
AcDbLine
 10
134.1551039999999944
 20
-138.8797919999999806
 30
0
 11
134.2800509999999861
 21
-138.7078159999999798
 31
0
  0
LINE
  5
7C2
330
1A
100
AcDbEntity
  8
B.Cu
  6
CONTINUOUS
100
AcDbLine
 10
134.2800509999999861
 20
-138.7078159999999798
 30
0
 11
134.3765569999999911
 21
-138.5184119999999837
 31
0
  0
LINE
  5
7C3
330
1A
100
AcDbEntity
  8
B.Cu
  6
CONTINUOUS
100
AcDbLine
 10
134.3765569999999911
 20
-138.5184119999999837
 30
0
 11
134.442245999999983
 21
-138.3162429999999858
 31
0
  0
LINE
  5
7C4
330
1A
100
AcDbEntity
  8
B.Cu
  6
CONTINUOUS
100
AcDbLine
 10
134.442245999999983
 20
-138.3162429999999858
 30
0
 11
134.4717109999999991
 21
-138.1302120000000002
 31
0
  0
LINE
  5
7C5
330
1A
100
AcDbEntity
  8
B.Cu
  6
CONTINUOUS
100
AcDbLine
 10
134.4717109999999991
 20
-138.1302120000000002
 30
0
 11
134.475498999999985
 21
-138.1062959999999862
 31
0
  0
LINE
  5
7C6
330
1A
100
AcDbEntity
  8
B.Cu
  6
CONTINUOUS
100
AcDbLine
 10
134.475498999999985
 20
-138.1062959999999862
 30
0
 11
134.4754999999999825
 21
-138.1062839999999881
 31
0
  0
LINE
  5
7C7
330
1A
100
AcDbEntity
  8
B.Cu
  6
CONTINUOUS
100
AcDbLine
 10
134.4754999999999825
 20
-138.1062839999999881
 30
0
 11
134.4754999999999825
 21
-137.893714999999986
 31
0
  0
LINE
  5
7C8
330
1A
100
AcDbEntity
  8
B.Cu
  6
CONTINUOUS
100
AcDbLine
 10
134.4754999999999825
 20
-137.893714999999986
 30
0
 11
134.475498999999985
 21
-137.8937029999999879
 31
0
  0
LINE
  5
7C9
330
1A
100
AcDbEntity
  8
B.Cu
  6
CONTINUOUS
100
AcDbLine
 10
134.475498999999985
 20
-137.8937029999999879
 30
0
 11
134.442245999999983
 21
-137.6837589999999807
 31
0
  0
LINE
  5
7CA
330
1A
100
AcDbEntity
  8
B.Cu
  6
CONTINUOUS
100
AcDbLine
 10
134.442245999999983
 20
-137.6837589999999807
 30
0
 11
134.442245999999983
 21
-137.6837569999999857
 31
0
  0
LINE
  5
7CB
330
1A
100
AcDbEntity
  8
B.Cu
  6
CONTINUOUS
100
AcDbLine
 10
134.442245999999983
 20
-137.6837569999999857
 30
0
 11
134.3765569999999911
 21
-137.4815879999999879
 31
0
  0
LINE
  5
7CC
330
1A
100
AcDbEntity
  8
B.Cu
  6
CONTINUOUS
100
AcDbLine
 10
134.3765569999999911
 20
-137.4815879999999879
 30
0
 11
134.3317769999999882
 21
-137.3937029999999879
 31
0
  0
LINE
  5
7CD
330
1A
100
AcDbEntity
  8
B.Cu
  6
CONTINUOUS
100
AcDbLine
 10
134.3317769999999882
 20
-137.3937029999999879
 30
0
 11
134.2800509999999861
 21
-137.2921839999999918
 31
0
  0
LINE
  5
7CE
330
1A
100
AcDbEntity
  8
B.Cu
  6
CONTINUOUS
100
AcDbLine
 10
134.2800509999999861
 20
-137.2921839999999918
 30
0
 11
134.1551039999999944
 21
-137.120207999999991
 31
0
  0
LINE
  5
7CF
330
1A
100
AcDbEntity
  8
B.Cu
  6
CONTINUOUS
100
AcDbLine
 10
134.1551039999999944
 20
-137.120207999999991
 30
0
 11
134.0047919999999806
 21
-136.9698960000000056
 31
0
  0
LINE
  5
7D0
330
1A
100
AcDbEntity
  8
B.Cu
  6
CONTINUOUS
100
AcDbLine
 10
134.0047919999999806
 20
-136.9698960000000056
 30
0
 11
133.8328159999999798
 21
-136.8449489999999855
 31
0
  0
LINE
  5
7D1
330
1A
100
AcDbEntity
  8
B.Cu
  6
CONTINUOUS
100
AcDbLine
 10
133.8328159999999798
 20
-136.8449489999999855
 30
0
 11
133.6434119999999837
 21
-136.7484429999999804
 31
0
  0
LINE
  5
7D2
330
1A
100
AcDbEntity
  8
B.Cu
  6
CONTINUOUS
100
AcDbLine
 10
133.6434119999999837
 20
-136.7484429999999804
 30
0
 11
133.6434089999999912
 21
-136.748441999999983
 31
0
  0
LINE
  5
7D3
330
1A
100
AcDbEntity
  8
B.Cu
  6
CONTINUOUS
100
AcDbLine
 10
133.6434089999999912
 20
-136.748441999999983
 30
0
 11
133.6434069999999963
 21
-136.7484409999999855
 31
0
  0
LINE
  5
7D4
330
1A
100
AcDbEntity
  8
B.Cu
  6
CONTINUOUS
100
AcDbLine
 10
133.6434069999999963
 20
-136.7484409999999855
 30
0
 11
133.4412399999999934
 21
-136.6827529999999911
 31
0
  0
LINE
  5
7D5
330
1A
100
AcDbEntity
  8
B.Cu
  6
CONTINUOUS
100
AcDbLine
 10
133.4412399999999934
 20
-136.6827529999999911
 30
0
 11
133.2312959999999862
 21
-136.6494999999999891
 31
0
  0
LINE
  5
7D6
330
1A
100
AcDbEntity
  8
B.Cu
  6
CONTINUOUS
100
AcDbLine
 10
133.2312959999999862
 20
-136.6494999999999891
 30
0
 11
133.2312869999999805
 21
-136.6494999999999891
 31
0
  0
LINE
  5
7D7
330
1A
100
AcDbEntity
  8
B.Cu
  6
CONTINUOUS
100
AcDbLine
 10
133.2312869999999805
 20
-136.6494999999999891
 30
0
 11
132.7687129999999911
 21
-136.6494999999999891
 31
0
  0
LINE
  5
7D8
330
1A
100
AcDbEntity
  8
B.Cu
  6
CONTINUOUS
100
AcDbLine
 10
132.7687129999999911
 20
-136.6494999999999891
 30
0
 11
132.7687029999999879
 21
-136.6494999999999891
 31
0
  0
LINE
  5
7D9
330
1A
100
AcDbEntity
  8
B.Cu
  6
CONTINUOUS
100
AcDbLine
 10
132.7687029999999879
 20
-136.6494999999999891
 30
0
 11
132.5587589999999807
 21
-136.6827529999999911
 31
0
  0
LINE
  5
7DA
330
1A
100
AcDbEntity
  8
B.Cu
  6
CONTINUOUS
100
AcDbLine
 10
132.5587589999999807
 20
-136.6827529999999911
 30
0
 11
132.3565920000000062
 21
-136.7484409999999855
 31
0
  0
LINE
  5
7DB
330
1A
100
AcDbEntity
  8
B.Cu
  6
CONTINUOUS
100
AcDbLine
 10
132.3565920000000062
 20
-136.7484409999999855
 30
0
 11
132.1671819999999968
 21
-136.844949999999983
 31
0
  0
LINE
  5
7DC
330
1A
100
AcDbEntity
  8
B.Cu
  6
CONTINUOUS
100
AcDbLine
 10
132.1671819999999968
 20
-136.844949999999983
 30
0
 11
131.995205999999996
 21
-136.9698970000000031
 31
0
  0
LINE
  5
7DD
330
1A
100
AcDbEntity
  8
B.Cu
  6
CONTINUOUS
100
AcDbLine
 10
131.995205999999996
 20
-136.9698970000000031
 30
0
 11
131.8448970000000031
 21
-137.120205999999996
 31
0
  0
LINE
  5
7DE
330
1A
100
AcDbEntity
  8
B.Cu
  6
CONTINUOUS
100
AcDbLine
 10
131.8448970000000031
 20
-137.120205999999996
 30
0
 11
131.719949999999983
 21
-137.2921819999999968
 31
0
  0
LINE
  5
7DF
330
1A
100
AcDbEntity
  8
B.Cu
  6
CONTINUOUS
100
AcDbLine
 10
131.719949999999983
 20
-137.2921819999999968
 30
0
 11
131.6234409999999855
 21
-137.4815920000000062
 31
0
  0
LINE
  5
7E0
330
1A
100
AcDbEntity
  8
B.Cu
  6
CONTINUOUS
100
AcDbLine
 10
131.6234409999999855
 20
-137.4815920000000062
 30
0
 11
131.5577529999999911
 21
-137.6837589999999807
 31
0
  0
LINE
  5
7E1
330
1A
100
AcDbEntity
  8
B.Cu
  6
CONTINUOUS
100
AcDbLine
 10
131.5577529999999911
 20
-137.6837589999999807
 30
0
 11
131.5244999999999891
 21
-137.8937029999999879
 31
0
  0
LINE
  5
7E2
330
1A
100
AcDbEntity
  8
B.Cu
  6
CONTINUOUS
100
AcDbLine
 10
131.5244999999999891
 20
-137.8937029999999879
 30
0
 11
131.5244999999999891
 21
-138.1062959999999862
 31
0
  0
LINE
  5
7E3
330
1A
100
AcDbEntity
  8
B.Cu
  6
CONTINUOUS
100
AcDbLine
 10
143.1494999999999891
 20
-137.6062959999999862
 30
0
 11
143.1827529999999911
 21
-137.8162399999999934
 31
0
  0
LINE
  5
7E4
330
1A
100
AcDbEntity
  8
B.Cu
  6
CONTINUOUS
100
AcDbLine
 10
143.1827529999999911
 20
-137.8162399999999934
 30
0
 11
143.240903000000003
 21
-137.995207999999991
 31
0
  0
LINE
  5
7E5
330
1A
100
AcDbEntity
  8
B.Cu
  6
CONTINUOUS
100
AcDbLine
 10
143.240903000000003
 20
-137.995207999999991
 30
0
 11
143.2484429999999804
 21
-138.0184119999999837
 31
0
  0
LINE
  5
7E6
330
1A
100
AcDbEntity
  8
B.Cu
  6
CONTINUOUS
100
AcDbLine
 10
143.2484429999999804
 20
-138.0184119999999837
 30
0
 11
143.3449489999999855
 21
-138.2078159999999798
 31
0
  0
LINE
  5
7E7
330
1A
100
AcDbEntity
  8
B.Cu
  6
CONTINUOUS
100
AcDbLine
 10
143.3449489999999855
 20
-138.2078159999999798
 30
0
 11
143.4530409999999847
 21
-138.3565920000000062
 31
0
  0
LINE
  5
7E8
330
1A
100
AcDbEntity
  8
B.Cu
  6
CONTINUOUS
100
AcDbLine
 10
143.4530409999999847
 20
-138.3565920000000062
 30
0
 11
143.4698970000000031
 21
-138.3797930000000065
 31
0
  0
LINE
  5
7E9
330
1A
100
AcDbEntity
  8
B.Cu
  6
CONTINUOUS
100
AcDbLine
 10
143.4698970000000031
 20
-138.3797930000000065
 30
0
 11
143.6202069999999935
 21
-138.5301029999999969
 31
0
  0
LINE
  5
7EA
330
1A
100
AcDbEntity
  8
B.Cu
  6
CONTINUOUS
100
AcDbLine
 10
143.6202069999999935
 20
-138.5301029999999969
 30
0
 11
143.6731309999999837
 21
-138.5685550000000035
 31
0
  0
LINE
  5
7EB
330
1A
100
AcDbEntity
  8
B.Cu
  6
CONTINUOUS
100
AcDbLine
 10
143.6731309999999837
 20
-138.5685550000000035
 30
0
 11
143.7390800000000013
 21
-138.6398989999999856
 31
0
  0
LINE
  5
7EC
330
1A
100
AcDbEntity
  8
B.Cu
  6
CONTINUOUS
100
AcDbLine
 10
143.7390800000000013
 20
-138.6398989999999856
 30
0
 11
143.7727069999999969
 21
-138.7310489999999845
 31
0
  0
LINE
  5
7ED
330
1A
100
AcDbEntity
  8
B.Cu
  6
CONTINUOUS
100
AcDbLine
 10
143.7727069999999969
 20
-138.7310489999999845
 30
0
 11
143.7688919999999939
 21
-138.8281289999999899
 31
0
  0
LINE
  5
7EE
330
1A
100
AcDbEntity
  8
B.Cu
  6
CONTINUOUS
100
AcDbLine
 10
143.7688919999999939
 20
-138.8281289999999899
 30
0
 11
143.7282170000000008
 21
-138.9163589999999999
 31
0
  0
LINE
  5
7EF
330
1A
100
AcDbEntity
  8
B.Cu
  6
CONTINUOUS
100
AcDbLine
 10
143.7282170000000008
 20
-138.9163589999999999
 30
0
 11
143.6731309999999837
 21
-138.9714449999999886
 31
0
  0
LINE
  5
7F0
330
1A
100
AcDbEntity
  8
B.Cu
  6
CONTINUOUS
100
AcDbLine
 10
143.6731309999999837
 20
-138.9714449999999886
 30
0
 11
143.6202069999999935
 21
-139.0098959999999977
 31
0
  0
LINE
  5
7F1
330
1A
100
AcDbEntity
  8
B.Cu
  6
CONTINUOUS
100
AcDbLine
 10
143.6202069999999935
 20
-139.0098959999999977
 30
0
 11
143.4698970000000031
 21
-139.1602059999999881
 31
0
  0
LINE
  5
7F2
330
1A
100
AcDbEntity
  8
B.Cu
  6
CONTINUOUS
100
AcDbLine
 10
143.4698970000000031
 20
-139.1602059999999881
 30
0
 11
143.344949999999983
 21
-139.3321819999999889
 31
0
  0
LINE
  5
7F3
330
1A
100
AcDbEntity
  8
B.Cu
  6
CONTINUOUS
100
AcDbLine
 10
143.344949999999983
 20
-139.3321819999999889
 30
0
 11
143.2484409999999855
 21
-139.5215919999999983
 31
0
  0
LINE
  5
7F4
330
1A
100
AcDbEntity
  8
B.Cu
  6
CONTINUOUS
100
AcDbLine
 10
143.2484409999999855
 20
-139.5215919999999983
 30
0
 11
143.1827529999999911
 21
-139.7237590000000012
 31
0
  0
LINE
  5
7F5
330
1A
100
AcDbEntity
  8
B.Cu
  6
CONTINUOUS
100
AcDbLine
 10
143.1827529999999911
 20
-139.7237590000000012
 30
0
 11
143.1494999999999891
 21
-139.93370299999998
 31
0
  0
LINE
  5
7F6
330
1A
100
AcDbEntity
  8
B.Cu
  6
CONTINUOUS
100
AcDbLine
 10
143.1494999999999891
 20
-139.93370299999998
 30
0
 11
143.1494999999999891
 21
-140.1462960000000066
 31
0
  0
LINE
  5
7F7
330
1A
100
AcDbEntity
  8
B.Cu
  6
CONTINUOUS
100
AcDbLine
 10
143.1494999999999891
 20
-140.1462960000000066
 30
0
 11
143.1827529999999911
 21
-140.3562399999999855
 31
0
  0
LINE
  5
7F8
330
1A
100
AcDbEntity
  8
B.Cu
  6
CONTINUOUS
100
AcDbLine
 10
143.1827529999999911
 20
-140.3562399999999855
 30
0
 11
143.1949249999999836
 21
-140.3937029999999879
 31
0
  0
LINE
  5
7F9
330
1A
100
AcDbEntity
  8
B.Cu
  6
CONTINUOUS
100
AcDbLine
 10
143.1949249999999836
 20
-140.3937029999999879
 30
0
 11
143.2484429999999804
 21
-140.5584120000000041
 31
0
  0
LINE
  5
7FA
330
1A
100
AcDbEntity
  8
B.Cu
  6
CONTINUOUS
100
AcDbLine
 10
143.2484429999999804
 20
-140.5584120000000041
 30
0
 11
143.3449489999999855
 21
-140.7478160000000003
 31
0
  0
LINE
  5
7FB
330
1A
100
AcDbEntity
  8
B.Cu
  6
CONTINUOUS
100
AcDbLine
 10
143.3449489999999855
 20
-140.7478160000000003
 30
0
 11
143.4698960000000056
 21
-140.9197920000000011
 31
0
  0
LINE
  5
7FC
330
1A
100
AcDbEntity
  8
B.Cu
  6
CONTINUOUS
100
AcDbLine
 10
143.4698960000000056
 20
-140.9197920000000011
 30
0
 11
143.620207999999991
 21
-141.0701039999999864
 31
0
  0
LINE
  5
7FD
330
1A
100
AcDbEntity
  8
B.Cu
  6
CONTINUOUS
100
AcDbLine
 10
143.620207999999991
 20
-141.0701039999999864
 30
0
 11
143.7921839999999918
 21
-141.1950510000000065
 31
0
  0
LINE
  5
7FE
330
1A
100
AcDbEntity
  8
B.Cu
  6
CONTINUOUS
100
AcDbLine
 10
143.7921839999999918
 20
-141.1950510000000065
 30
0
 11
143.9815879999999879
 21
-141.2915569999999832
 31
0
  0
LINE
  5
7FF
330
1A
100
AcDbEntity
  8
B.Cu
  6
CONTINUOUS
100
AcDbLine
 10
143.9815879999999879
 20
-141.2915569999999832
 30
0
 11
144.1837569999999857
 21
-141.3572460000000035
 31
0
  0
LINE
  5
800
330
1A
100
AcDbEntity
  8
B.Cu
  6
CONTINUOUS
100
AcDbLine
 10
144.1837569999999857
 20
-141.3572460000000035
 30
0
 11
144.2870089999999834
 21
-141.3735989999999845
 31
0
  0
LINE
  5
801
330
1A
100
AcDbEntity
  8
B.Cu
  6
CONTINUOUS
100
AcDbLine
 10
144.2870089999999834
 20
-141.3735989999999845
 30
0
 11
144.3781529999999975
 21
-141.4072229999999877
 31
0
  0
LINE
  5
802
330
1A
100
AcDbEntity
  8
B.Cu
  6
CONTINUOUS
100
AcDbLine
 10
144.3781529999999975
 20
-141.4072229999999877
 30
0
 11
144.4241229999999803
 21
-141.4434619999999825
 31
0
  0
LINE
  5
803
330
1A
100
AcDbEntity
  8
B.Cu
  6
CONTINUOUS
100
AcDbLine
 10
144.4241229999999803
 20
-141.4434619999999825
 30
0
 11
144.5
 21
-141.5193390000000022
 31
0
  0
LINE
  5
804
330
1A
100
AcDbEntity
  8
B.Cu
  6
CONTINUOUS
100
AcDbLine
 10
144.5
 20
-141.5193390000000022
 30
0
 11
144.5758730000000014
 21
-141.4434650000000033
 31
0
  0
LINE
  5
805
330
1A
100
AcDbEntity
  8
B.Cu
  6
CONTINUOUS
100
AcDbLine
 10
144.5758730000000014
 20
-141.4434650000000033
 30
0
 11
144.6566540000000032
 21
-141.3894880000000001
 31
0
  0
LINE
  5
806
330
1A
100
AcDbEntity
  8
B.Cu
  6
CONTINUOUS
100
AcDbLine
 10
144.6566540000000032
 20
-141.3894880000000001
 30
0
 11
144.7129840000000058
 21
-141.3735999999999819
 31
0
  0
LINE
  5
807
330
1A
100
AcDbEntity
  8
B.Cu
  6
CONTINUOUS
100
AcDbLine
 10
144.7129840000000058
 20
-141.3735999999999819
 30
0
 11
144.8162429999999858
 21
-141.3572460000000035
 31
0
  0
LINE
  5
808
330
1A
100
AcDbEntity
  8
B.Cu
  6
CONTINUOUS
100
AcDbLine
 10
144.8162429999999858
 20
-141.3572460000000035
 30
0
 11
145.0184119999999837
 21
-141.2915569999999832
 31
0
  0
LINE
  5
809
330
1A
100
AcDbEntity
  8
B.Cu
  6
CONTINUOUS
100
AcDbLine
 10
145.0184119999999837
 20
-141.2915569999999832
 30
0
 11
145.2078159999999798
 21
-141.1950510000000065
 31
0
  0
LINE
  5
80A
330
1A
100
AcDbEntity
  8
B.Cu
  6
CONTINUOUS
100
AcDbLine
 10
145.2078159999999798
 20
-141.1950510000000065
 30
0
 11
145.3797919999999806
 21
-141.0701039999999864
 31
0
  0
LINE
  5
80B
330
1A
100
AcDbEntity
  8
B.Cu
  6
CONTINUOUS
100
AcDbLine
 10
145.3797919999999806
 20
-141.0701039999999864
 30
0
 11
145.5301039999999944
 21
-140.9197920000000011
 31
0
  0
LINE
  5
80C
330
1A
100
AcDbEntity
  8
B.Cu
  6
CONTINUOUS
100
AcDbLine
 10
145.5301039999999944
 20
-140.9197920000000011
 30
0
 11
145.6550509999999861
 21
-140.7478160000000003
 31
0
  0
LINE
  5
80D
330
1A
100
AcDbEntity
  8
B.Cu
  6
CONTINUOUS
100
AcDbLine
 10
145.6550509999999861
 20
-140.7478160000000003
 30
0
 11
145.7515569999999911
 21
-140.5584120000000041
 31
0
  0
LINE
  5
80E
330
1A
100
AcDbEntity
  8
B.Cu
  6
CONTINUOUS
100
AcDbLine
 10
145.7515569999999911
 20
-140.5584120000000041
 30
0
 11
145.817245999999983
 21
-140.3562430000000063
 31
0
  0
LINE
  5
80F
330
1A
100
AcDbEntity
  8
B.Cu
  6
CONTINUOUS
100
AcDbLine
 10
145.817245999999983
 20
-140.3562430000000063
 30
0
 11
145.8347890000000007
 21
-140.2454759999999965
 31
0
  0
LINE
  5
810
330
1A
100
AcDbEntity
  8
B.Cu
  6
CONTINUOUS
100
AcDbLine
 10
145.8347890000000007
 20
-140.2454759999999965
 30
0
 11
145.850498999999985
 21
-140.1462960000000066
 31
0
  0
LINE
  5
811
330
1A
100
AcDbEntity
  8
B.Cu
  6
CONTINUOUS
100
AcDbLine
 10
145.850498999999985
 20
-140.1462960000000066
 30
0
 11
145.8504999999999825
 21
-140.1462839999999801
 31
0
  0
LINE
  5
812
330
1A
100
AcDbEntity
  8
B.Cu
  6
CONTINUOUS
100
AcDbLine
 10
145.8504999999999825
 20
-140.1462839999999801
 30
0
 11
145.8504999999999825
 21
-139.9337150000000065
 31
0
  0
LINE
  5
813
330
1A
100
AcDbEntity
  8
B.Cu
  6
CONTINUOUS
100
AcDbLine
 10
145.8504999999999825
 20
-139.9337150000000065
 30
0
 11
145.8504979999999875
 21
-139.933700999999985
 31
0
  0
LINE
  5
814
330
1A
100
AcDbEntity
  8
B.Cu
  6
CONTINUOUS
100
AcDbLine
 10
145.8504979999999875
 20
-139.933700999999985
 30
0
 11
145.8429559999999867
 21
-139.8860770000000002
 31
0
  0
LINE
  5
815
330
1A
100
AcDbEntity
  8
B.Cu
  6
CONTINUOUS
100
AcDbLine
 10
145.8429559999999867
 20
-139.8860770000000002
 30
0
 11
145.8383359999999982
 21
-139.8569119999999941
 31
0
  0
LINE
  5
816
330
1A
100
AcDbEntity
  8
B.Cu
  6
CONTINUOUS
100
AcDbLine
 10
145.8383359999999982
 20
-139.8569119999999941
 30
0
 11
145.817245999999983
 21
-139.7237590000000012
 31
0
  0
LINE
  5
817
330
1A
100
AcDbEntity
  8
B.Cu
  6
CONTINUOUS
100
AcDbLine
 10
145.817245999999983
 20
-139.7237590000000012
 30
0
 11
145.817245999999983
 21
-139.7237570000000062
 31
0
  0
LINE
  5
818
330
1A
100
AcDbEntity
  8
B.Cu
  6
CONTINUOUS
100
AcDbLine
 10
145.817245999999983
 20
-139.7237570000000062
 30
0
 11
145.7515569999999911
 21
-139.52158799999998
 31
0
  0
LINE
  5
819
330
1A
100
AcDbEntity
  8
B.Cu
  6
CONTINUOUS
100
AcDbLine
 10
145.7515569999999911
 20
-139.52158799999998
 30
0
 11
145.6550509999999861
 21
-139.3321839999999838
 31
0
  0
LINE
  5
81A
330
1A
100
AcDbEntity
  8
B.Cu
  6
CONTINUOUS
100
AcDbLine
 10
145.6550509999999861
 20
-139.3321839999999838
 30
0
 11
145.5301039999999944
 21
-139.160207999999983
 31
0
  0
LINE
  5
81B
330
1A
100
AcDbEntity
  8
B.Cu
  6
CONTINUOUS
100
AcDbLine
 10
145.5301039999999944
 20
-139.160207999999983
 30
0
 11
145.3797919999999806
 21
-139.0098959999999977
 31
0
  0
LINE
  5
81C
330
1A
100
AcDbEntity
  8
B.Cu
  6
CONTINUOUS
100
AcDbLine
 10
145.3797919999999806
 20
-139.0098959999999977
 30
0
 11
145.3268669999999929
 21
-138.9714439999999911
 31
0
  0
LINE
  5
81D
330
1A
100
AcDbEntity
  8
B.Cu
  6
CONTINUOUS
100
AcDbLine
 10
145.3268669999999929
 20
-138.9714439999999911
 30
0
 11
145.2609199999999987
 21
-138.9001030000000014
 31
0
  0
LINE
  5
81E
330
1A
100
AcDbEntity
  8
B.Cu
  6
CONTINUOUS
100
AcDbLine
 10
145.2609199999999987
 20
-138.9001030000000014
 30
0
 11
145.2272930000000031
 21
-138.8089530000000025
 31
0
  0
LINE
  5
81F
330
1A
100
AcDbEntity
  8
B.Cu
  6
CONTINUOUS
100
AcDbLine
 10
145.2272930000000031
 20
-138.8089530000000025
 30
0
 11
145.2311069999999802
 21
-138.7118729999999971
 31
0
  0
LINE
  5
820
330
1A
100
AcDbEntity
  8
B.Cu
  6
CONTINUOUS
100
AcDbLine
 10
145.2311069999999802
 20
-138.7118729999999971
 30
0
 11
145.2717810000000043
 21
-138.6236419999999896
 31
0
  0
LINE
  5
821
330
1A
100
AcDbEntity
  8
B.Cu
  6
CONTINUOUS
100
AcDbLine
 10
145.2717810000000043
 20
-138.6236419999999896
 30
0
 11
145.3268669999999929
 21
-138.5685550000000035
 31
0
  0
LINE
  5
822
330
1A
100
AcDbEntity
  8
B.Cu
  6
CONTINUOUS
100
AcDbLine
 10
145.3268669999999929
 20
-138.5685550000000035
 30
0
 11
145.3797919999999806
 21
-138.5301039999999944
 31
0
  0
LINE
  5
823
330
1A
100
AcDbEntity
  8
B.Cu
  6
CONTINUOUS
100
AcDbLine
 10
145.3797919999999806
 20
-138.5301039999999944
 30
0
 11
145.5301039999999944
 21
-138.3797919999999806
 31
0
  0
LINE
  5
824
330
1A
100
AcDbEntity
  8
B.Cu
  6
CONTINUOUS
100
AcDbLine
 10
145.5301039999999944
 20
-138.3797919999999806
 30
0
 11
145.6550509999999861
 21
-138.2078159999999798
 31
0
  0
LINE
  5
825
330
1A
100
AcDbEntity
  8
B.Cu
  6
CONTINUOUS
100
AcDbLine
 10
145.6550509999999861
 20
-138.2078159999999798
 30
0
 11
145.7515569999999911
 21
-138.0184119999999837
 31
0
  0
LINE
  5
826
330
1A
100
AcDbEntity
  8
B.Cu
  6
CONTINUOUS
100
AcDbLine
 10
145.7515569999999911
 20
-138.0184119999999837
 30
0
 11
145.817245999999983
 21
-137.8162429999999858
 31
0
  0
LINE
  5
827
330
1A
100
AcDbEntity
  8
B.Cu
  6
CONTINUOUS
100
AcDbLine
 10
145.817245999999983
 20
-137.8162429999999858
 30
0
 11
145.8504999999999825
 21
-137.6062869999999805
 31
0
  0
LINE
  5
828
330
1A
100
AcDbEntity
  8
B.Cu
  6
CONTINUOUS
100
AcDbLine
 10
145.8504999999999825
 20
-137.6062869999999805
 30
0
 11
145.8504999999999825
 21
-137.3937129999999911
 31
0
  0
LINE
  5
829
330
1A
100
AcDbEntity
  8
B.Cu
  6
CONTINUOUS
100
AcDbLine
 10
145.8504999999999825
 20
-137.3937129999999911
 30
0
 11
145.850498999999985
 21
-137.3937099999999987
 31
0
  0
LINE
  5
82A
330
1A
100
AcDbEntity
  8
B.Cu
  6
CONTINUOUS
100
AcDbLine
 10
145.850498999999985
 20
-137.3937099999999987
 30
0
 11
145.850498999999985
 21
-137.3937029999999879
 31
0
  0
LINE
  5
82B
330
1A
100
AcDbEntity
  8
B.Cu
  6
CONTINUOUS
100
AcDbLine
 10
145.850498999999985
 20
-137.3937029999999879
 30
0
 11
145.817245999999983
 21
-137.1837589999999807
 31
0
  0
LINE
  5
82C
330
1A
100
AcDbEntity
  8
B.Cu
  6
CONTINUOUS
100
AcDbLine
 10
145.817245999999983
 20
-137.1837589999999807
 30
0
 11
145.817245999999983
 21
-137.1837569999999857
 31
0
  0
LINE
  5
82D
330
1A
100
AcDbEntity
  8
B.Cu
  6
CONTINUOUS
100
AcDbLine
 10
145.817245999999983
 20
-137.1837569999999857
 30
0
 11
145.7515569999999911
 21
-136.9815879999999879
 31
0
  0
LINE
  5
82E
330
1A
100
AcDbEntity
  8
B.Cu
  6
CONTINUOUS
100
AcDbLine
 10
145.7515569999999911
 20
-136.9815879999999879
 30
0
 11
145.6550509999999861
 21
-136.7921839999999918
 31
0
  0
LINE
  5
82F
330
1A
100
AcDbEntity
  8
B.Cu
  6
CONTINUOUS
100
AcDbLine
 10
145.6550509999999861
 20
-136.7921839999999918
 30
0
 11
145.5301039999999944
 21
-136.620207999999991
 31
0
  0
LINE
  5
830
330
1A
100
AcDbEntity
  8
B.Cu
  6
CONTINUOUS
100
AcDbLine
 10
145.5301039999999944
 20
-136.620207999999991
 30
0
 11
145.3797919999999806
 21
-136.4698960000000056
 31
0
  0
LINE
  5
831
330
1A
100
AcDbEntity
  8
B.Cu
  6
CONTINUOUS
100
AcDbLine
 10
145.3797919999999806
 20
-136.4698960000000056
 30
0
 11
145.2078159999999798
 21
-136.3449489999999855
 31
0
  0
LINE
  5
832
330
1A
100
AcDbEntity
  8
B.Cu
  6
CONTINUOUS
100
AcDbLine
 10
145.2078159999999798
 20
-136.3449489999999855
 30
0
 11
145.0184119999999837
 21
-136.2484429999999804
 31
0
  0
LINE
  5
833
330
1A
100
AcDbEntity
  8
B.Cu
  6
CONTINUOUS
100
AcDbLine
 10
145.0184119999999837
 20
-136.2484429999999804
 30
0
 11
145.0184089999999912
 21
-136.248441999999983
 31
0
  0
LINE
  5
834
330
1A
100
AcDbEntity
  8
B.Cu
  6
CONTINUOUS
100
AcDbLine
 10
145.0184089999999912
 20
-136.248441999999983
 30
0
 11
145.0184069999999963
 21
-136.2484409999999855
 31
0
  0
LINE
  5
835
330
1A
100
AcDbEntity
  8
B.Cu
  6
CONTINUOUS
100
AcDbLine
 10
145.0184069999999963
 20
-136.2484409999999855
 30
0
 11
144.8162399999999934
 21
-136.1827529999999911
 31
0
  0
LINE
  5
836
330
1A
100
AcDbEntity
  8
B.Cu
  6
CONTINUOUS
100
AcDbLine
 10
144.8162399999999934
 20
-136.1827529999999911
 30
0
 11
144.6062959999999862
 21
-136.1494999999999891
 31
0
  0
LINE
  5
837
330
1A
100
AcDbEntity
  8
B.Cu
  6
CONTINUOUS
100
AcDbLine
 10
144.6062959999999862
 20
-136.1494999999999891
 30
0
 11
144.6062869999999805
 21
-136.1494999999999891
 31
0
  0
LINE
  5
838
330
1A
100
AcDbEntity
  8
B.Cu
  6
CONTINUOUS
100
AcDbLine
 10
144.6062869999999805
 20
-136.1494999999999891
 30
0
 11
144.3937129999999911
 21
-136.1494999999999891
 31
0
  0
LINE
  5
839
330
1A
100
AcDbEntity
  8
B.Cu
  6
CONTINUOUS
100
AcDbLine
 10
144.3937129999999911
 20
-136.1494999999999891
 30
0
 11
144.3937029999999879
 21
-136.1494999999999891
 31
0
  0
LINE
  5
83A
330
1A
100
AcDbEntity
  8
B.Cu
  6
CONTINUOUS
100
AcDbLine
 10
144.3937029999999879
 20
-136.1494999999999891
 30
0
 11
144.1837589999999807
 21
-136.1827529999999911
 31
0
  0
LINE
  5
83B
330
1A
100
AcDbEntity
  8
B.Cu
  6
CONTINUOUS
100
AcDbLine
 10
144.1837589999999807
 20
-136.1827529999999911
 30
0
 11
143.9815920000000062
 21
-136.2484409999999855
 31
0
  0
LINE
  5
83C
330
1A
100
AcDbEntity
  8
B.Cu
  6
CONTINUOUS
100
AcDbLine
 10
143.9815920000000062
 20
-136.2484409999999855
 30
0
 11
143.7921819999999968
 21
-136.344949999999983
 31
0
  0
LINE
  5
83D
330
1A
100
AcDbEntity
  8
B.Cu
  6
CONTINUOUS
100
AcDbLine
 10
143.7921819999999968
 20
-136.344949999999983
 30
0
 11
143.620205999999996
 21
-136.4698970000000031
 31
0
  0
LINE
  5
83E
330
1A
100
AcDbEntity
  8
B.Cu
  6
CONTINUOUS
100
AcDbLine
 10
143.620205999999996
 20
-136.4698970000000031
 30
0
 11
143.4698970000000031
 21
-136.620205999999996
 31
0
  0
LINE
  5
83F
330
1A
100
AcDbEntity
  8
B.Cu
  6
CONTINUOUS
100
AcDbLine
 10
143.4698970000000031
 20
-136.620205999999996
 30
0
 11
143.344949999999983
 21
-136.7921819999999968
 31
0
  0
LINE
  5
840
330
1A
100
AcDbEntity
  8
B.Cu
  6
CONTINUOUS
100
AcDbLine
 10
143.344949999999983
 20
-136.7921819999999968
 30
0
 11
143.2484409999999855
 21
-136.9815920000000062
 31
0
  0
LINE
  5
841
330
1A
100
AcDbEntity
  8
B.Cu
  6
CONTINUOUS
100
AcDbLine
 10
143.2484409999999855
 20
-136.9815920000000062
 30
0
 11
143.1827529999999911
 21
-137.1837589999999807
 31
0
  0
LINE
  5
842
330
1A
100
AcDbEntity
  8
B.Cu
  6
CONTINUOUS
100
AcDbLine
 10
143.1827529999999911
 20
-137.1837589999999807
 30
0
 11
143.1494999999999891
 21
-137.3937029999999879
 31
0
  0
LINE
  5
843
330
1A
100
AcDbEntity
  8
B.Cu
  6
CONTINUOUS
100
AcDbLine
 10
143.1494999999999891
 20
-137.3937029999999879
 30
0
 11
143.1494999999999891
 21
-137.6062959999999862
 31
0
  0
LINE
  5
844
330
1A
100
AcDbEntity
  8
B.Cu
  6
CONTINUOUS
100
AcDbLine
 10
115.1494999999999891
 20
-139.2312959999999862
 30
0
 11
115.1827529999999911
 21
-139.4412399999999934
 31
0
  0
LINE
  5
845
330
1A
100
AcDbEntity
  8
B.Cu
  6
CONTINUOUS
100
AcDbLine
 10
115.1827529999999911
 20
-139.4412399999999934
 30
0
 11
115.2409029999999888
 21
-139.620207999999991
 31
0
  0
LINE
  5
846
330
1A
100
AcDbEntity
  8
B.Cu
  6
CONTINUOUS
100
AcDbLine
 10
115.2409029999999888
 20
-139.620207999999991
 30
0
 11
115.2484429999999946
 21
-139.6434119999999837
 31
0
  0
LINE
  5
847
330
1A
100
AcDbEntity
  8
B.Cu
  6
CONTINUOUS
100
AcDbLine
 10
115.2484429999999946
 20
-139.6434119999999837
 30
0
 11
115.3449489999999997
 21
-139.8328159999999798
 31
0
  0
LINE
  5
848
330
1A
100
AcDbEntity
  8
B.Cu
  6
CONTINUOUS
100
AcDbLine
 10
115.3449489999999997
 20
-139.8328159999999798
 30
0
 11
115.4698959999999914
 21
-140.0047919999999806
 31
0
  0
LINE
  5
849
330
1A
100
AcDbEntity
  8
B.Cu
  6
CONTINUOUS
100
AcDbLine
 10
115.4698959999999914
 20
-140.0047919999999806
 30
0
 11
115.620207999999991
 21
-140.1551039999999944
 31
0
  0
LINE
  5
84A
330
1A
100
AcDbEntity
  8
B.Cu
  6
CONTINUOUS
100
AcDbLine
 10
115.620207999999991
 20
-140.1551039999999944
 30
0
 11
115.7921839999999918
 21
-140.2800509999999861
 31
0
  0
LINE
  5
84B
330
1A
100
AcDbEntity
  8
B.Cu
  6
CONTINUOUS
100
AcDbLine
 10
115.7921839999999918
 20
-140.2800509999999861
 30
0
 11
115.9815879999999879
 21
-140.3765569999999911
 31
0
  0
LINE
  5
84C
330
1A
100
AcDbEntity
  8
B.Cu
  6
CONTINUOUS
100
AcDbLine
 10
115.9815879999999879
 20
-140.3765569999999911
 30
0
 11
116.1837569999999999
 21
-140.442245999999983
 31
0
  0
LINE
  5
84D
330
1A
100
AcDbEntity
  8
B.Cu
  6
CONTINUOUS
100
AcDbLine
 10
116.1837569999999999
 20
-140.442245999999983
 30
0
 11
116.257600999999994
 21
-140.4539409999999862
 31
0
  0
LINE
  5
84E
330
1A
100
AcDbEntity
  8
B.Cu
  6
CONTINUOUS
100
AcDbLine
 10
116.257600999999994
 20
-140.4539409999999862
 30
0
 11
116.3937029999999879
 21
-140.475498999999985
 31
0
  0
LINE
  5
84F
330
1A
100
AcDbEntity
  8
B.Cu
  6
CONTINUOUS
100
AcDbLine
 10
116.3937029999999879
 20
-140.475498999999985
 30
0
 11
116.3937099999999987
 21
-140.475498999999985
 31
0
  0
LINE
  5
850
330
1A
100
AcDbEntity
  8
B.Cu
  6
CONTINUOUS
100
AcDbLine
 10
116.3937099999999987
 20
-140.475498999999985
 30
0
 11
116.3937129999999911
 21
-140.4754999999999825
 31
0
  0
LINE
  5
851
330
1A
100
AcDbEntity
  8
B.Cu
  6
CONTINUOUS
100
AcDbLine
 10
116.3937129999999911
 20
-140.4754999999999825
 30
0
 11
116.3937159999999977
 21
-140.4754999999999825
 31
0
  0
LINE
  5
852
330
1A
100
AcDbEntity
  8
B.Cu
  6
CONTINUOUS
100
AcDbLine
 10
116.3937159999999977
 20
-140.4754999999999825
 30
0
 11
116.6062839999999881
 21
-140.4754999999999825
 31
0
  0
LINE
  5
853
330
1A
100
AcDbEntity
  8
B.Cu
  6
CONTINUOUS
100
AcDbLine
 10
116.6062839999999881
 20
-140.4754999999999825
 30
0
 11
116.6062869999999947
 21
-140.4754999999999825
 31
0
  0
LINE
  5
854
330
1A
100
AcDbEntity
  8
B.Cu
  6
CONTINUOUS
100
AcDbLine
 10
116.6062869999999947
 20
-140.4754999999999825
 30
0
 11
116.6062900000000013
 21
-140.475498999999985
 31
0
  0
LINE
  5
855
330
1A
100
AcDbEntity
  8
B.Cu
  6
CONTINUOUS
100
AcDbLine
 10
116.6062900000000013
 20
-140.475498999999985
 30
0
 11
116.6062960000000004
 21
-140.475498999999985
 31
0
  0
LINE
  5
856
330
1A
100
AcDbEntity
  8
B.Cu
  6
CONTINUOUS
100
AcDbLine
 10
116.6062960000000004
 20
-140.475498999999985
 30
0
 11
116.7054759999999902
 21
-140.4597890000000007
 31
0
  0
LINE
  5
857
330
1A
100
AcDbEntity
  8
B.Cu
  6
CONTINUOUS
100
AcDbLine
 10
116.7054759999999902
 20
-140.4597890000000007
 30
0
 11
116.8162430000000001
 21
-140.442245999999983
 31
0
  0
LINE
  5
858
330
1A
100
AcDbEntity
  8
B.Cu
  6
CONTINUOUS
100
AcDbLine
 10
116.8162430000000001
 20
-140.442245999999983
 30
0
 11
117.0184119999999979
 21
-140.3765569999999911
 31
0
  0
LINE
  5
859
330
1A
100
AcDbEntity
  8
B.Cu
  6
CONTINUOUS
100
AcDbLine
 10
117.0184119999999979
 20
-140.3765569999999911
 30
0
 11
117.207815999999994
 21
-140.2800509999999861
 31
0
  0
LINE
  5
85A
330
1A
100
AcDbEntity
  8
B.Cu
  6
CONTINUOUS
100
AcDbLine
 10
117.207815999999994
 20
-140.2800509999999861
 30
0
 11
117.3797919999999948
 21
-140.1551039999999944
 31
0
  0
LINE
  5
85B
330
1A
100
AcDbEntity
  8
B.Cu
  6
CONTINUOUS
100
AcDbLine
 10
117.3797919999999948
 20
-140.1551039999999944
 30
0
 11
117.5301039999999944
 21
-140.0047919999999806
 31
0
  0
LINE
  5
85C
330
1A
100
AcDbEntity
  8
B.Cu
  6
CONTINUOUS
100
AcDbLine
 10
117.5301039999999944
 20
-140.0047919999999806
 30
0
 11
117.5485539999999958
 21
-139.9793959999999799
 31
0
  0
LINE
  5
85D
330
1A
100
AcDbEntity
  8
B.Cu
  6
CONTINUOUS
100
AcDbLine
 10
117.5485539999999958
 20
-139.9793959999999799
 30
0
 11
117.619893999999988
 21
-139.9134489999999857
 31
0
  0
LINE
  5
85E
330
1A
100
AcDbEntity
  8
B.Cu
  6
CONTINUOUS
100
AcDbLine
 10
117.619893999999988
 20
-139.9134489999999857
 30
0
 11
117.7110440000000011
 21
-139.8798199999999952
 31
0
  0
LINE
  5
85F
330
1A
100
AcDbEntity
  8
B.Cu
  6
CONTINUOUS
100
AcDbLine
 10
117.7110440000000011
 20
-139.8798199999999952
 30
0
 11
117.8081239999999923
 21
-139.8836330000000032
 31
0
  0
LINE
  5
860
330
1A
100
AcDbEntity
  8
B.Cu
  6
CONTINUOUS
100
AcDbLine
 10
117.8081239999999923
 20
-139.8836330000000032
 30
0
 11
117.8963549999999998
 21
-139.9243060000000014
 31
0
  0
LINE
  5
861
330
1A
100
AcDbEntity
  8
B.Cu
  6
CONTINUOUS
100
AcDbLine
 10
117.8963549999999998
 20
-139.9243060000000014
 30
0
 11
117.9514439999999951
 21
-139.9793949999999825
 31
0
  0
LINE
  5
862
330
1A
100
AcDbEntity
  8
B.Cu
  6
CONTINUOUS
100
AcDbLine
 10
117.9514439999999951
 20
-139.9793949999999825
 30
0
 11
117.9698959999999914
 21
-140.0047919999999806
 31
0
  0
LINE
  5
863
330
1A
100
AcDbEntity
  8
B.Cu
  6
CONTINUOUS
100
AcDbLine
 10
117.9698959999999914
 20
-140.0047919999999806
 30
0
 11
118.120207999999991
 21
-140.1551039999999944
 31
0
  0
LINE
  5
864
330
1A
100
AcDbEntity
  8
B.Cu
  6
CONTINUOUS
100
AcDbLine
 10
118.120207999999991
 20
-140.1551039999999944
 30
0
 11
118.2921839999999918
 21
-140.2800509999999861
 31
0
  0
LINE
  5
865
330
1A
100
AcDbEntity
  8
B.Cu
  6
CONTINUOUS
100
AcDbLine
 10
118.2921839999999918
 20
-140.2800509999999861
 30
0
 11
118.4815879999999879
 21
-140.3765569999999911
 31
0
  0
LINE
  5
866
330
1A
100
AcDbEntity
  8
B.Cu
  6
CONTINUOUS
100
AcDbLine
 10
118.4815879999999879
 20
-140.3765569999999911
 30
0
 11
118.6837569999999999
 21
-140.442245999999983
 31
0
  0
LINE
  5
867
330
1A
100
AcDbEntity
  8
B.Cu
  6
CONTINUOUS
100
AcDbLine
 10
118.6837569999999999
 20
-140.442245999999983
 30
0
 11
118.757600999999994
 21
-140.4539409999999862
 31
0
  0
LINE
  5
868
330
1A
100
AcDbEntity
  8
B.Cu
  6
CONTINUOUS
100
AcDbLine
 10
118.757600999999994
 20
-140.4539409999999862
 30
0
 11
118.8937029999999879
 21
-140.475498999999985
 31
0
  0
LINE
  5
869
330
1A
100
AcDbEntity
  8
B.Cu
  6
CONTINUOUS
100
AcDbLine
 10
118.8937029999999879
 20
-140.475498999999985
 30
0
 11
118.8937099999999987
 21
-140.475498999999985
 31
0
  0
LINE
  5
86A
330
1A
100
AcDbEntity
  8
B.Cu
  6
CONTINUOUS
100
AcDbLine
 10
118.8937099999999987
 20
-140.475498999999985
 30
0
 11
118.8937129999999911
 21
-140.4754999999999825
 31
0
  0
LINE
  5
86B
330
1A
100
AcDbEntity
  8
B.Cu
  6
CONTINUOUS
100
AcDbLine
 10
118.8937129999999911
 20
-140.4754999999999825
 30
0
 11
118.8937159999999977
 21
-140.4754999999999825
 31
0
  0
LINE
  5
86C
330
1A
100
AcDbEntity
  8
B.Cu
  6
CONTINUOUS
100
AcDbLine
 10
118.8937159999999977
 20
-140.4754999999999825
 30
0
 11
119.1062839999999881
 21
-140.4754999999999825
 31
0
  0
LINE
  5
86D
330
1A
100
AcDbEntity
  8
B.Cu
  6
CONTINUOUS
100
AcDbLine
 10
119.1062839999999881
 20
-140.4754999999999825
 30
0
 11
119.1062869999999947
 21
-140.4754999999999825
 31
0
  0
LINE
  5
86E
330
1A
100
AcDbEntity
  8
B.Cu
  6
CONTINUOUS
100
AcDbLine
 10
119.1062869999999947
 20
-140.4754999999999825
 30
0
 11
119.1062900000000013
 21
-140.475498999999985
 31
0
  0
LINE
  5
86F
330
1A
100
AcDbEntity
  8
B.Cu
  6
CONTINUOUS
100
AcDbLine
 10
119.1062900000000013
 20
-140.475498999999985
 30
0
 11
119.1062960000000004
 21
-140.475498999999985
 31
0
  0
LINE
  5
870
330
1A
100
AcDbEntity
  8
B.Cu
  6
CONTINUOUS
100
AcDbLine
 10
119.1062960000000004
 20
-140.475498999999985
 30
0
 11
119.2054759999999902
 21
-140.4597890000000007
 31
0
  0
LINE
  5
871
330
1A
100
AcDbEntity
  8
B.Cu
  6
CONTINUOUS
100
AcDbLine
 10
119.2054759999999902
 20
-140.4597890000000007
 30
0
 11
119.3162430000000001
 21
-140.442245999999983
 31
0
  0
LINE
  5
872
330
1A
100
AcDbEntity
  8
B.Cu
  6
CONTINUOUS
100
AcDbLine
 10
119.3162430000000001
 20
-140.442245999999983
 30
0
 11
119.5184119999999979
 21
-140.3765569999999911
 31
0
  0
LINE
  5
873
330
1A
100
AcDbEntity
  8
B.Cu
  6
CONTINUOUS
100
AcDbLine
 10
119.5184119999999979
 20
-140.3765569999999911
 30
0
 11
119.707815999999994
 21
-140.2800509999999861
 31
0
  0
LINE
  5
874
330
1A
100
AcDbEntity
  8
B.Cu
  6
CONTINUOUS
100
AcDbLine
 10
119.707815999999994
 20
-140.2800509999999861
 30
0
 11
119.8797919999999948
 21
-140.1551039999999944
 31
0
  0
LINE
  5
875
330
1A
100
AcDbEntity
  8
B.Cu
  6
CONTINUOUS
100
AcDbLine
 10
119.8797919999999948
 20
-140.1551039999999944
 30
0
 11
120.0301039999999944
 21
-140.0047919999999806
 31
0
  0
LINE
  5
876
330
1A
100
AcDbEntity
  8
B.Cu
  6
CONTINUOUS
100
AcDbLine
 10
120.0301039999999944
 20
-140.0047919999999806
 30
0
 11
120.0485539999999958
 21
-139.9793959999999799
 31
0
  0
LINE
  5
877
330
1A
100
AcDbEntity
  8
B.Cu
  6
CONTINUOUS
100
AcDbLine
 10
120.0485539999999958
 20
-139.9793959999999799
 30
0
 11
120.119893999999988
 21
-139.9134489999999857
 31
0
  0
LINE
  5
878
330
1A
100
AcDbEntity
  8
B.Cu
  6
CONTINUOUS
100
AcDbLine
 10
120.119893999999988
 20
-139.9134489999999857
 30
0
 11
120.2110440000000011
 21
-139.8798199999999952
 31
0
  0
LINE
  5
879
330
1A
100
AcDbEntity
  8
B.Cu
  6
CONTINUOUS
100
AcDbLine
 10
120.2110440000000011
 20
-139.8798199999999952
 30
0
 11
120.3081239999999923
 21
-139.8836330000000032
 31
0
  0
LINE
  5
87A
330
1A
100
AcDbEntity
  8
B.Cu
  6
CONTINUOUS
100
AcDbLine
 10
120.3081239999999923
 20
-139.8836330000000032
 30
0
 11
120.3963549999999998
 21
-139.9243060000000014
 31
0
  0
LINE
  5
87B
330
1A
100
AcDbEntity
  8
B.Cu
  6
CONTINUOUS
100
AcDbLine
 10
120.3963549999999998
 20
-139.9243060000000014
 30
0
 11
120.4514439999999951
 21
-139.9793949999999825
 31
0
  0
LINE
  5
87C
330
1A
100
AcDbEntity
  8
B.Cu
  6
CONTINUOUS
100
AcDbLine
 10
120.4514439999999951
 20
-139.9793949999999825
 30
0
 11
120.4698959999999914
 21
-140.0047919999999806
 31
0
  0
LINE
  5
87D
330
1A
100
AcDbEntity
  8
B.Cu
  6
CONTINUOUS
100
AcDbLine
 10
120.4698959999999914
 20
-140.0047919999999806
 30
0
 11
120.620207999999991
 21
-140.1551039999999944
 31
0
  0
LINE
  5
87E
330
1A
100
AcDbEntity
  8
B.Cu
  6
CONTINUOUS
100
AcDbLine
 10
120.620207999999991
 20
-140.1551039999999944
 30
0
 11
120.7921839999999918
 21
-140.2800509999999861
 31
0
  0
LINE
  5
87F
330
1A
100
AcDbEntity
  8
B.Cu
  6
CONTINUOUS
100
AcDbLine
 10
120.7921839999999918
 20
-140.2800509999999861
 30
0
 11
120.9815879999999879
 21
-140.3765569999999911
 31
0
  0
LINE
  5
880
330
1A
100
AcDbEntity
  8
B.Cu
  6
CONTINUOUS
100
AcDbLine
 10
120.9815879999999879
 20
-140.3765569999999911
 30
0
 11
121.1837569999999999
 21
-140.442245999999983
 31
0
  0
LINE
  5
881
330
1A
100
AcDbEntity
  8
B.Cu
  6
CONTINUOUS
100
AcDbLine
 10
121.1837569999999999
 20
-140.442245999999983
 30
0
 11
121.257600999999994
 21
-140.4539409999999862
 31
0
  0
LINE
  5
882
330
1A
100
AcDbEntity
  8
B.Cu
  6
CONTINUOUS
100
AcDbLine
 10
121.257600999999994
 20
-140.4539409999999862
 30
0
 11
121.3937029999999879
 21
-140.475498999999985
 31
0
  0
LINE
  5
883
330
1A
100
AcDbEntity
  8
B.Cu
  6
CONTINUOUS
100
AcDbLine
 10
121.3937029999999879
 20
-140.475498999999985
 30
0
 11
121.3937099999999987
 21
-140.475498999999985
 31
0
  0
LINE
  5
884
330
1A
100
AcDbEntity
  8
B.Cu
  6
CONTINUOUS
100
AcDbLine
 10
121.3937099999999987
 20
-140.475498999999985
 30
0
 11
121.3937129999999911
 21
-140.4754999999999825
 31
0
  0
LINE
  5
885
330
1A
100
AcDbEntity
  8
B.Cu
  6
CONTINUOUS
100
AcDbLine
 10
121.3937129999999911
 20
-140.4754999999999825
 30
0
 11
121.3937159999999977
 21
-140.4754999999999825
 31
0
  0
LINE
  5
886
330
1A
100
AcDbEntity
  8
B.Cu
  6
CONTINUOUS
100
AcDbLine
 10
121.3937159999999977
 20
-140.4754999999999825
 30
0
 11
121.6062839999999881
 21
-140.4754999999999825
 31
0
  0
LINE
  5
887
330
1A
100
AcDbEntity
  8
B.Cu
  6
CONTINUOUS
100
AcDbLine
 10
121.6062839999999881
 20
-140.4754999999999825
 30
0
 11
121.6062869999999947
 21
-140.4754999999999825
 31
0
  0
LINE
  5
888
330
1A
100
AcDbEntity
  8
B.Cu
  6
CONTINUOUS
100
AcDbLine
 10
121.6062869999999947
 20
-140.4754999999999825
 30
0
 11
121.6062900000000013
 21
-140.475498999999985
 31
0
  0
LINE
  5
889
330
1A
100
AcDbEntity
  8
B.Cu
  6
CONTINUOUS
100
AcDbLine
 10
121.6062900000000013
 20
-140.475498999999985
 30
0
 11
121.6062960000000004
 21
-140.475498999999985
 31
0
  0
LINE
  5
88A
330
1A
100
AcDbEntity
  8
B.Cu
  6
CONTINUOUS
100
AcDbLine
 10
121.6062960000000004
 20
-140.475498999999985
 30
0
 11
121.7054759999999902
 21
-140.4597890000000007
 31
0
  0
LINE
  5
88B
330
1A
100
AcDbEntity
  8
B.Cu
  6
CONTINUOUS
100
AcDbLine
 10
121.7054759999999902
 20
-140.4597890000000007
 30
0
 11
121.8162430000000001
 21
-140.442245999999983
 31
0
  0
LINE
  5
88C
330
1A
100
AcDbEntity
  8
B.Cu
  6
CONTINUOUS
100
AcDbLine
 10
121.8162430000000001
 20
-140.442245999999983
 30
0
 11
122.0184119999999979
 21
-140.3765569999999911
 31
0
  0
LINE
  5
88D
330
1A
100
AcDbEntity
  8
B.Cu
  6
CONTINUOUS
100
AcDbLine
 10
122.0184119999999979
 20
-140.3765569999999911
 30
0
 11
122.207815999999994
 21
-140.2800509999999861
 31
0
  0
LINE
  5
88E
330
1A
100
AcDbEntity
  8
B.Cu
  6
CONTINUOUS
100
AcDbLine
 10
122.207815999999994
 20
-140.2800509999999861
 30
0
 11
122.3797919999999948
 21
-140.1551039999999944
 31
0
  0
LINE
  5
88F
330
1A
100
AcDbEntity
  8
B.Cu
  6
CONTINUOUS
100
AcDbLine
 10
122.3797919999999948
 20
-140.1551039999999944
 30
0
 11
122.5301039999999944
 21
-140.0047919999999806
 31
0
  0
LINE
  5
890
330
1A
100
AcDbEntity
  8
B.Cu
  6
CONTINUOUS
100
AcDbLine
 10
122.5301039999999944
 20
-140.0047919999999806
 30
0
 11
122.5485539999999958
 21
-139.9793959999999799
 31
0
  0
LINE
  5
891
330
1A
100
AcDbEntity
  8
B.Cu
  6
CONTINUOUS
100
AcDbLine
 10
122.5485539999999958
 20
-139.9793959999999799
 30
0
 11
122.619893999999988
 21
-139.9134489999999857
 31
0
  0
LINE
  5
892
330
1A
100
AcDbEntity
  8
B.Cu
  6
CONTINUOUS
100
AcDbLine
 10
122.619893999999988
 20
-139.9134489999999857
 30
0
 11
122.7110440000000011
 21
-139.8798199999999952
 31
0
  0
LINE
  5
893
330
1A
100
AcDbEntity
  8
B.Cu
  6
CONTINUOUS
100
AcDbLine
 10
122.7110440000000011
 20
-139.8798199999999952
 30
0
 11
122.8081239999999923
 21
-139.8836330000000032
 31
0
  0
LINE
  5
894
330
1A
100
AcDbEntity
  8
B.Cu
  6
CONTINUOUS
100
AcDbLine
 10
122.8081239999999923
 20
-139.8836330000000032
 30
0
 11
122.8963549999999998
 21
-139.9243060000000014
 31
0
  0
LINE
  5
895
330
1A
100
AcDbEntity
  8
B.Cu
  6
CONTINUOUS
100
AcDbLine
 10
122.8963549999999998
 20
-139.9243060000000014
 30
0
 11
122.9514439999999951
 21
-139.9793949999999825
 31
0
  0
LINE
  5
896
330
1A
100
AcDbEntity
  8
B.Cu
  6
CONTINUOUS
100
AcDbLine
 10
122.9514439999999951
 20
-139.9793949999999825
 30
0
 11
122.9698959999999914
 21
-140.0047919999999806
 31
0
  0
LINE
  5
897
330
1A
100
AcDbEntity
  8
B.Cu
  6
CONTINUOUS
100
AcDbLine
 10
122.9698959999999914
 20
-140.0047919999999806
 30
0
 11
123.120207999999991
 21
-140.1551039999999944
 31
0
  0
LINE
  5
898
330
1A
100
AcDbEntity
  8
B.Cu
  6
CONTINUOUS
100
AcDbLine
 10
123.120207999999991
 20
-140.1551039999999944
 30
0
 11
123.2921839999999918
 21
-140.2800509999999861
 31
0
  0
LINE
  5
899
330
1A
100
AcDbEntity
  8
B.Cu
  6
CONTINUOUS
100
AcDbLine
 10
123.2921839999999918
 20
-140.2800509999999861
 30
0
 11
123.4815879999999879
 21
-140.3765569999999911
 31
0
  0
LINE
  5
89A
330
1A
100
AcDbEntity
  8
B.Cu
  6
CONTINUOUS
100
AcDbLine
 10
123.4815879999999879
 20
-140.3765569999999911
 30
0
 11
123.6837569999999999
 21
-140.442245999999983
 31
0
  0
LINE
  5
89B
330
1A
100
AcDbEntity
  8
B.Cu
  6
CONTINUOUS
100
AcDbLine
 10
123.6837569999999999
 20
-140.442245999999983
 30
0
 11
123.757600999999994
 21
-140.4539409999999862
 31
0
  0
LINE
  5
89C
330
1A
100
AcDbEntity
  8
B.Cu
  6
CONTINUOUS
100
AcDbLine
 10
123.757600999999994
 20
-140.4539409999999862
 30
0
 11
123.8937029999999879
 21
-140.475498999999985
 31
0
  0
LINE
  5
89D
330
1A
100
AcDbEntity
  8
B.Cu
  6
CONTINUOUS
100
AcDbLine
 10
123.8937029999999879
 20
-140.475498999999985
 30
0
 11
123.8937099999999987
 21
-140.475498999999985
 31
0
  0
LINE
  5
89E
330
1A
100
AcDbEntity
  8
B.Cu
  6
CONTINUOUS
100
AcDbLine
 10
123.8937099999999987
 20
-140.475498999999985
 30
0
 11
123.8937129999999911
 21
-140.4754999999999825
 31
0
  0
LINE
  5
89F
330
1A
100
AcDbEntity
  8
B.Cu
  6
CONTINUOUS
100
AcDbLine
 10
123.8937129999999911
 20
-140.4754999999999825
 30
0
 11
123.8937159999999977
 21
-140.4754999999999825
 31
0
  0
LINE
  5
8A0
330
1A
100
AcDbEntity
  8
B.Cu
  6
CONTINUOUS
100
AcDbLine
 10
123.8937159999999977
 20
-140.4754999999999825
 30
0
 11
124.1062839999999881
 21
-140.4754999999999825
 31
0
  0
LINE
  5
8A1
330
1A
100
AcDbEntity
  8
B.Cu
  6
CONTINUOUS
100
AcDbLine
 10
124.1062839999999881
 20
-140.4754999999999825
 30
0
 11
124.1062869999999947
 21
-140.4754999999999825
 31
0
  0
LINE
  5
8A2
330
1A
100
AcDbEntity
  8
B.Cu
  6
CONTINUOUS
100
AcDbLine
 10
124.1062869999999947
 20
-140.4754999999999825
 30
0
 11
124.1062900000000013
 21
-140.475498999999985
 31
0
  0
LINE
  5
8A3
330
1A
100
AcDbEntity
  8
B.Cu
  6
CONTINUOUS
100
AcDbLine
 10
124.1062900000000013
 20
-140.475498999999985
 30
0
 11
124.1062960000000004
 21
-140.475498999999985
 31
0
  0
LINE
  5
8A4
330
1A
100
AcDbEntity
  8
B.Cu
  6
CONTINUOUS
100
AcDbLine
 10
124.1062960000000004
 20
-140.475498999999985
 30
0
 11
124.2054759999999902
 21
-140.4597890000000007
 31
0
  0
LINE
  5
8A5
330
1A
100
AcDbEntity
  8
B.Cu
  6
CONTINUOUS
100
AcDbLine
 10
124.2054759999999902
 20
-140.4597890000000007
 30
0
 11
124.3162430000000001
 21
-140.442245999999983
 31
0
  0
LINE
  5
8A6
330
1A
100
AcDbEntity
  8
B.Cu
  6
CONTINUOUS
100
AcDbLine
 10
124.3162430000000001
 20
-140.442245999999983
 30
0
 11
124.5184119999999979
 21
-140.3765569999999911
 31
0
  0
LINE
  5
8A7
330
1A
100
AcDbEntity
  8
B.Cu
  6
CONTINUOUS
100
AcDbLine
 10
124.5184119999999979
 20
-140.3765569999999911
 30
0
 11
124.707815999999994
 21
-140.2800509999999861
 31
0
  0
LINE
  5
8A8
330
1A
100
AcDbEntity
  8
B.Cu
  6
CONTINUOUS
100
AcDbLine
 10
124.707815999999994
 20
-140.2800509999999861
 30
0
 11
124.8797919999999948
 21
-140.1551039999999944
 31
0
  0
LINE
  5
8A9
330
1A
100
AcDbEntity
  8
B.Cu
  6
CONTINUOUS
100
AcDbLine
 10
124.8797919999999948
 20
-140.1551039999999944
 30
0
 11
124.9068129999999996
 21
-140.1280830000000037
 31
0
  0
LINE
  5
8AA
330
1A
100
AcDbEntity
  8
B.Cu
  6
CONTINUOUS
100
AcDbLine
 10
124.9068129999999996
 20
-140.1280830000000037
 30
0
 11
124.9875929999999897
 21
-140.074105000000003
 31
0
  0
LINE
  5
8AB
330
1A
100
AcDbEntity
  8
B.Cu
  6
CONTINUOUS
100
AcDbLine
 10
124.9875929999999897
 20
-140.074105000000003
 30
0
 11
125.0828810000000004
 21
-140.0551499999999976
 31
0
  0
LINE
  5
8AC
330
1A
100
AcDbEntity
  8
B.Cu
  6
CONTINUOUS
100
AcDbLine
 10
125.0828810000000004
 20
-140.0551499999999976
 30
0
 11
125.1781699999999944
 21
-140.0741029999999796
 31
0
  0
LINE
  5
8AD
330
1A
100
AcDbEntity
  8
B.Cu
  6
CONTINUOUS
100
AcDbLine
 10
125.1781699999999944
 20
-140.0741029999999796
 30
0
 11
125.2589519999999936
 21
-140.1280779999999879
 31
0
  0
LINE
  5
8AE
330
1A
100
AcDbEntity
  8
B.Cu
  6
CONTINUOUS
100
AcDbLine
 10
125.2589519999999936
 20
-140.1280779999999879
 30
0
 11
125.2948129999999907
 21
-140.1734299999999962
 31
0
  0
LINE
  5
8AF
330
1A
100
AcDbEntity
  8
B.Cu
  6
CONTINUOUS
100
AcDbLine
 10
125.2948129999999907
 20
-140.1734299999999962
 30
0
 11
125.3072879999999998
 21
-140.1936560000000043
 31
0
  0
LINE
  5
8B0
330
1A
100
AcDbEntity
  8
B.Cu
  6
CONTINUOUS
100
AcDbLine
 10
125.3072879999999998
 20
-140.1936560000000043
 30
0
 11
125.4313439999999957
 21
-140.3177120000000002
 31
0
  0
LINE
  5
8B1
330
1A
100
AcDbEntity
  8
B.Cu
  6
CONTINUOUS
100
AcDbLine
 10
125.4313439999999957
 20
-140.3177120000000002
 30
0
 11
125.5806659999999937
 21
-140.409813999999983
 31
0
  0
LINE
  5
8B2
330
1A
100
AcDbEntity
  8
B.Cu
  6
CONTINUOUS
100
AcDbLine
 10
125.5806659999999937
 20
-140.409813999999983
 30
0
 11
125.5806690000000003
 21
-140.4098149999999805
 31
0
  0
LINE
  5
8B3
330
1A
100
AcDbEntity
  8
B.Cu
  6
CONTINUOUS
100
AcDbLine
 10
125.5806690000000003
 20
-140.4098149999999805
 30
0
 11
125.5806669999999912
 21
-140.4098149999999805
 31
0
  0
LINE
  5
8B4
330
1A
100
AcDbEntity
  8
B.Cu
  6
CONTINUOUS
100
AcDbLine
 10
125.5806669999999912
 20
-140.4098149999999805
 30
0
 11
125.7443099999999987
 21
-140.4640399999999829
 31
0
  0
LINE
  5
8B5
330
1A
100
AcDbEntity
  8
B.Cu
  6
CONTINUOUS
100
AcDbLine
 10
125.7443099999999987
 20
-140.4640399999999829
 30
0
 11
125.747202999999999
 21
-140.4649990000000059
 31
0
  0
LINE
  5
8B6
330
1A
100
AcDbEntity
  8
B.Cu
  6
CONTINUOUS
100
AcDbLine
 10
125.747202999999999
 20
-140.4649990000000059
 30
0
 11
125.8499909999999886
 21
-140.4754999999999825
 31
0
  0
LINE
  5
8B7
330
1A
100
AcDbEntity
  8
B.Cu
  6
CONTINUOUS
100
AcDbLine
 10
125.8499909999999886
 20
-140.4754999999999825
 30
0
 11
127.1500079999999997
 21
-140.475498999999985
 31
0
  0
LINE
  5
8B8
330
1A
100
AcDbEntity
  8
B.Cu
  6
CONTINUOUS
100
AcDbLine
 10
127.1500079999999997
 20
-140.475498999999985
 30
0
 11
127.252797000000001
 21
-140.4649990000000059
 31
0
  0
LINE
  5
8B9
330
1A
100
AcDbEntity
  8
B.Cu
  6
CONTINUOUS
100
AcDbLine
 10
127.252797000000001
 20
-140.4649990000000059
 30
0
 11
127.4193339999999921
 21
-140.409813999999983
 31
0
  0
LINE
  5
8BA
330
1A
100
AcDbEntity
  8
B.Cu
  6
CONTINUOUS
100
AcDbLine
 10
127.4193339999999921
 20
-140.409813999999983
 30
0
 11
127.5686559999999901
 21
-140.3177120000000002
 31
0
  0
LINE
  5
8BB
330
1A
100
AcDbEntity
  8
B.Cu
  6
CONTINUOUS
100
AcDbLine
 10
127.5686559999999901
 20
-140.3177120000000002
 30
0
 11
127.6927120000000002
 21
-140.1936560000000043
 31
0
  0
LINE
  5
8BC
330
1A
100
AcDbEntity
  8
B.Cu
  6
CONTINUOUS
100
AcDbLine
 10
127.6927120000000002
 20
-140.1936560000000043
 30
0
 11
127.7848139999999972
 21
-140.0443339999999921
 31
0
  0
LINE
  5
8BD
330
1A
100
AcDbEntity
  8
B.Cu
  6
CONTINUOUS
100
AcDbLine
 10
127.7848139999999972
 20
-140.0443339999999921
 30
0
 11
127.8399989999999917
 21
-139.8777969999999868
 31
0
  0
LINE
  5
8BE
330
1A
100
AcDbEntity
  8
B.Cu
  6
CONTINUOUS
100
AcDbLine
 10
127.8399989999999917
 20
-139.8777969999999868
 30
0
 11
127.8504999999999967
 21
-139.775008999999983
 31
0
  0
LINE
  5
8BF
330
1A
100
AcDbEntity
  8
B.Cu
  6
CONTINUOUS
100
AcDbLine
 10
127.8504999999999967
 20
-139.775008999999983
 30
0
 11
127.8504989999999992
 21
-138.2249919999999861
 31
0
  0
LINE
  5
8C0
330
1A
100
AcDbEntity
  8
B.Cu
  6
CONTINUOUS
100
AcDbLine
 10
127.8504989999999992
 20
-138.2249919999999861
 30
0
 11
127.8399989999999917
 21
-138.1222029999999847
 31
0
  0
LINE
  5
8C1
330
1A
100
AcDbEntity
  8
B.Cu
  6
CONTINUOUS
100
AcDbLine
 10
127.8399989999999917
 20
-138.1222029999999847
 30
0
 11
127.8393279999999947
 21
-138.1201790000000074
 31
0
  0
LINE
  5
8C2
330
1A
100
AcDbEntity
  8
B.Cu
  6
CONTINUOUS
100
AcDbLine
 10
127.8393279999999947
 20
-138.1201790000000074
 30
0
 11
127.7869969999999995
 21
-137.962253000000004
 31
0
  0
LINE
  5
8C3
330
1A
100
AcDbEntity
  8
B.Cu
  6
CONTINUOUS
100
AcDbLine
 10
127.7869969999999995
 20
-137.962253000000004
 30
0
 11
127.7869959999999878
 21
-137.9622509999999806
 31
0
  0
LINE
  5
8C4
330
1A
100
AcDbEntity
  8
B.Cu
  6
CONTINUOUS
100
AcDbLine
 10
127.7869959999999878
 20
-137.9622509999999806
 30
0
 11
127.7848149999999947
 21
-137.9556680000000028
 31
0
  0
LINE
  5
8C5
330
1A
100
AcDbEntity
  8
B.Cu
  6
CONTINUOUS
100
AcDbLine
 10
127.7848149999999947
 20
-137.9556680000000028
 30
0
 11
127.776180999999994
 21
-137.9416689999999903
 31
0
  0
LINE
  5
8C6
330
1A
100
AcDbEntity
  8
B.Cu
  6
CONTINUOUS
100
AcDbLine
 10
127.776180999999994
 20
-137.9416689999999903
 30
0
 11
127.7465949999999992
 21
-137.8937029999999879
 31
0
  0
LINE
  5
8C7
330
1A
100
AcDbEntity
  8
B.Cu
  6
CONTINUOUS
100
AcDbLine
 10
127.7465949999999992
 20
-137.8937029999999879
 30
0
 11
127.6927120000000002
 21
-137.8063439999999957
 31
0
  0
LINE
  5
8C8
330
1A
100
AcDbEntity
  8
B.Cu
  6
CONTINUOUS
100
AcDbLine
 10
127.6927120000000002
 20
-137.8063439999999957
 30
0
 11
127.5686559999999901
 21
-137.6822879999999998
 31
0
  0
LINE
  5
8C9
330
1A
100
AcDbEntity
  8
B.Cu
  6
CONTINUOUS
100
AcDbLine
 10
127.5686559999999901
 20
-137.6822879999999998
 30
0
 11
127.4193339999999921
 21
-137.5901859999999886
 31
0
  0
LINE
  5
8CA
330
1A
100
AcDbEntity
  8
B.Cu
  6
CONTINUOUS
100
AcDbLine
 10
127.4193339999999921
 20
-137.5901859999999886
 30
0
 11
127.4193319999999972
 21
-137.5901849999999911
 31
0
  0
LINE
  5
8CB
330
1A
100
AcDbEntity
  8
B.Cu
  6
CONTINUOUS
100
AcDbLine
 10
127.4193319999999972
 20
-137.5901849999999911
 30
0
 11
127.419329999999988
 21
-137.5901839999999936
 31
0
  0
LINE
  5
8CC
330
1A
100
AcDbEntity
  8
B.Cu
  6
CONTINUOUS
100
AcDbLine
 10
127.419329999999988
 20
-137.5901839999999936
 30
0
 11
127.4193319999999972
 21
-137.5901839999999936
 31
0
  0
LINE
  5
8CD
330
1A
100
AcDbEntity
  8
B.Cu
  6
CONTINUOUS
100
AcDbLine
 10
127.4193319999999972
 20
-137.5901839999999936
 30
0
 11
127.2528019999999884
 21
-137.5350019999999915
 31
0
  0
LINE
  5
8CE
330
1A
100
AcDbEntity
  8
B.Cu
  6
CONTINUOUS
100
AcDbLine
 10
127.2528019999999884
 20
-137.5350019999999915
 30
0
 11
127.2527979999999985
 21
-137.5350009999999941
 31
0
  0
LINE
  5
8CF
330
1A
100
AcDbEntity
  8
B.Cu
  6
CONTINUOUS
100
AcDbLine
 10
127.2527979999999985
 20
-137.5350009999999941
 30
0
 11
127.252797000000001
 21
-137.5350009999999941
 31
0
  0
LINE
  5
8D0
330
1A
100
AcDbEntity
  8
B.Cu
  6
CONTINUOUS
100
AcDbLine
 10
127.252797000000001
 20
-137.5350009999999941
 30
0
 11
127.1500089999999972
 21
-137.5244999999999891
 31
0
  0
LINE
  5
8D1
330
1A
100
AcDbEntity
  8
B.Cu
  6
CONTINUOUS
100
AcDbLine
 10
127.1500089999999972
 20
-137.5244999999999891
 30
0
 11
127.1500049999999931
 21
-137.5244999999999891
 31
0
  0
LINE
  5
8D2
330
1A
100
AcDbEntity
  8
B.Cu
  6
CONTINUOUS
100
AcDbLine
 10
127.1500049999999931
 20
-137.5244999999999891
 30
0
 11
125.8499929999999978
 21
-137.5244999999999891
 31
0
  0
LINE
  5
8D3
330
1A
100
AcDbEntity
  8
B.Cu
  6
CONTINUOUS
100
AcDbLine
 10
125.8499929999999978
 20
-137.5244999999999891
 30
0
 11
125.7471989999999948
 21
-137.5350009999999941
 31
0
  0
LINE
  5
8D4
330
1A
100
AcDbEntity
  8
B.Cu
  6
CONTINUOUS
100
AcDbLine
 10
125.7471989999999948
 20
-137.5350009999999941
 30
0
 11
125.5806669999999912
 21
-137.5901849999999911
 31
0
  0
LINE
  5
8D5
330
1A
100
AcDbEntity
  8
B.Cu
  6
CONTINUOUS
100
AcDbLine
 10
125.5806669999999912
 20
-137.5901849999999911
 30
0
 11
125.4313459999999907
 21
-137.6822860000000048
 31
0
  0
LINE
  5
8D6
330
1A
100
AcDbEntity
  8
B.Cu
  6
CONTINUOUS
100
AcDbLine
 10
125.4313459999999907
 20
-137.6822860000000048
 30
0
 11
125.3072849999999931
 21
-137.8063469999999882
 31
0
  0
LINE
  5
8D7
330
1A
100
AcDbEntity
  8
B.Cu
  6
CONTINUOUS
100
AcDbLine
 10
125.3072849999999931
 20
-137.8063469999999882
 30
0
 11
125.2948119999999932
 21
-137.8265700000000038
 31
0
  0
LINE
  5
8D8
330
1A
100
AcDbEntity
  8
B.Cu
  6
CONTINUOUS
100
AcDbLine
 10
125.2948119999999932
 20
-137.8265700000000038
 30
0
 11
125.2286549999999892
 21
-137.8977199999999925
 31
0
  0
LINE
  5
8D9
330
1A
100
AcDbEntity
  8
B.Cu
  6
CONTINUOUS
100
AcDbLine
 10
125.2286549999999892
 20
-137.8977199999999925
 30
0
 11
125.1403059999999954
 21
-137.9381379999999808
 31
0
  0
LINE
  5
8DA
330
1A
100
AcDbEntity
  8
B.Cu
  6
CONTINUOUS
100
AcDbLine
 10
125.1403059999999954
 20
-137.9381379999999808
 30
0
 11
125.043216000000001
 21
-137.9416689999999903
 31
0
  0
LINE
  5
8DB
330
1A
100
AcDbEntity
  8
B.Cu
  6
CONTINUOUS
100
AcDbLine
 10
125.043216000000001
 20
-137.9416689999999903
 30
0
 11
124.9521639999999962
 21
-137.9077759999999842
 31
0
  0
LINE
  5
8DC
330
1A
100
AcDbEntity
  8
B.Cu
  6
CONTINUOUS
100
AcDbLine
 10
124.9521639999999962
 20
-137.9077759999999842
 30
0
 11
124.9068149999999946
 21
-137.8719189999999912
 31
0
  0
LINE
  5
8DD
330
1A
100
AcDbEntity
  8
B.Cu
  6
CONTINUOUS
100
AcDbLine
 10
124.9068149999999946
 20
-137.8719189999999912
 30
0
 11
124.8797929999999923
 21
-137.8448970000000031
 31
0
  0
LINE
  5
8DE
330
1A
100
AcDbEntity
  8
B.Cu
  6
CONTINUOUS
100
AcDbLine
 10
124.8797929999999923
 20
-137.8448970000000031
 30
0
 11
124.7078169999999915
 21
-137.719949999999983
 31
0
  0
LINE
  5
8DF
330
1A
100
AcDbEntity
  8
B.Cu
  6
CONTINUOUS
100
AcDbLine
 10
124.7078169999999915
 20
-137.719949999999983
 30
0
 11
124.707817999999989
 21
-137.719949999999983
 31
0
  0
LINE
  5
8E0
330
1A
100
AcDbEntity
  8
B.Cu
  6
CONTINUOUS
100
AcDbLine
 10
124.707817999999989
 20
-137.719949999999983
 30
0
 11
124.707815999999994
 21
-137.7199489999999855
 31
0
  0
LINE
  5
8E1
330
1A
100
AcDbEntity
  8
B.Cu
  6
CONTINUOUS
100
AcDbLine
 10
124.707815999999994
 20
-137.7199489999999855
 30
0
 11
124.5184119999999979
 21
-137.6234429999999804
 31
0
  0
LINE
  5
8E2
330
1A
100
AcDbEntity
  8
B.Cu
  6
CONTINUOUS
100
AcDbLine
 10
124.5184119999999979
 20
-137.6234429999999804
 30
0
 11
124.5184089999999912
 21
-137.623441999999983
 31
0
  0
LINE
  5
8E3
330
1A
100
AcDbEntity
  8
B.Cu
  6
CONTINUOUS
100
AcDbLine
 10
124.5184089999999912
 20
-137.623441999999983
 30
0
 11
124.5184069999999963
 21
-137.6234409999999855
 31
0
  0
LINE
  5
8E4
330
1A
100
AcDbEntity
  8
B.Cu
  6
CONTINUOUS
100
AcDbLine
 10
124.5184069999999963
 20
-137.6234409999999855
 30
0
 11
124.3162399999999934
 21
-137.5577529999999911
 31
0
  0
LINE
  5
8E5
330
1A
100
AcDbEntity
  8
B.Cu
  6
CONTINUOUS
100
AcDbLine
 10
124.3162399999999934
 20
-137.5577529999999911
 30
0
 11
124.1062960000000004
 21
-137.5244999999999891
 31
0
  0
LINE
  5
8E6
330
1A
100
AcDbEntity
  8
B.Cu
  6
CONTINUOUS
100
AcDbLine
 10
124.1062960000000004
 20
-137.5244999999999891
 30
0
 11
124.1062869999999947
 21
-137.5244999999999891
 31
0
  0
LINE
  5
8E7
330
1A
100
AcDbEntity
  8
B.Cu
  6
CONTINUOUS
100
AcDbLine
 10
124.1062869999999947
 20
-137.5244999999999891
 30
0
 11
123.8937129999999911
 21
-137.5244999999999891
 31
0
  0
LINE
  5
8E8
330
1A
100
AcDbEntity
  8
B.Cu
  6
CONTINUOUS
100
AcDbLine
 10
123.8937129999999911
 20
-137.5244999999999891
 30
0
 11
123.8937029999999879
 21
-137.5244999999999891
 31
0
  0
LINE
  5
8E9
330
1A
100
AcDbEntity
  8
B.Cu
  6
CONTINUOUS
100
AcDbLine
 10
123.8937029999999879
 20
-137.5244999999999891
 30
0
 11
123.6837589999999949
 21
-137.5577529999999911
 31
0
  0
LINE
  5
8EA
330
1A
100
AcDbEntity
  8
B.Cu
  6
CONTINUOUS
100
AcDbLine
 10
123.6837589999999949
 20
-137.5577529999999911
 30
0
 11
123.481591999999992
 21
-137.6234409999999855
 31
0
  0
LINE
  5
8EB
330
1A
100
AcDbEntity
  8
B.Cu
  6
CONTINUOUS
100
AcDbLine
 10
123.481591999999992
 20
-137.6234409999999855
 30
0
 11
123.2921819999999968
 21
-137.719949999999983
 31
0
  0
LINE
  5
8EC
330
1A
100
AcDbEntity
  8
B.Cu
  6
CONTINUOUS
100
AcDbLine
 10
123.2921819999999968
 20
-137.719949999999983
 30
0
 11
123.120205999999996
 21
-137.8448970000000031
 31
0
  0
LINE
  5
8ED
330
1A
100
AcDbEntity
  8
B.Cu
  6
CONTINUOUS
100
AcDbLine
 10
123.120205999999996
 20
-137.8448970000000031
 30
0
 11
122.9698969999999889
 21
-137.995205999999996
 31
0
  0
LINE
  5
8EE
330
1A
100
AcDbEntity
  8
B.Cu
  6
CONTINUOUS
100
AcDbLine
 10
122.9698969999999889
 20
-137.995205999999996
 30
0
 11
122.9698959999999914
 21
-137.995207999999991
 31
0
  0
LINE
  5
8EF
330
1A
100
AcDbEntity
  8
B.Cu
  6
CONTINUOUS
100
AcDbLine
 10
122.9698959999999914
 20
-137.995207999999991
 30
0
 11
122.9530379999999923
 21
-138.0184119999999837
 31
0
  0
LINE
  5
8F0
330
1A
100
AcDbEntity
  8
B.Cu
  6
CONTINUOUS
100
AcDbLine
 10
122.9530379999999923
 20
-138.0184119999999837
 30
0
 11
122.95144599999999
 21
-138.0206029999999942
 31
0
  0
LINE
  5
8F1
330
1A
100
AcDbEntity
  8
B.Cu
  6
CONTINUOUS
100
AcDbLine
 10
122.95144599999999
 20
-138.0206029999999942
 30
0
 11
122.8801029999999912
 21
-138.0865519999999833
 31
0
  0
LINE
  5
8F2
330
1A
100
AcDbEntity
  8
B.Cu
  6
CONTINUOUS
100
AcDbLine
 10
122.8801029999999912
 20
-138.0865519999999833
 30
0
 11
122.7889529999999922
 21
-138.1201790000000074
 31
0
  0
LINE
  5
8F3
330
1A
100
AcDbEntity
  8
B.Cu
  6
CONTINUOUS
100
AcDbLine
 10
122.7889529999999922
 20
-138.1201790000000074
 30
0
 11
122.6918730000000011
 21
-138.1163650000000018
 31
0
  0
LINE
  5
8F4
330
1A
100
AcDbEntity
  8
B.Cu
  6
CONTINUOUS
100
AcDbLine
 10
122.6918730000000011
 20
-138.1163650000000018
 30
0
 11
122.6036419999999936
 21
-138.0756910000000062
 31
0
  0
LINE
  5
8F5
330
1A
100
AcDbEntity
  8
B.Cu
  6
CONTINUOUS
100
AcDbLine
 10
122.6036419999999936
 20
-138.0756910000000062
 30
0
 11
122.5485539999999958
 21
-138.0206029999999942
 31
0
  0
LINE
  5
8F6
330
1A
100
AcDbEntity
  8
B.Cu
  6
CONTINUOUS
100
AcDbLine
 10
122.5485539999999958
 20
-138.0206029999999942
 30
0
 11
122.5301039999999944
 21
-137.995207999999991
 31
0
  0
LINE
  5
8F7
330
1A
100
AcDbEntity
  8
B.Cu
  6
CONTINUOUS
100
AcDbLine
 10
122.5301039999999944
 20
-137.995207999999991
 30
0
 11
122.3797919999999948
 21
-137.8448960000000056
 31
0
  0
LINE
  5
8F8
330
1A
100
AcDbEntity
  8
B.Cu
  6
CONTINUOUS
100
AcDbLine
 10
122.3797919999999948
 20
-137.8448960000000056
 30
0
 11
122.207815999999994
 21
-137.7199489999999855
 31
0
  0
LINE
  5
8F9
330
1A
100
AcDbEntity
  8
B.Cu
  6
CONTINUOUS
100
AcDbLine
 10
122.207815999999994
 20
-137.7199489999999855
 30
0
 11
122.0184119999999979
 21
-137.6234429999999804
 31
0
  0
LINE
  5
8FA
330
1A
100
AcDbEntity
  8
B.Cu
  6
CONTINUOUS
100
AcDbLine
 10
122.0184119999999979
 20
-137.6234429999999804
 30
0
 11
122.0184089999999912
 21
-137.623441999999983
 31
0
  0
LINE
  5
8FB
330
1A
100
AcDbEntity
  8
B.Cu
  6
CONTINUOUS
100
AcDbLine
 10
122.0184089999999912
 20
-137.623441999999983
 30
0
 11
122.0184069999999963
 21
-137.6234409999999855
 31
0
  0
LINE
  5
8FC
330
1A
100
AcDbEntity
  8
B.Cu
  6
CONTINUOUS
100
AcDbLine
 10
122.0184069999999963
 20
-137.6234409999999855
 30
0
 11
121.8162399999999934
 21
-137.5577529999999911
 31
0
  0
LINE
  5
8FD
330
1A
100
AcDbEntity
  8
B.Cu
  6
CONTINUOUS
100
AcDbLine
 10
121.8162399999999934
 20
-137.5577529999999911
 30
0
 11
121.6062960000000004
 21
-137.5244999999999891
 31
0
  0
LINE
  5
8FE
330
1A
100
AcDbEntity
  8
B.Cu
  6
CONTINUOUS
100
AcDbLine
 10
121.6062960000000004
 20
-137.5244999999999891
 30
0
 11
121.6062869999999947
 21
-137.5244999999999891
 31
0
  0
LINE
  5
8FF
330
1A
100
AcDbEntity
  8
B.Cu
  6
CONTINUOUS
100
AcDbLine
 10
121.6062869999999947
 20
-137.5244999999999891
 30
0
 11
121.3937129999999911
 21
-137.5244999999999891
 31
0
  0
LINE
  5
900
330
1A
100
AcDbEntity
  8
B.Cu
  6
CONTINUOUS
100
AcDbLine
 10
121.3937129999999911
 20
-137.5244999999999891
 30
0
 11
121.3937029999999879
 21
-137.5244999999999891
 31
0
  0
LINE
  5
901
330
1A
100
AcDbEntity
  8
B.Cu
  6
CONTINUOUS
100
AcDbLine
 10
121.3937029999999879
 20
-137.5244999999999891
 30
0
 11
121.1837589999999949
 21
-137.5577529999999911
 31
0
  0
LINE
  5
902
330
1A
100
AcDbEntity
  8
B.Cu
  6
CONTINUOUS
100
AcDbLine
 10
121.1837589999999949
 20
-137.5577529999999911
 30
0
 11
120.981591999999992
 21
-137.6234409999999855
 31
0
  0
LINE
  5
903
330
1A
100
AcDbEntity
  8
B.Cu
  6
CONTINUOUS
100
AcDbLine
 10
120.981591999999992
 20
-137.6234409999999855
 30
0
 11
120.7921819999999968
 21
-137.719949999999983
 31
0
  0
LINE
  5
904
330
1A
100
AcDbEntity
  8
B.Cu
  6
CONTINUOUS
100
AcDbLine
 10
120.7921819999999968
 20
-137.719949999999983
 30
0
 11
120.620205999999996
 21
-137.8448970000000031
 31
0
  0
LINE
  5
905
330
1A
100
AcDbEntity
  8
B.Cu
  6
CONTINUOUS
100
AcDbLine
 10
120.620205999999996
 20
-137.8448970000000031
 30
0
 11
120.4698969999999889
 21
-137.995205999999996
 31
0
  0
LINE
  5
906
330
1A
100
AcDbEntity
  8
B.Cu
  6
CONTINUOUS
100
AcDbLine
 10
120.4698969999999889
 20
-137.995205999999996
 30
0
 11
120.4698959999999914
 21
-137.995207999999991
 31
0
  0
LINE
  5
907
330
1A
100
AcDbEntity
  8
B.Cu
  6
CONTINUOUS
100
AcDbLine
 10
120.4698959999999914
 20
-137.995207999999991
 30
0
 11
120.4530379999999923
 21
-138.0184119999999837
 31
0
  0
LINE
  5
908
330
1A
100
AcDbEntity
  8
B.Cu
  6
CONTINUOUS
100
AcDbLine
 10
120.4530379999999923
 20
-138.0184119999999837
 30
0
 11
120.45144599999999
 21
-138.0206029999999942
 31
0
  0
LINE
  5
909
330
1A
100
AcDbEntity
  8
B.Cu
  6
CONTINUOUS
100
AcDbLine
 10
120.45144599999999
 20
-138.0206029999999942
 30
0
 11
120.3801029999999912
 21
-138.0865519999999833
 31
0
  0
LINE
  5
90A
330
1A
100
AcDbEntity
  8
B.Cu
  6
CONTINUOUS
100
AcDbLine
 10
120.3801029999999912
 20
-138.0865519999999833
 30
0
 11
120.2889529999999922
 21
-138.1201790000000074
 31
0
  0
LINE
  5
90B
330
1A
100
AcDbEntity
  8
B.Cu
  6
CONTINUOUS
100
AcDbLine
 10
120.2889529999999922
 20
-138.1201790000000074
 30
0
 11
120.1918730000000011
 21
-138.1163650000000018
 31
0
  0
LINE
  5
90C
330
1A
100
AcDbEntity
  8
B.Cu
  6
CONTINUOUS
100
AcDbLine
 10
120.1918730000000011
 20
-138.1163650000000018
 30
0
 11
120.1036419999999936
 21
-138.0756910000000062
 31
0
  0
LINE
  5
90D
330
1A
100
AcDbEntity
  8
B.Cu
  6
CONTINUOUS
100
AcDbLine
 10
120.1036419999999936
 20
-138.0756910000000062
 30
0
 11
120.0485539999999958
 21
-138.0206029999999942
 31
0
  0
LINE
  5
90E
330
1A
100
AcDbEntity
  8
B.Cu
  6
CONTINUOUS
100
AcDbLine
 10
120.0485539999999958
 20
-138.0206029999999942
 30
0
 11
120.0301039999999944
 21
-137.995207999999991
 31
0
  0
LINE
  5
90F
330
1A
100
AcDbEntity
  8
B.Cu
  6
CONTINUOUS
100
AcDbLine
 10
120.0301039999999944
 20
-137.995207999999991
 30
0
 11
119.8797919999999948
 21
-137.8448960000000056
 31
0
  0
LINE
  5
910
330
1A
100
AcDbEntity
  8
B.Cu
  6
CONTINUOUS
100
AcDbLine
 10
119.8797919999999948
 20
-137.8448960000000056
 30
0
 11
119.707815999999994
 21
-137.7199489999999855
 31
0
  0
LINE
  5
911
330
1A
100
AcDbEntity
  8
B.Cu
  6
CONTINUOUS
100
AcDbLine
 10
119.707815999999994
 20
-137.7199489999999855
 30
0
 11
119.5184119999999979
 21
-137.6234429999999804
 31
0
  0
LINE
  5
912
330
1A
100
AcDbEntity
  8
B.Cu
  6
CONTINUOUS
100
AcDbLine
 10
119.5184119999999979
 20
-137.6234429999999804
 30
0
 11
119.5184089999999912
 21
-137.623441999999983
 31
0
  0
LINE
  5
913
330
1A
100
AcDbEntity
  8
B.Cu
  6
CONTINUOUS
100
AcDbLine
 10
119.5184089999999912
 20
-137.623441999999983
 30
0
 11
119.5184069999999963
 21
-137.6234409999999855
 31
0
  0
LINE
  5
914
330
1A
100
AcDbEntity
  8
B.Cu
  6
CONTINUOUS
100
AcDbLine
 10
119.5184069999999963
 20
-137.6234409999999855
 30
0
 11
119.3162399999999934
 21
-137.5577529999999911
 31
0
  0
LINE
  5
915
330
1A
100
AcDbEntity
  8
B.Cu
  6
CONTINUOUS
100
AcDbLine
 10
119.3162399999999934
 20
-137.5577529999999911
 30
0
 11
119.1062960000000004
 21
-137.5244999999999891
 31
0
  0
LINE
  5
916
330
1A
100
AcDbEntity
  8
B.Cu
  6
CONTINUOUS
100
AcDbLine
 10
119.1062960000000004
 20
-137.5244999999999891
 30
0
 11
119.1062869999999947
 21
-137.5244999999999891
 31
0
  0
LINE
  5
917
330
1A
100
AcDbEntity
  8
B.Cu
  6
CONTINUOUS
100
AcDbLine
 10
119.1062869999999947
 20
-137.5244999999999891
 30
0
 11
118.8937129999999911
 21
-137.5244999999999891
 31
0
  0
LINE
  5
918
330
1A
100
AcDbEntity
  8
B.Cu
  6
CONTINUOUS
100
AcDbLine
 10
118.8937129999999911
 20
-137.5244999999999891
 30
0
 11
118.8937029999999879
 21
-137.5244999999999891
 31
0
  0
LINE
  5
919
330
1A
100
AcDbEntity
  8
B.Cu
  6
CONTINUOUS
100
AcDbLine
 10
118.8937029999999879
 20
-137.5244999999999891
 30
0
 11
118.6837589999999949
 21
-137.5577529999999911
 31
0
  0
LINE
  5
91A
330
1A
100
AcDbEntity
  8
B.Cu
  6
CONTINUOUS
100
AcDbLine
 10
118.6837589999999949
 20
-137.5577529999999911
 30
0
 11
118.481591999999992
 21
-137.6234409999999855
 31
0
  0
LINE
  5
91B
330
1A
100
AcDbEntity
  8
B.Cu
  6
CONTINUOUS
100
AcDbLine
 10
118.481591999999992
 20
-137.6234409999999855
 30
0
 11
118.2921819999999968
 21
-137.719949999999983
 31
0
  0
LINE
  5
91C
330
1A
100
AcDbEntity
  8
B.Cu
  6
CONTINUOUS
100
AcDbLine
 10
118.2921819999999968
 20
-137.719949999999983
 30
0
 11
118.120205999999996
 21
-137.8448970000000031
 31
0
  0
LINE
  5
91D
330
1A
100
AcDbEntity
  8
B.Cu
  6
CONTINUOUS
100
AcDbLine
 10
118.120205999999996
 20
-137.8448970000000031
 30
0
 11
117.9698969999999889
 21
-137.995205999999996
 31
0
  0
LINE
  5
91E
330
1A
100
AcDbEntity
  8
B.Cu
  6
CONTINUOUS
100
AcDbLine
 10
117.9698969999999889
 20
-137.995205999999996
 30
0
 11
117.9698959999999914
 21
-137.995207999999991
 31
0
  0
LINE
  5
91F
330
1A
100
AcDbEntity
  8
B.Cu
  6
CONTINUOUS
100
AcDbLine
 10
117.9698959999999914
 20
-137.995207999999991
 30
0
 11
117.9530379999999923
 21
-138.0184119999999837
 31
0
  0
LINE
  5
920
330
1A
100
AcDbEntity
  8
B.Cu
  6
CONTINUOUS
100
AcDbLine
 10
117.9530379999999923
 20
-138.0184119999999837
 30
0
 11
117.95144599999999
 21
-138.0206029999999942
 31
0
  0
LINE
  5
921
330
1A
100
AcDbEntity
  8
B.Cu
  6
CONTINUOUS
100
AcDbLine
 10
117.95144599999999
 20
-138.0206029999999942
 30
0
 11
117.8801029999999912
 21
-138.0865519999999833
 31
0
  0
LINE
  5
922
330
1A
100
AcDbEntity
  8
B.Cu
  6
CONTINUOUS
100
AcDbLine
 10
117.8801029999999912
 20
-138.0865519999999833
 30
0
 11
117.7889529999999922
 21
-138.1201790000000074
 31
0
  0
LINE
  5
923
330
1A
100
AcDbEntity
  8
B.Cu
  6
CONTINUOUS
100
AcDbLine
 10
117.7889529999999922
 20
-138.1201790000000074
 30
0
 11
117.6918730000000011
 21
-138.1163650000000018
 31
0
  0
LINE
  5
924
330
1A
100
AcDbEntity
  8
B.Cu
  6
CONTINUOUS
100
AcDbLine
 10
117.6918730000000011
 20
-138.1163650000000018
 30
0
 11
117.6036419999999936
 21
-138.0756910000000062
 31
0
  0
LINE
  5
925
330
1A
100
AcDbEntity
  8
B.Cu
  6
CONTINUOUS
100
AcDbLine
 10
117.6036419999999936
 20
-138.0756910000000062
 30
0
 11
117.5485539999999958
 21
-138.0206029999999942
 31
0
  0
LINE
  5
926
330
1A
100
AcDbEntity
  8
B.Cu
  6
CONTINUOUS
100
AcDbLine
 10
117.5485539999999958
 20
-138.0206029999999942
 30
0
 11
117.5301039999999944
 21
-137.995207999999991
 31
0
  0
LINE
  5
927
330
1A
100
AcDbEntity
  8
B.Cu
  6
CONTINUOUS
100
AcDbLine
 10
117.5301039999999944
 20
-137.995207999999991
 30
0
 11
117.3797919999999948
 21
-137.8448960000000056
 31
0
  0
LINE
  5
928
330
1A
100
AcDbEntity
  8
B.Cu
  6
CONTINUOUS
100
AcDbLine
 10
117.3797919999999948
 20
-137.8448960000000056
 30
0
 11
117.207815999999994
 21
-137.7199489999999855
 31
0
  0
LINE
  5
929
330
1A
100
AcDbEntity
  8
B.Cu
  6
CONTINUOUS
100
AcDbLine
 10
117.207815999999994
 20
-137.7199489999999855
 30
0
 11
117.0184119999999979
 21
-137.6234429999999804
 31
0
  0
LINE
  5
92A
330
1A
100
AcDbEntity
  8
B.Cu
  6
CONTINUOUS
100
AcDbLine
 10
117.0184119999999979
 20
-137.6234429999999804
 30
0
 11
117.0184089999999912
 21
-137.623441999999983
 31
0
  0
LINE
  5
92B
330
1A
100
AcDbEntity
  8
B.Cu
  6
CONTINUOUS
100
AcDbLine
 10
117.0184089999999912
 20
-137.623441999999983
 30
0
 11
117.0184069999999963
 21
-137.6234409999999855
 31
0
  0
LINE
  5
92C
330
1A
100
AcDbEntity
  8
B.Cu
  6
CONTINUOUS
100
AcDbLine
 10
117.0184069999999963
 20
-137.6234409999999855
 30
0
 11
116.8162399999999934
 21
-137.5577529999999911
 31
0
  0
LINE
  5
92D
330
1A
100
AcDbEntity
  8
B.Cu
  6
CONTINUOUS
100
AcDbLine
 10
116.8162399999999934
 20
-137.5577529999999911
 30
0
 11
116.6062960000000004
 21
-137.5244999999999891
 31
0
  0
LINE
  5
92E
330
1A
100
AcDbEntity
  8
B.Cu
  6
CONTINUOUS
100
AcDbLine
 10
116.6062960000000004
 20
-137.5244999999999891
 30
0
 11
116.6062869999999947
 21
-137.5244999999999891
 31
0
  0
LINE
  5
92F
330
1A
100
AcDbEntity
  8
B.Cu
  6
CONTINUOUS
100
AcDbLine
 10
116.6062869999999947
 20
-137.5244999999999891
 30
0
 11
116.3937129999999911
 21
-137.5244999999999891
 31
0
  0
LINE
  5
930
330
1A
100
AcDbEntity
  8
B.Cu
  6
CONTINUOUS
100
AcDbLine
 10
116.3937129999999911
 20
-137.5244999999999891
 30
0
 11
116.3937029999999879
 21
-137.5244999999999891
 31
0
  0
LINE
  5
931
330
1A
100
AcDbEntity
  8
B.Cu
  6
CONTINUOUS
100
AcDbLine
 10
116.3937029999999879
 20
-137.5244999999999891
 30
0
 11
116.1837589999999949
 21
-137.5577529999999911
 31
0
  0
LINE
  5
932
330
1A
100
AcDbEntity
  8
B.Cu
  6
CONTINUOUS
100
AcDbLine
 10
116.1837589999999949
 20
-137.5577529999999911
 30
0
 11
115.981591999999992
 21
-137.6234409999999855
 31
0
  0
LINE
  5
933
330
1A
100
AcDbEntity
  8
B.Cu
  6
CONTINUOUS
100
AcDbLine
 10
115.981591999999992
 20
-137.6234409999999855
 30
0
 11
115.7921819999999968
 21
-137.719949999999983
 31
0
  0
LINE
  5
934
330
1A
100
AcDbEntity
  8
B.Cu
  6
CONTINUOUS
100
AcDbLine
 10
115.7921819999999968
 20
-137.719949999999983
 30
0
 11
115.620205999999996
 21
-137.8448970000000031
 31
0
  0
LINE
  5
935
330
1A
100
AcDbEntity
  8
B.Cu
  6
CONTINUOUS
100
AcDbLine
 10
115.620205999999996
 20
-137.8448970000000031
 30
0
 11
115.4698969999999889
 21
-137.995205999999996
 31
0
  0
LINE
  5
936
330
1A
100
AcDbEntity
  8
B.Cu
  6
CONTINUOUS
100
AcDbLine
 10
115.4698969999999889
 20
-137.995205999999996
 30
0
 11
115.3449499999999972
 21
-138.1671819999999968
 31
0
  0
LINE
  5
937
330
1A
100
AcDbEntity
  8
B.Cu
  6
CONTINUOUS
100
AcDbLine
 10
115.3449499999999972
 20
-138.1671819999999968
 30
0
 11
115.2484409999999997
 21
-138.3565920000000062
 31
0
  0
LINE
  5
938
330
1A
100
AcDbEntity
  8
B.Cu
  6
CONTINUOUS
100
AcDbLine
 10
115.2484409999999997
 20
-138.3565920000000062
 30
0
 11
115.1827529999999911
 21
-138.5587589999999807
 31
0
  0
LINE
  5
939
330
1A
100
AcDbEntity
  8
B.Cu
  6
CONTINUOUS
100
AcDbLine
 10
115.1827529999999911
 20
-138.5587589999999807
 30
0
 11
115.1494999999999891
 21
-138.7687029999999879
 31
0
  0
LINE
  5
93A
330
1A
100
AcDbEntity
  8
B.Cu
  6
CONTINUOUS
100
AcDbLine
 10
115.1494999999999891
 20
-138.7687029999999879
 30
0
 11
115.1494999999999891
 21
-139.2312959999999862
 31
0
  0
LINE
  5
93B
330
1A
100
AcDbEntity
  8
B.Cu
  6
CONTINUOUS
100
AcDbLine
 10
113.6494999999999891
 20
-99.2978650000000016
 30
0
 11
113.6494999999999891
 21
-99.297867999999994
 31
0
  0
LINE
  5
93C
330
1A
100
AcDbEntity
  8
B.Cu
  6
CONTINUOUS
100
AcDbLine
 10
113.6494999999999891
 20
-99.297867999999994
 30
0
 11
113.6495010000000008
 21
-99.2978719999999981
 31
0
  0
LINE
  5
93D
330
1A
100
AcDbEntity
  8
B.Cu
  6
CONTINUOUS
100
AcDbLine
 10
113.6495010000000008
 20
-99.2978719999999981
 30
0
 11
113.651567
 21
-99.3170929999999998
 31
0
  0
LINE
  5
93E
330
1A
100
AcDbEntity
  8
B.Cu
  6
CONTINUOUS
100
AcDbLine
 10
113.651567
 20
-99.3170929999999998
 30
0
 11
113.6559079999999966
 21
-99.3574799999999954
 31
0
  0
LINE
  5
93F
330
1A
100
AcDbEntity
  8
B.Cu
  6
CONTINUOUS
100
AcDbLine
 10
113.6559079999999966
 20
-99.3574799999999954
 30
0
 11
113.6559089999999941
 21
-99.357483000000002
 31
0
  0
LINE
  5
940
330
1A
100
AcDbEntity
  8
B.Cu
  6
CONTINUOUS
100
AcDbLine
 10
113.6559089999999941
 20
-99.357483000000002
 30
0
 11
113.7062039999999996
 21
-99.492330999999993
 31
0
  0
LINE
  5
941
330
1A
100
AcDbEntity
  8
B.Cu
  6
CONTINUOUS
100
AcDbLine
 10
113.7062039999999996
 20
-99.492330999999993
 30
0
 11
113.7924539999999922
 21
-99.6075459999999993
 31
0
  0
LINE
  5
942
330
1A
100
AcDbEntity
  8
B.Cu
  6
CONTINUOUS
100
AcDbLine
 10
113.7924539999999922
 20
-99.6075459999999993
 30
0
 11
113.9076689999999985
 21
-99.6937959999999919
 31
0
  0
LINE
  5
943
330
1A
100
AcDbEntity
  8
B.Cu
  6
CONTINUOUS
100
AcDbLine
 10
113.9076689999999985
 20
-99.6937959999999919
 30
0
 11
114.0425169999999895
 21
-99.7440909999999974
 31
0
  0
LINE
  5
944
330
1A
100
AcDbEntity
  8
B.Cu
  6
CONTINUOUS
100
AcDbLine
 10
114.0425169999999895
 20
-99.7440909999999974
 30
0
 11
114.1021269999999959
 21
-99.7505000000000024
 31
0
  0
LINE
  5
945
330
1A
100
AcDbEntity
  8
B.Cu
  6
CONTINUOUS
100
AcDbLine
 10
114.1021269999999959
 20
-99.7505000000000024
 30
0
 11
114.2505009999999999
 21
-99.7504989999999907
 31
0
  0
LINE
  5
946
330
1A
100
AcDbEntity
  8
B.Cu
  6
CONTINUOUS
100
AcDbLine
 10
114.2505009999999999
 20
-99.7504989999999907
 30
0
 11
114.3457870000000014
 21
-99.7694520000000011
 31
0
  0
LINE
  5
947
330
1A
100
AcDbEntity
  8
B.Cu
  6
CONTINUOUS
100
AcDbLine
 10
114.3457870000000014
 20
-99.7694520000000011
 30
0
 11
114.426567999999989
 21
-99.8234279999999927
 31
0
  0
LINE
  5
948
330
1A
100
AcDbEntity
  8
B.Cu
  6
CONTINUOUS
100
AcDbLine
 10
114.426567999999989
 20
-99.8234279999999927
 30
0
 11
114.4805449999999922
 21
-99.9042089999999945
 31
0
  0
LINE
  5
949
330
1A
100
AcDbEntity
  8
B.Cu
  6
CONTINUOUS
100
AcDbLine
 10
114.4805449999999922
 20
-99.9042089999999945
 30
0
 11
114.4994999999999976
 21
-99.999496999999991
 31
0
  0
LINE
  5
94A
330
1A
100
AcDbEntity
  8
B.Cu
  6
CONTINUOUS
100
AcDbLine
 10
114.4994999999999976
 20
-99.999496999999991
 30
0
 11
114.4994999999999976
 21
-115.468086999999997
 31
0
  0
LINE
  5
94B
330
1A
100
AcDbEntity
  8
B.Cu
  6
CONTINUOUS
100
AcDbLine
 10
114.4994999999999976
 20
-115.468086999999997
 30
0
 11
114.4995009999999951
 21
-115.4681029999999993
 31
0
  0
LINE
  5
94C
330
1A
100
AcDbEntity
  8
B.Cu
  6
CONTINUOUS
100
AcDbLine
 10
114.4995009999999951
 20
-115.4681029999999993
 30
0
 11
114.5352229999999878
 21
-115.6936429999999945
 31
0
  0
LINE
  5
94D
330
1A
100
AcDbEntity
  8
B.Cu
  6
CONTINUOUS
100
AcDbLine
 10
114.5352229999999878
 20
-115.6936429999999945
 30
0
 11
114.5364469999999955
 21
-115.701367999999988
 31
0
  0
LINE
  5
94E
330
1A
100
AcDbEntity
  8
B.Cu
  6
CONTINUOUS
100
AcDbLine
 10
114.5364469999999955
 20
-115.701367999999988
 30
0
 11
114.6094319999999982
 21
-115.9259919999999937
 31
0
  0
LINE
  5
94F
330
1A
100
AcDbEntity
  8
B.Cu
  6
CONTINUOUS
100
AcDbLine
 10
114.6094319999999982
 20
-115.9259919999999937
 30
0
 11
114.7166569999999979
 21
-116.1364339999999942
 31
0
  0
LINE
  5
950
330
1A
100
AcDbEntity
  8
B.Cu
  6
CONTINUOUS
100
AcDbLine
 10
114.7166569999999979
 20
-116.1364339999999942
 30
0
 11
114.8554829999999924
 21
-116.3275099999999895
 31
0
  0
LINE
  5
951
330
1A
100
AcDbEntity
  8
B.Cu
  6
CONTINUOUS
100
AcDbLine
 10
114.8554829999999924
 20
-116.3275099999999895
 30
0
 11
129.4824899999999843
 21
-130.9545169999999814
 31
0
  0
LINE
  5
952
330
1A
100
AcDbEntity
  8
B.Cu
  6
CONTINUOUS
100
AcDbLine
 10
129.4824899999999843
 20
-130.9545169999999814
 30
0
 11
129.6735659999999939
 21
-131.0933430000000044
 31
0
  0
LINE
  5
953
330
1A
100
AcDbEntity
  8
B.Cu
  6
CONTINUOUS
100
AcDbLine
 10
129.6735659999999939
 20
-131.0933430000000044
 30
0
 11
129.8840079999999944
 21
-131.2005680000000041
 31
0
  0
LINE
  5
954
330
1A
100
AcDbEntity
  8
B.Cu
  6
CONTINUOUS
100
AcDbLine
 10
129.8840079999999944
 20
-131.2005680000000041
 30
0
 11
130.1086310000000026
 21
-131.2735529999999926
 31
0
  0
LINE
  5
955
330
1A
100
AcDbEntity
  8
B.Cu
  6
CONTINUOUS
100
AcDbLine
 10
130.1086310000000026
 20
-131.2735529999999926
 30
0
 11
130.3419079999999894
 21
-131.3104999999999905
 31
0
  0
LINE
  5
956
330
1A
100
AcDbEntity
  8
B.Cu
  6
CONTINUOUS
100
AcDbLine
 10
130.3419079999999894
 20
-131.3104999999999905
 30
0
 11
139.3553330000000017
 21
-131.3104999999999905
 31
0
  0
LINE
  5
957
330
1A
100
AcDbEntity
  8
B.Cu
  6
CONTINUOUS
100
AcDbLine
 10
139.3553330000000017
 20
-131.3104999999999905
 30
0
 11
139.450620999999984
 21
-131.3294539999999984
 31
0
  0
LINE
  5
958
330
1A
100
AcDbEntity
  8
B.Cu
  6
CONTINUOUS
100
AcDbLine
 10
139.450620999999984
 20
-131.3294539999999984
 30
0
 11
139.5314019999999857
 21
-131.3834290000000067
 31
0
  0
LINE
  5
959
330
1A
100
AcDbEntity
  8
B.Cu
  6
CONTINUOUS
100
AcDbLine
 10
139.5314019999999857
 20
-131.3834290000000067
 30
0
 11
141.6574899999999957
 21
-133.5095179999999857
 31
0
  0
LINE
  5
95A
330
1A
100
AcDbEntity
  8
B.Cu
  6
CONTINUOUS
100
AcDbLine
 10
141.6574899999999957
 20
-133.5095179999999857
 30
0
 11
141.6574929999999881
 21
-133.5095199999999807
 31
0
  0
LINE
  5
95B
330
1A
100
AcDbEntity
  8
B.Cu
  6
CONTINUOUS
100
AcDbLine
 10
141.6574929999999881
 20
-133.5095199999999807
 30
0
 11
143.2564899999999852
 21
-135.1085170000000062
 31
0
  0
LINE
  5
95C
330
1A
100
AcDbEntity
  8
B.Cu
  6
CONTINUOUS
100
AcDbLine
 10
143.2564899999999852
 20
-135.1085170000000062
 30
0
 11
143.4475659999999948
 21
-135.2473430000000008
 31
0
  0
LINE
  5
95D
330
1A
100
AcDbEntity
  8
B.Cu
  6
CONTINUOUS
100
AcDbLine
 10
143.4475659999999948
 20
-135.2473430000000008
 30
0
 11
143.6580069999999978
 21
-135.3545680000000004
 31
0
  0
LINE
  5
95E
330
1A
100
AcDbEntity
  8
B.Cu
  6
CONTINUOUS
100
AcDbLine
 10
143.6580069999999978
 20
-135.3545680000000004
 30
0
 11
143.7309919999999863
 21
-135.3782819999999845
 31
0
  0
LINE
  5
95F
330
1A
100
AcDbEntity
  8
B.Cu
  6
CONTINUOUS
100
AcDbLine
 10
143.7309919999999863
 20
-135.3782819999999845
 30
0
 11
143.882632000000001
 21
-135.427552999999989
 31
0
  0
LINE
  5
960
330
1A
100
AcDbEntity
  8
B.Cu
  6
CONTINUOUS
100
AcDbLine
 10
143.882632000000001
 20
-135.427552999999989
 30
0
 11
144.1159079999999904
 21
-135.4644999999999868
 31
0
  0
LINE
  5
961
330
1A
100
AcDbEntity
  8
B.Cu
  6
CONTINUOUS
100
AcDbLine
 10
144.1159079999999904
 20
-135.4644999999999868
 30
0
 11
144.1159119999999803
 21
-135.4644999999999868
 31
0
  0
LINE
  5
962
330
1A
100
AcDbEntity
  8
B.Cu
  6
CONTINUOUS
100
AcDbLine
 10
144.1159119999999803
 20
-135.4644999999999868
 30
0
 11
160.765357999999992
 21
-135.4644999999999868
 31
0
  0
LINE
  5
963
330
1A
100
AcDbEntity
  8
B.Cu
  6
CONTINUOUS
100
AcDbLine
 10
160.765357999999992
 20
-135.4644999999999868
 30
0
 11
160.7653619999999819
 21
-135.4644999999999868
 31
0
  0
LINE
  5
964
330
1A
100
AcDbEntity
  8
B.Cu
  6
CONTINUOUS
100
AcDbLine
 10
160.7653619999999819
 20
-135.4644999999999868
 30
0
 11
160.9986379999999997
 21
-135.427552999999989
 31
0
  0
LINE
  5
965
330
1A
100
AcDbEntity
  8
B.Cu
  6
CONTINUOUS
100
AcDbLine
 10
160.9986379999999997
 20
-135.427552999999989
 30
0
 11
161.2232620000000054
 21
-135.3545680000000004
 31
0
  0
LINE
  5
966
330
1A
100
AcDbEntity
  8
B.Cu
  6
CONTINUOUS
100
AcDbLine
 10
161.2232620000000054
 20
-135.3545680000000004
 30
0
 11
161.4337040000000059
 21
-135.2473430000000008
 31
0
  0
LINE
  5
967
330
1A
100
AcDbEntity
  8
B.Cu
  6
CONTINUOUS
100
AcDbLine
 10
161.4337040000000059
 20
-135.2473430000000008
 30
0
 11
161.624779999999987
 21
-135.1085170000000062
 31
0
  0
LINE
  5
968
330
1A
100
AcDbEntity
  8
B.Cu
  6
CONTINUOUS
100
AcDbLine
 10
161.624779999999987
 20
-135.1085170000000062
 30
0
 11
177.2245169999999916
 21
-119.5087800000000016
 31
0
  0
LINE
  5
969
330
1A
100
AcDbEntity
  8
B.Cu
  6
CONTINUOUS
100
AcDbLine
 10
177.2245169999999916
 20
-119.5087800000000016
 30
0
 11
177.3633429999999862
 21
-119.317703999999992
 31
0
  0
LINE
  5
96A
330
1A
100
AcDbEntity
  8
B.Cu
  6
CONTINUOUS
100
AcDbLine
 10
177.3633429999999862
 20
-119.317703999999992
 30
0
 11
177.4705679999999859
 21
-119.1072619999999915
 31
0
  0
LINE
  5
96B
330
1A
100
AcDbEntity
  8
B.Cu
  6
CONTINUOUS
100
AcDbLine
 10
177.4705679999999859
 20
-119.1072619999999915
 30
0
 11
177.5435530000000028
 21
-118.882638
 31
0
  0
LINE
  5
96C
330
1A
100
AcDbEntity
  8
B.Cu
  6
CONTINUOUS
100
AcDbLine
 10
177.5435530000000028
 20
-118.882638
 30
0
 11
177.5805000000000007
 21
-118.6493619999999964
 31
0
  0
LINE
  5
96D
330
1A
100
AcDbEntity
  8
B.Cu
  6
CONTINUOUS
100
AcDbLine
 10
177.5805000000000007
 20
-118.6493619999999964
 30
0
 11
177.5805000000000007
 21
-118.4131779999999878
 31
0
  0
LINE
  5
96E
330
1A
100
AcDbEntity
  8
B.Cu
  6
CONTINUOUS
100
AcDbLine
 10
177.5805000000000007
 20
-118.4131779999999878
 30
0
 11
177.5805000000000007
 21
-116.8819079999999957
 31
0
  0
LINE
  5
96F
330
1A
100
AcDbEntity
  8
B.Cu
  6
CONTINUOUS
100
AcDbLine
 10
177.5805000000000007
 20
-116.8819079999999957
 30
0
 11
177.5805000000000007
 21
-113.3819079999999957
 31
0
  0
LINE
  5
970
330
1A
100
AcDbEntity
  8
B.Cu
  6
CONTINUOUS
100
AcDbLine
 10
177.5805000000000007
 20
-113.3819079999999957
 30
0
 11
177.5435530000000028
 21
-113.1486319999999921
 31
0
  0
LINE
  5
971
330
1A
100
AcDbEntity
  8
B.Cu
  6
CONTINUOUS
100
AcDbLine
 10
177.5435530000000028
 20
-113.1486319999999921
 30
0
 11
177.4705679999999859
 21
-112.9240080000000006
 31
0
  0
LINE
  5
972
330
1A
100
AcDbEntity
  8
B.Cu
  6
CONTINUOUS
100
AcDbLine
 10
177.4705679999999859
 20
-112.9240080000000006
 30
0
 11
177.3633429999999862
 21
-112.7135669999999976
 31
0
  0
LINE
  5
973
330
1A
100
AcDbEntity
  8
B.Cu
  6
CONTINUOUS
100
AcDbLine
 10
177.3633429999999862
 20
-112.7135669999999976
 30
0
 11
177.3633409999999913
 21
-112.713563999999991
 31
0
  0
LINE
  5
974
330
1A
100
AcDbEntity
  8
B.Cu
  6
CONTINUOUS
100
AcDbLine
 10
177.3633409999999913
 20
-112.713563999999991
 30
0
 11
177.3633399999999938
 21
-112.713561999999996
 31
0
  0
LINE
  5
975
330
1A
100
AcDbEntity
  8
B.Cu
  6
CONTINUOUS
100
AcDbLine
 10
177.3633399999999938
 20
-112.713561999999996
 30
0
 11
177.2245209999999815
 21
-112.5224949999999922
 31
0
  0
LINE
  5
976
330
1A
100
AcDbEntity
  8
B.Cu
  6
CONTINUOUS
100
AcDbLine
 10
177.2245209999999815
 20
-112.5224949999999922
 30
0
 11
177.2245189999999866
 21
-112.5224929999999972
 31
0
  0
LINE
  5
977
330
1A
100
AcDbEntity
  8
B.Cu
  6
CONTINUOUS
100
AcDbLine
 10
177.2245189999999866
 20
-112.5224929999999972
 30
0
 11
177.2245169999999916
 21
-112.5224899999999906
 31
0
  0
LINE
  5
978
330
1A
100
AcDbEntity
  8
B.Cu
  6
CONTINUOUS
100
AcDbLine
 10
177.2245169999999916
 20
-112.5224899999999906
 30
0
 11
177.0575099999999793
 21
-112.3554829999999924
 31
0
  0
LINE
  5
979
330
1A
100
AcDbEntity
  8
B.Cu
  6
CONTINUOUS
100
AcDbLine
 10
177.0575099999999793
 20
-112.3554829999999924
 30
0
 11
177.0575059999999894
 21
-112.35548
 31
0
  0
LINE
  5
97A
330
1A
100
AcDbEntity
  8
B.Cu
  6
CONTINUOUS
100
AcDbLine
 10
177.0575059999999894
 20
-112.35548
 30
0
 11
177.0575039999999944
 21
-112.3554779999999909
 31
0
  0
LINE
  5
97B
330
1A
100
AcDbEntity
  8
B.Cu
  6
CONTINUOUS
100
AcDbLine
 10
177.0575039999999944
 20
-112.3554779999999909
 30
0
 11
176.8664369999999906
 21
-112.2166589999999928
 31
0
  0
LINE
  5
97C
330
1A
100
AcDbEntity
  8
B.Cu
  6
CONTINUOUS
100
AcDbLine
 10
176.8664369999999906
 20
-112.2166589999999928
 30
0
 11
176.8459159999999883
 21
-112.2062029999999879
 31
0
  0
LINE
  5
97D
330
1A
100
AcDbEntity
  8
B.Cu
  6
CONTINUOUS
100
AcDbLine
 10
176.8459159999999883
 20
-112.2062029999999879
 30
0
 11
176.6559919999999977
 21
-112.1094319999999982
 31
0
  0
LINE
  5
97E
330
1A
100
AcDbEntity
  8
B.Cu
  6
CONTINUOUS
100
AcDbLine
 10
176.6559919999999977
 20
-112.1094319999999982
 30
0
 11
176.6559890000000053
 21
-112.1094310000000007
 31
0
  0
LINE
  5
97F
330
1A
100
AcDbEntity
  8
B.Cu
  6
CONTINUOUS
100
AcDbLine
 10
176.6559890000000053
 20
-112.1094310000000007
 30
0
 11
176.6559869999999819
 21
-112.109429999999989
 31
0
  0
LINE
  5
980
330
1A
100
AcDbEntity
  8
B.Cu
  6
CONTINUOUS
100
AcDbLine
 10
176.6559869999999819
 20
-112.109429999999989
 30
0
 11
176.5310790000000054
 21
-112.068844999999996
 31
0
  0
LINE
  5
981
330
1A
100
AcDbEntity
  8
B.Cu
  6
CONTINUOUS
100
AcDbLine
 10
176.5310790000000054
 20
-112.068844999999996
 30
0
 11
176.431367999999992
 21
-112.0364469999999955
 31
0
  0
LINE
  5
982
330
1A
100
AcDbEntity
  8
B.Cu
  6
CONTINUOUS
100
AcDbLine
 10
176.431367999999992
 20
-112.0364469999999955
 30
0
 11
176.431365999999997
 21
-112.036445999999998
 31
0
  0
LINE
  5
983
330
1A
100
AcDbEntity
  8
B.Cu
  6
CONTINUOUS
100
AcDbLine
 10
176.431365999999997
 20
-112.036445999999998
 30
0
 11
176.4313640000000021
 21
-112.036445999999998
 31
0
  0
LINE
  5
984
330
1A
100
AcDbEntity
  8
B.Cu
  6
CONTINUOUS
100
AcDbLine
 10
176.4313640000000021
 20
-112.036445999999998
 30
0
 11
176.1981030000000032
 21
-111.9995009999999951
 31
0
  0
LINE
  5
985
330
1A
100
AcDbEntity
  8
B.Cu
  6
CONTINUOUS
100
AcDbLine
 10
176.1981030000000032
 20
-111.9995009999999951
 30
0
 11
176.1980939999999975
 21
-111.9994999999999976
 31
0
  0
LINE
  5
986
330
1A
100
AcDbEntity
  8
B.Cu
  6
CONTINUOUS
100
AcDbLine
 10
176.1980939999999975
 20
-111.9994999999999976
 30
0
 11
176.1980920000000026
 21
-111.9994999999999976
 31
0
  0
LINE
  5
987
330
1A
100
AcDbEntity
  8
B.Cu
  6
CONTINUOUS
100
AcDbLine
 10
176.1980920000000026
 20
-111.9994999999999976
 30
0
 11
175.961907999999994
 21
-111.9994999999999976
 31
0
  0
LINE
  5
988
330
1A
100
AcDbEntity
  8
B.Cu
  6
CONTINUOUS
100
AcDbLine
 10
175.961907999999994
 20
-111.9994999999999976
 30
0
 11
175.9619050000000016
 21
-111.9994999999999976
 31
0
  0
LINE
  5
989
330
1A
100
AcDbEntity
  8
B.Cu
  6
CONTINUOUS
100
AcDbLine
 10
175.9619050000000016
 20
-111.9994999999999976
 30
0
 11
175.9618959999999959
 21
-111.9995009999999951
 31
0
  0
LINE
  5
98A
330
1A
100
AcDbEntity
  8
B.Cu
  6
CONTINUOUS
100
AcDbLine
 10
175.9618959999999959
 20
-111.9995009999999951
 30
0
 11
175.728634999999997
 21
-112.036445999999998
 31
0
  0
LINE
  5
98B
330
1A
100
AcDbEntity
  8
B.Cu
  6
CONTINUOUS
100
AcDbLine
 10
175.728634999999997
 20
-112.036445999999998
 30
0
 11
175.5040119999999888
 21
-112.109429999999989
 31
0
  0
LINE
  5
98C
330
1A
100
AcDbEntity
  8
B.Cu
  6
CONTINUOUS
100
AcDbLine
 10
175.5040119999999888
 20
-112.109429999999989
 30
0
 11
175.2935619999999801
 21
-112.2166589999999928
 31
0
  0
LINE
  5
98D
330
1A
100
AcDbEntity
  8
B.Cu
  6
CONTINUOUS
100
AcDbLine
 10
175.2935619999999801
 20
-112.2166589999999928
 30
0
 11
175.1024950000000047
 21
-112.3554779999999909
 31
0
  0
LINE
  5
98E
330
1A
100
AcDbEntity
  8
B.Cu
  6
CONTINUOUS
100
AcDbLine
 10
175.1024950000000047
 20
-112.3554779999999909
 30
0
 11
174.9354779999999892
 21
-112.5224949999999922
 31
0
  0
LINE
  5
98F
330
1A
100
AcDbEntity
  8
B.Cu
  6
CONTINUOUS
100
AcDbLine
 10
174.9354779999999892
 20
-112.5224949999999922
 30
0
 11
174.7966590000000053
 21
-112.713561999999996
 31
0
  0
LINE
  5
990
330
1A
100
AcDbEntity
  8
B.Cu
  6
CONTINUOUS
100
AcDbLine
 10
174.7966590000000053
 20
-112.713561999999996
 30
0
 11
174.6894299999999873
 21
-112.9240119999999905
 31
0
  0
LINE
  5
991
330
1A
100
AcDbEntity
  8
B.Cu
  6
CONTINUOUS
100
AcDbLine
 10
174.6894299999999873
 20
-112.9240119999999905
 30
0
 11
174.6164459999999963
 21
-113.1486349999999987
 31
0
  0
LINE
  5
992
330
1A
100
AcDbEntity
  8
B.Cu
  6
CONTINUOUS
100
AcDbLine
 10
174.6164459999999963
 20
-113.1486349999999987
 30
0
 11
174.5795009999999934
 21
-113.3818959999999976
 31
0
  0
LINE
  5
993
330
1A
100
AcDbEntity
  8
B.Cu
  6
CONTINUOUS
100
AcDbLine
 10
174.5795009999999934
 20
-113.3818959999999976
 30
0
 11
174.5794999999999959
 21
-113.3819119999999998
 31
0
  0
LINE
  5
994
330
1A
100
AcDbEntity
  8
B.Cu
  6
CONTINUOUS
100
AcDbLine
 10
174.5794999999999959
 20
-113.3819119999999998
 30
0
 11
174.5794999999999959
 21
-113.4180199999999985
 31
0
  0
LINE
  5
995
330
1A
100
AcDbEntity
  8
B.Cu
  6
CONTINUOUS
100
AcDbLine
 10
174.5794999999999959
 20
-113.4180199999999985
 30
0
 11
174.560545999999988
 21
-113.513307999999995
 31
0
  0
LINE
  5
996
330
1A
100
AcDbEntity
  8
B.Cu
  6
CONTINUOUS
100
AcDbLine
 10
174.560545999999988
 20
-113.513307999999995
 30
0
 11
174.5065699999999822
 21
-113.5940899999999942
 31
0
  0
LINE
  5
997
330
1A
100
AcDbEntity
  8
B.Cu
  6
CONTINUOUS
100
AcDbLine
 10
174.5065699999999822
 20
-113.5940899999999942
 30
0
 11
174.3530319999999847
 21
-113.7476269999999943
 31
0
  0
LINE
  5
998
330
1A
100
AcDbEntity
  8
B.Cu
  6
CONTINUOUS
100
AcDbLine
 10
174.3530319999999847
 20
-113.7476269999999943
 30
0
 11
174.2896329999999807
 21
-113.9006869999999907
 31
0
  0
LINE
  5
999
330
1A
100
AcDbEntity
  8
B.Cu
  6
CONTINUOUS
100
AcDbLine
 10
174.2896329999999807
 20
-113.9006869999999907
 30
0
 11
174.1970589999999959
 21
-114.0392339999999933
 31
0
  0
LINE
  5
99A
330
1A
100
AcDbEntity
  8
B.Cu
  6
CONTINUOUS
100
AcDbLine
 10
174.1970589999999959
 20
-114.0392339999999933
 30
0
 11
174.0792339999999854
 21
-114.1570589999999896
 31
0
  0
LINE
  5
99B
330
1A
100
AcDbEntity
  8
B.Cu
  6
CONTINUOUS
100
AcDbLine
 10
174.0792339999999854
 20
-114.1570589999999896
 30
0
 11
173.9406869999999969
 21
-114.2496329999999887
 31
0
  0
LINE
  5
99C
330
1A
100
AcDbEntity
  8
B.Cu
  6
CONTINUOUS
100
AcDbLine
 10
173.9406869999999969
 20
-114.2496329999999887
 30
0
 11
173.7876259999999888
 21
-114.3130319999999926
 31
0
  0
LINE
  5
99D
330
1A
100
AcDbEntity
  8
B.Cu
  6
CONTINUOUS
100
AcDbLine
 10
173.7876259999999888
 20
-114.3130319999999926
 30
0
 11
173.2756939999999872
 21
-114.8249649999999917
 31
0
  0
LINE
  5
99E
330
1A
100
AcDbEntity
  8
B.Cu
  6
CONTINUOUS
100
AcDbLine
 10
173.2756939999999872
 20
-114.8249649999999917
 30
0
 11
173.4337449999999876
 21
-114.8499989999999968
 31
0
  0
LINE
  5
99F
330
1A
100
AcDbEntity
  8
B.Cu
  6
CONTINUOUS
100
AcDbLine
 10
173.4337449999999876
 20
-114.8499989999999968
 30
0
 11
173.4337559999999883
 21
-114.8499999999999943
 31
0
  0
LINE
  5
9A0
330
1A
100
AcDbEntity
  8
B.Cu
  6
CONTINUOUS
100
AcDbLine
 10
173.4337559999999883
 20
-114.8499999999999943
 30
0
 11
173.6462439999999958
 21
-114.8499999999999943
 31
0
  0
LINE
  5
9A1
330
1A
100
AcDbEntity
  8
B.Cu
  6
CONTINUOUS
100
AcDbLine
 10
173.6462439999999958
 20
-114.8499999999999943
 30
0
 11
173.6462559999999939
 21
-114.8499989999999968
 31
0
  0
LINE
  5
9A2
330
1A
100
AcDbEntity
  8
B.Cu
  6
CONTINUOUS
100
AcDbLine
 10
173.6462559999999939
 20
-114.8499989999999968
 30
0
 11
173.8561229999999966
 21
-114.816757999999993
 31
0
  0
LINE
  5
9A3
330
1A
100
AcDbEntity
  8
B.Cu
  6
CONTINUOUS
100
AcDbLine
 10
173.8561229999999966
 20
-114.816757999999993
 30
0
 11
174.0582149999999899
 21
-114.7510949999999923
 31
0
  0
LINE
  5
9A4
330
1A
100
AcDbEntity
  8
B.Cu
  6
CONTINUOUS
100
AcDbLine
 10
174.0582149999999899
 20
-114.7510949999999923
 30
0
 11
174.0582239999999956
 21
-114.7510909999999882
 31
0
  0
LINE
  5
9A5
330
1A
100
AcDbEntity
  8
B.Cu
  6
CONTINUOUS
100
AcDbLine
 10
174.0582239999999956
 20
-114.7510909999999882
 30
0
 11
174.2174559999999985
 21
-114.6699589999999915
 31
0
  0
LINE
  5
9A6
330
1A
100
AcDbEntity
  8
B.Cu
  6
CONTINUOUS
100
AcDbLine
 10
174.2174559999999985
 20
-114.6699589999999915
 30
0
 11
174.3109629999999868
 21
-114.6435869999999966
 31
0
  0
LINE
  5
9A7
330
1A
100
AcDbEntity
  8
B.Cu
  6
CONTINUOUS
100
AcDbLine
 10
174.3109629999999868
 20
-114.6435869999999966
 30
0
 11
174.4074439999999981
 21
-114.6550060000000002
 31
0
  0
LINE
  5
9A8
330
1A
100
AcDbEntity
  8
B.Cu
  6
CONTINUOUS
100
AcDbLine
 10
174.4074439999999981
 20
-114.6550060000000002
 30
0
 11
174.492211999999995
 21
-114.7024770000000018
 31
0
  0
LINE
  5
9A9
330
1A
100
AcDbEntity
  8
B.Cu
  6
CONTINUOUS
100
AcDbLine
 10
174.492211999999995
 20
-114.7024770000000018
 30
0
 11
174.5523599999999931
 21
-114.778774999999996
 31
0
  0
LINE
  5
9AA
330
1A
100
AcDbEntity
  8
B.Cu
  6
CONTINUOUS
100
AcDbLine
 10
174.5523599999999931
 20
-114.778774999999996
 30
0
 11
174.5787320000000022
 21
-114.8722819999999984
 31
0
  0
LINE
  5
9AB
330
1A
100
AcDbEntity
  8
B.Cu
  6
CONTINUOUS
100
AcDbLine
 10
174.5787320000000022
 20
-114.8722819999999984
 30
0
 11
174.5794999999999959
 21
-114.8918189999999981
 31
0
  0
LINE
  5
9AC
330
1A
100
AcDbEntity
  8
B.Cu
  6
CONTINUOUS
100
AcDbLine
 10
174.5794999999999959
 20
-114.8918189999999981
 30
0
 11
174.5794999999999959
 21
-117.8066029999999955
 31
0
  0
LINE
  5
9AD
330
1A
100
AcDbEntity
  8
B.Cu
  6
CONTINUOUS
100
AcDbLine
 10
174.5794999999999959
 20
-117.8066029999999955
 30
0
 11
174.560545999999988
 21
-117.901890999999992
 31
0
  0
LINE
  5
9AE
330
1A
100
AcDbEntity
  8
B.Cu
  6
CONTINUOUS
100
AcDbLine
 10
174.560545999999988
 20
-117.901890999999992
 30
0
 11
174.5065699999999822
 21
-117.9826729999999912
 31
0
  0
LINE
  5
9AF
330
1A
100
AcDbEntity
  8
B.Cu
  6
CONTINUOUS
100
AcDbLine
 10
174.5065699999999822
 20
-117.9826729999999912
 30
0
 11
164.1959579999999903
 21
-128.2932839999999999
 31
0
  0
LINE
  5
9B0
330
1A
100
AcDbEntity
  8
B.Cu
  6
CONTINUOUS
100
AcDbLine
 10
164.1959579999999903
 20
-128.2932839999999999
 30
0
 11
164.1151759999999911
 21
-128.3472600000000057
 31
0
  0
LINE
  5
9B1
330
1A
100
AcDbEntity
  8
B.Cu
  6
CONTINUOUS
100
AcDbLine
 10
164.1151759999999911
 20
-128.3472600000000057
 30
0
 11
164.0198879999999804
 21
-128.3662139999999852
 31
0
  0
LINE
  5
9B2
330
1A
100
AcDbEntity
  8
B.Cu
  6
CONTINUOUS
100
AcDbLine
 10
164.0198879999999804
 20
-128.3662139999999852
 30
0
 11
163.9429429999999854
 21
-128.3540270000000021
 31
0
  0
LINE
  5
9B3
330
1A
100
AcDbEntity
  8
B.Cu
  6
CONTINUOUS
100
AcDbLine
 10
163.9429429999999854
 20
-128.3540270000000021
 30
0
 11
163.8249649999999917
 21
-128.3156929999999818
 31
0
  0
LINE
  5
9B4
330
1A
100
AcDbEntity
  8
B.Cu
  6
CONTINUOUS
100
AcDbLine
 10
163.8249649999999917
 20
-128.3156929999999818
 30
0
 11
163.3130319999999926
 21
-128.8276259999999809
 31
0
  0
LINE
  5
9B5
330
1A
100
AcDbEntity
  8
B.Cu
  6
CONTINUOUS
100
AcDbLine
 10
163.3130319999999926
 20
-128.8276259999999809
 30
0
 11
163.2496329999999887
 21
-128.980686999999989
 31
0
  0
LINE
  5
9B6
330
1A
100
AcDbEntity
  8
B.Cu
  6
CONTINUOUS
100
AcDbLine
 10
163.2496329999999887
 20
-128.980686999999989
 30
0
 11
163.1570590000000038
 21
-129.1192340000000058
 31
0
  0
LINE
  5
9B7
330
1A
100
AcDbEntity
  8
B.Cu
  6
CONTINUOUS
100
AcDbLine
 10
163.1570590000000038
 20
-129.1192340000000058
 30
0
 11
163.0392339999999933
 21
-129.2370589999999879
 31
0
  0
LINE
  5
9B8
330
1A
100
AcDbEntity
  8
B.Cu
  6
CONTINUOUS
100
AcDbLine
 10
163.0392339999999933
 20
-129.2370589999999879
 30
0
 11
162.9006870000000049
 21
-129.3296330000000012
 31
0
  0
LINE
  5
9B9
330
1A
100
AcDbEntity
  8
B.Cu
  6
CONTINUOUS
100
AcDbLine
 10
162.9006870000000049
 20
-129.3296330000000012
 30
0
 11
162.7476259999999968
 21
-129.3930320000000052
 31
0
  0
LINE
  5
9BA
330
1A
100
AcDbEntity
  8
B.Cu
  6
CONTINUOUS
100
AcDbLine
 10
162.7476259999999968
 20
-129.3930320000000052
 30
0
 11
162.2356929999999977
 21
-129.9049650000000042
 31
0
  0
LINE
  5
9BB
330
1A
100
AcDbEntity
  8
B.Cu
  6
CONTINUOUS
100
AcDbLine
 10
162.2356929999999977
 20
-129.9049650000000042
 30
0
 11
162.2740269999999896
 21
-130.0229429999999979
 31
0
  0
LINE
  5
9BC
330
1A
100
AcDbEntity
  8
B.Cu
  6
CONTINUOUS
100
AcDbLine
 10
162.2740269999999896
 20
-130.0229429999999979
 30
0
 11
162.285445999999979
 21
-130.1194250000000068
 31
0
  0
LINE
  5
9BD
330
1A
100
AcDbEntity
  8
B.Cu
  6
CONTINUOUS
100
AcDbLine
 10
162.285445999999979
 20
-130.1194250000000068
 30
0
 11
162.2590739999999983
 21
-130.212931999999995
 31
0
  0
LINE
  5
9BE
330
1A
100
AcDbEntity
  8
B.Cu
  6
CONTINUOUS
100
AcDbLine
 10
162.2590739999999983
 20
-130.212931999999995
 30
0
 11
162.2132839999999874
 21
-130.2759580000000028
 31
0
  0
LINE
  5
9BF
330
1A
100
AcDbEntity
  8
B.Cu
  6
CONTINUOUS
100
AcDbLine
 10
162.2132839999999874
 20
-130.2759580000000028
 30
0
 11
160.0986729999999909
 21
-132.3905699999999968
 31
0
  0
LINE
  5
9C0
330
1A
100
AcDbEntity
  8
B.Cu
  6
CONTINUOUS
100
AcDbLine
 10
160.0986729999999909
 20
-132.3905699999999968
 30
0
 11
160.0178909999999917
 21
-132.4445460000000026
 31
0
  0
LINE
  5
9C1
330
1A
100
AcDbEntity
  8
B.Cu
  6
CONTINUOUS
100
AcDbLine
 10
160.0178909999999917
 20
-132.4445460000000026
 30
0
 11
159.922602999999981
 21
-132.463499999999982
 31
0
  0
LINE
  5
9C2
330
1A
100
AcDbEntity
  8
B.Cu
  6
CONTINUOUS
100
AcDbLine
 10
159.922602999999981
 20
-132.463499999999982
 30
0
 11
146.2494999999999834
 21
-132.463499999999982
 31
0
  0
LINE
  5
9C3
330
1A
100
AcDbEntity
  8
B.Cu
  6
CONTINUOUS
100
AcDbLine
 10
146.2494999999999834
 20
-132.463499999999982
 30
0
 11
146.1542120000000011
 21
-132.4445460000000026
 31
0
  0
LINE
  5
9C4
330
1A
100
AcDbEntity
  8
B.Cu
  6
CONTINUOUS
100
AcDbLine
 10
146.1542120000000011
 20
-132.4445460000000026
 30
0
 11
146.0734300000000019
 21
-132.3905699999999968
 31
0
  0
LINE
  5
9C5
330
1A
100
AcDbEntity
  8
B.Cu
  6
CONTINUOUS
100
AcDbLine
 10
146.0734300000000019
 20
-132.3905699999999968
 30
0
 11
146.0194539999999961
 21
-132.3097879999999975
 31
0
  0
LINE
  5
9C6
330
1A
100
AcDbEntity
  8
B.Cu
  6
CONTINUOUS
100
AcDbLine
 10
146.0194539999999961
 20
-132.3097879999999975
 30
0
 11
146.0004999999999882
 21
-132.2144999999999868
 31
0
  0
LINE
  5
9C7
330
1A
100
AcDbEntity
  8
B.Cu
  6
CONTINUOUS
100
AcDbLine
 10
146.0004999999999882
 20
-132.2144999999999868
 30
0
 11
146.0004999999999882
 21
-130.3569119999999941
 31
0
  0
LINE
  5
9C8
330
1A
100
AcDbEntity
  8
B.Cu
  6
CONTINUOUS
100
AcDbLine
 10
146.0004999999999882
 20
-130.3569119999999941
 30
0
 11
146.0004979999999932
 21
-130.3568960000000061
 31
0
  0
LINE
  5
9C9
330
1A
100
AcDbEntity
  8
B.Cu
  6
CONTINUOUS
100
AcDbLine
 10
146.0004979999999932
 20
-130.3568960000000061
 30
0
 11
145.9876789999999858
 21
-130.2759580000000028
 31
0
  0
LINE
  5
9CA
330
1A
100
AcDbEntity
  8
B.Cu
  6
CONTINUOUS
100
AcDbLine
 10
145.9876789999999858
 20
-130.2759580000000028
 30
0
 11
145.9635529999999903
 21
-130.1236319999999864
 31
0
  0
LINE
  5
9CB
330
1A
100
AcDbEntity
  8
B.Cu
  6
CONTINUOUS
100
AcDbLine
 10
145.9635529999999903
 20
-130.1236319999999864
 30
0
 11
145.8905680000000018
 21
-129.8990079999999807
 31
0
  0
LINE
  5
9CC
330
1A
100
AcDbEntity
  8
B.Cu
  6
CONTINUOUS
100
AcDbLine
 10
145.8905680000000018
 20
-129.8990079999999807
 30
0
 11
145.7833430000000021
 21
-129.6885670000000061
 31
0
  0
LINE
  5
9CD
330
1A
100
AcDbEntity
  8
B.Cu
  6
CONTINUOUS
100
AcDbLine
 10
145.7833430000000021
 20
-129.6885670000000061
 30
0
 11
145.7833410000000072
 21
-129.6885639999999853
 31
0
  0
LINE
  5
9CE
330
1A
100
AcDbEntity
  8
B.Cu
  6
CONTINUOUS
100
AcDbLine
 10
145.7833410000000072
 20
-129.6885639999999853
 30
0
 11
145.7833399999999813
 21
-129.6885619999999903
 31
0
  0
LINE
  5
9CF
330
1A
100
AcDbEntity
  8
B.Cu
  6
CONTINUOUS
100
AcDbLine
 10
145.7833399999999813
 20
-129.6885619999999903
 30
0
 11
145.6445209999999975
 21
-129.4974949999999865
 31
0
  0
LINE
  5
9D0
330
1A
100
AcDbEntity
  8
B.Cu
  6
CONTINUOUS
100
AcDbLine
 10
145.6445209999999975
 20
-129.4974949999999865
 30
0
 11
145.6445190000000025
 21
-129.4974929999999915
 31
0
  0
LINE
  5
9D1
330
1A
100
AcDbEntity
  8
B.Cu
  6
CONTINUOUS
100
AcDbLine
 10
145.6445190000000025
 20
-129.4974929999999915
 30
0
 11
145.6445170000000076
 21
-129.4974899999999991
 31
0
  0
LINE
  5
9D2
330
1A
100
AcDbEntity
  8
B.Cu
  6
CONTINUOUS
100
AcDbLine
 10
145.6445170000000076
 20
-129.4974899999999991
 30
0
 11
145.4775099999999952
 21
-129.3304829999999868
 31
0
  0
LINE
  5
9D3
330
1A
100
AcDbEntity
  8
B.Cu
  6
CONTINUOUS
100
AcDbLine
 10
145.4775099999999952
 20
-129.3304829999999868
 30
0
 11
145.4775060000000053
 21
-129.3304799999999943
 31
0
  0
LINE
  5
9D4
330
1A
100
AcDbEntity
  8
B.Cu
  6
CONTINUOUS
100
AcDbLine
 10
145.4775060000000053
 20
-129.3304799999999943
 30
0
 11
145.4775039999999819
 21
-129.3304779999999994
 31
0
  0
LINE
  5
9D5
330
1A
100
AcDbEntity
  8
B.Cu
  6
CONTINUOUS
100
AcDbLine
 10
145.4775039999999819
 20
-129.3304779999999994
 30
0
 11
145.2864370000000065
 21
-129.1916589999999871
 31
0
  0
LINE
  5
9D6
330
1A
100
AcDbEntity
  8
B.Cu
  6
CONTINUOUS
100
AcDbLine
 10
145.2864370000000065
 20
-129.1916589999999871
 30
0
 11
145.0759860000000003
 21
-129.0844290000000001
 31
0
  0
LINE
  5
9D7
330
1A
100
AcDbEntity
  8
B.Cu
  6
CONTINUOUS
100
AcDbLine
 10
145.0759860000000003
 20
-129.0844290000000001
 30
0
 11
145.0669509999999889
 21
-129.0806869999999833
 31
0
  0
LINE
  5
9D8
330
1A
100
AcDbEntity
  8
B.Cu
  6
CONTINUOUS
100
AcDbLine
 10
145.0669509999999889
 20
-129.0806869999999833
 30
0
 11
145.0677299999999832
 21
-129.0788049999999885
 31
0
  0
LINE
  5
9D9
330
1A
100
AcDbEntity
  8
B.Cu
  6
CONTINUOUS
100
AcDbLine
 10
145.0677299999999832
 20
-129.0788049999999885
 30
0
 11
144.9954759999999965
 21
-129.038343999999995
 31
0
  0
LINE
  5
9DA
330
1A
100
AcDbEntity
  8
B.Cu
  6
CONTINUOUS
100
AcDbLine
 10
144.9954759999999965
 20
-129.038343999999995
 30
0
 11
144.9353270000000009
 21
-128.9620469999999841
 31
0
  0
LINE
  5
9DB
330
1A
100
AcDbEntity
  8
B.Cu
  6
CONTINUOUS
100
AcDbLine
 10
144.9353270000000009
 20
-128.9620469999999841
 30
0
 11
144.9089529999999968
 21
-128.8685409999999933
 31
0
  0
LINE
  5
9DC
330
1A
100
AcDbEntity
  8
B.Cu
  6
CONTINUOUS
100
AcDbLine
 10
144.9089529999999968
 20
-128.8685409999999933
 30
0
 11
144.9203699999999913
 21
-128.7720589999999845
 31
0
  0
LINE
  5
9DD
330
1A
100
AcDbEntity
  8
B.Cu
  6
CONTINUOUS
100
AcDbLine
 10
144.9203699999999913
 20
-128.7720589999999845
 30
0
 11
144.9678399999999954
 21
-128.6872899999999902
 31
0
  0
LINE
  5
9DE
330
1A
100
AcDbEntity
  8
B.Cu
  6
CONTINUOUS
100
AcDbLine
 10
144.9678399999999954
 20
-128.6872899999999902
 30
0
 11
145.0441370000000063
 21
-128.6271409999999946
 31
0
  0
LINE
  5
9DF
330
1A
100
AcDbEntity
  8
B.Cu
  6
CONTINUOUS
100
AcDbLine
 10
145.0441370000000063
 20
-128.6271409999999946
 30
0
 11
145.1376429999999971
 21
-128.6007669999999905
 31
0
  0
LINE
  5
9E0
330
1A
100
AcDbEntity
  8
B.Cu
  6
CONTINUOUS
100
AcDbLine
 10
145.1376429999999971
 20
-128.6007669999999905
 30
0
 11
145.1571849999999984
 21
-128.5999989999999968
 31
0
  0
LINE
  5
9E1
330
1A
100
AcDbEntity
  8
B.Cu
  6
CONTINUOUS
100
AcDbLine
 10
145.1571849999999984
 20
-128.5999989999999968
 30
0
 11
145.1999759999999924
 21
-128.5999989999999968
 31
0
  0
LINE
  5
9E2
330
1A
100
AcDbEntity
  8
B.Cu
  6
CONTINUOUS
100
AcDbLine
 10
145.1999759999999924
 20
-128.5999989999999968
 30
0
 11
145.3026989999999898
 21
-128.5895050000000026
 31
0
  0
LINE
  5
9E3
330
1A
100
AcDbEntity
  8
B.Cu
  6
CONTINUOUS
100
AcDbLine
 10
145.3026989999999898
 20
-128.5895050000000026
 30
0
 11
145.3027019999999823
 21
-128.5895040000000051
 31
0
  0
LINE
  5
9E4
330
1A
100
AcDbEntity
  8
B.Cu
  6
CONTINUOUS
100
AcDbLine
 10
145.3027019999999823
 20
-128.5895040000000051
 30
0
 11
145.4691190000000063
 21
-128.5343589999999949
 31
0
  0
LINE
  5
9E5
330
1A
100
AcDbEntity
  8
B.Cu
  6
CONTINUOUS
100
AcDbLine
 10
145.4691190000000063
 20
-128.5343589999999949
 30
0
 11
145.4691210000000012
 21
-128.5343579999999974
 31
0
  0
LINE
  5
9E6
330
1A
100
AcDbEntity
  8
B.Cu
  6
CONTINUOUS
100
AcDbLine
 10
145.4691210000000012
 20
-128.5343579999999974
 30
0
 11
145.6183409999999867
 21
-128.4423180000000002
 31
0
  0
LINE
  5
9E7
330
1A
100
AcDbEntity
  8
B.Cu
  6
CONTINUOUS
100
AcDbLine
 10
145.6183409999999867
 20
-128.4423180000000002
 30
0
 11
145.618345000000005
 21
-128.4423150000000078
 31
0
  0
LINE
  5
9E8
330
1A
100
AcDbEntity
  8
B.Cu
  6
CONTINUOUS
100
AcDbLine
 10
145.618345000000005
 20
-128.4423150000000078
 30
0
 11
145.7423189999999806
 21
-128.3183410000000038
 31
0
  0
LINE
  5
9E9
330
1A
100
AcDbEntity
  8
B.Cu
  6
CONTINUOUS
100
AcDbLine
 10
145.7423189999999806
 20
-128.3183410000000038
 30
0
 11
145.8343559999999854
 21
-128.1691250000000082
 31
0
  0
LINE
  5
9EA
330
1A
100
AcDbEntity
  8
B.Cu
  6
CONTINUOUS
100
AcDbLine
 10
145.8343559999999854
 20
-128.1691250000000082
 30
0
 11
145.857262999999989
 21
-128.0999999999999943
 31
0
  0
LINE
  5
9EB
330
1A
100
AcDbEntity
  8
B.Cu
  6
CONTINUOUS
100
AcDbLine
 10
145.857262999999989
 20
-128.0999999999999943
 30
0
 11
142.9981389999999806
 21
-128.0999999999999943
 31
0
  0
LINE
  5
9EC
330
1A
100
AcDbEntity
  8
B.Cu
  6
CONTINUOUS
100
AcDbLine
 10
142.9981389999999806
 20
-128.0999999999999943
 30
0
 11
142.9028509999999983
 21
-128.0810459999999864
 31
0
  0
LINE
  5
9ED
330
1A
100
AcDbEntity
  8
B.Cu
  6
CONTINUOUS
100
AcDbLine
 10
142.9028509999999983
 20
-128.0810459999999864
 30
0
 11
142.8563869999999838
 21
-128.0499999999999829
 31
0
  0
LINE
  5
9EE
330
1A
100
AcDbEntity
  8
B.Cu
  6
CONTINUOUS
100
AcDbLine
 10
142.8563869999999838
 20
-128.0499999999999829
 30
0
 11
142.5864009999999951
 21
-128.0499999999999829
 31
0
  0
LINE
  5
9EF
330
1A
100
AcDbEntity
  8
B.Cu
  6
CONTINUOUS
100
AcDbLine
 10
142.5864009999999951
 20
-128.0499999999999829
 30
0
 11
142.5243820000000028
 21
-128.0401769999999999
 31
0
  0
LINE
  5
9F0
330
1A
100
AcDbEntity
  8
B.Cu
  6
CONTINUOUS
100
AcDbLine
 10
142.5243820000000028
 20
-128.0401769999999999
 30
0
 11
142.4749999999999943
 21
-128.0499999999999829
 31
0
  0
LINE
  5
9F1
330
1A
100
AcDbEntity
  8
B.Cu
  6
CONTINUOUS
100
AcDbLine
 10
142.4749999999999943
 20
-128.0499999999999829
 30
0
 11
141.5250000000000057
 21
-128.0499999999999829
 31
0
  0
LINE
  5
9F2
330
1A
100
AcDbEntity
  8
B.Cu
  6
CONTINUOUS
100
AcDbLine
 10
141.5250000000000057
 20
-128.0499999999999829
 30
0
 11
141.4293289999999956
 21
-128.0309699999999964
 31
0
  0
LINE
  5
9F3
330
1A
100
AcDbEntity
  8
B.Cu
  6
CONTINUOUS
100
AcDbLine
 10
141.4293289999999956
 20
-128.0309699999999964
 30
0
 11
141.3482229999999902
 21
-127.9767769999999985
 31
0
  0
LINE
  5
9F4
330
1A
100
AcDbEntity
  8
B.Cu
  6
CONTINUOUS
100
AcDbLine
 10
141.3482229999999902
 20
-127.9767769999999985
 30
0
 11
141.2940299999999922
 21
-127.895670999999993
 31
0
  0
LINE
  5
9F5
330
1A
100
AcDbEntity
  8
B.Cu
  6
CONTINUOUS
100
AcDbLine
 10
141.2940299999999922
 20
-127.895670999999993
 30
0
 11
141.2750000000000057
 21
-127.7999999999999972
 31
0
  0
LINE
  5
9F6
330
1A
100
AcDbEntity
  8
B.Cu
  6
CONTINUOUS
100
AcDbLine
 10
141.2750000000000057
 20
-127.7999999999999972
 30
0
 11
141.2750000000000057
 21
-127.2999999999999972
 31
0
  0
LINE
  5
9F7
330
1A
100
AcDbEntity
  8
B.Cu
  6
CONTINUOUS
100
AcDbLine
 10
141.2750000000000057
 20
-127.2999999999999972
 30
0
 11
141.2940299999999922
 21
-127.2043290000000013
 31
0
  0
LINE
  5
9F8
330
1A
100
AcDbEntity
  8
B.Cu
  6
CONTINUOUS
100
AcDbLine
 10
141.2940299999999922
 20
-127.2043290000000013
 30
0
 11
141.3482229999999902
 21
-127.1232229999999959
 31
0
  0
LINE
  5
9F9
330
1A
100
AcDbEntity
  8
B.Cu
  6
CONTINUOUS
100
AcDbLine
 10
141.3482229999999902
 20
-127.1232229999999959
 30
0
 11
141.4293289999999956
 21
-127.0690299999999979
 31
0
  0
LINE
  5
9FA
330
1A
100
AcDbEntity
  8
B.Cu
  6
CONTINUOUS
100
AcDbLine
 10
141.4293289999999956
 20
-127.0690299999999979
 30
0
 11
141.5
 21
-127.0549719999999922
 31
0
  0
LINE
  5
9FB
330
1A
100
AcDbEntity
  8
B.Cu
  6
CONTINUOUS
100
AcDbLine
 10
141.5
 20
-127.0549719999999922
 30
0
 11
141.5
 21
-126.9106599999999929
 31
0
  0
LINE
  5
9FC
330
1A
100
AcDbEntity
  8
B.Cu
  6
CONTINUOUS
100
AcDbLine
 10
141.5
 20
-126.9106599999999929
 30
0
 11
140.7863999999999862
 21
-127.6242599999999925
 31
0
  0
LINE
  5
9FD
330
1A
100
AcDbEntity
  8
B.Cu
  6
CONTINUOUS
100
AcDbLine
 10
140.7863999999999862
 20
-127.6242599999999925
 30
0
 11
140.7129689999999869
 21
-127.6733239999999938
 31
0
  0
LINE
  5
9FE
330
1A
100
AcDbEntity
  8
B.Cu
  6
CONTINUOUS
100
AcDbLine
 10
140.7129689999999869
 20
-127.6733239999999938
 30
0
 11
140.6628499999999917
 21
-127.7483329999999881
 31
0
  0
LINE
  5
9FF
330
1A
100
AcDbEntity
  8
B.Cu
  6
CONTINUOUS
100
AcDbLine
 10
140.6628499999999917
 20
-127.7483329999999881
 30
0
 11
140.5583330000000046
 21
-127.8528499999999894
 31
0
  0
LINE
  5
A00
330
1A
100
AcDbEntity
  8
B.Cu
  6
CONTINUOUS
100
AcDbLine
 10
140.5583330000000046
 20
-127.8528499999999894
 30
0
 11
140.4354329999999891
 21
-127.9349689999999953
 31
0
  0
LINE
  5
A01
330
1A
100
AcDbEntity
  8
B.Cu
  6
CONTINUOUS
100
AcDbLine
 10
140.4354329999999891
 20
-127.9349689999999953
 30
0
 11
140.2988749999999811
 21
-127.9915329999999898
 31
0
  0
LINE
  5
A02
330
1A
100
AcDbEntity
  8
B.Cu
  6
CONTINUOUS
100
AcDbLine
 10
140.2988749999999811
 20
-127.9915329999999898
 30
0
 11
140.1539049999999804
 21
-128.0203689999999881
 31
0
  0
LINE
  5
A03
330
1A
100
AcDbEntity
  8
B.Cu
  6
CONTINUOUS
100
AcDbLine
 10
140.1539049999999804
 20
-128.0203689999999881
 30
0
 11
140.0060949999999877
 21
-128.0203689999999881
 31
0
  0
LINE
  5
A04
330
1A
100
AcDbEntity
  8
B.Cu
  6
CONTINUOUS
100
AcDbLine
 10
140.0060949999999877
 20
-128.0203689999999881
 30
0
 11
139.861124999999987
 21
-127.9915329999999898
 31
0
  0
LINE
  5
A05
330
1A
100
AcDbEntity
  8
B.Cu
  6
CONTINUOUS
100
AcDbLine
 10
139.861124999999987
 20
-127.9915329999999898
 30
0
 11
139.7245670000000075
 21
-127.9349689999999953
 31
0
  0
LINE
  5
A06
330
1A
100
AcDbEntity
  8
B.Cu
  6
CONTINUOUS
100
AcDbLine
 10
139.7245670000000075
 20
-127.9349689999999953
 30
0
 11
139.601666999999992
 21
-127.8528499999999894
 31
0
  0
LINE
  5
A07
330
1A
100
AcDbEntity
  8
B.Cu
  6
CONTINUOUS
100
AcDbLine
 10
139.601666999999992
 20
-127.8528499999999894
 30
0
 11
139.4971500000000049
 21
-127.7483329999999881
 31
0
  0
LINE
  5
A08
330
1A
100
AcDbEntity
  8
B.Cu
  6
CONTINUOUS
100
AcDbLine
 10
139.4971500000000049
 20
-127.7483329999999881
 30
0
 11
139.415030999999999
 21
-127.625433000000001
 31
0
  0
LINE
  5
A09
330
1A
100
AcDbEntity
  8
B.Cu
  6
CONTINUOUS
100
AcDbLine
 10
139.415030999999999
 20
-127.625433000000001
 30
0
 11
139.3584669999999903
 21
-127.4888749999999931
 31
0
  0
LINE
  5
A0A
330
1A
100
AcDbEntity
  8
B.Cu
  6
CONTINUOUS
100
AcDbLine
 10
139.3584669999999903
 20
-127.4888749999999931
 30
0
 11
139.3296310000000062
 21
-127.3439049999999924
 31
0
  0
LINE
  5
A0B
330
1A
100
AcDbEntity
  8
B.Cu
  6
CONTINUOUS
100
AcDbLine
 10
139.3296310000000062
 20
-127.3439049999999924
 30
0
 11
139.3296310000000062
 21
-127.1960949999999997
 31
0
  0
LINE
  5
A0C
330
1A
100
AcDbEntity
  8
B.Cu
  6
CONTINUOUS
100
AcDbLine
 10
139.3296310000000062
 20
-127.1960949999999997
 30
0
 11
139.3584669999999903
 21
-127.051124999999999
 31
0
  0
LINE
  5
A0D
330
1A
100
AcDbEntity
  8
B.Cu
  6
CONTINUOUS
100
AcDbLine
 10
139.3584669999999903
 20
-127.051124999999999
 30
0
 11
139.415030999999999
 21
-126.914566999999991
 31
0
  0
LINE
  5
A0E
330
1A
100
AcDbEntity
  8
B.Cu
  6
CONTINUOUS
100
AcDbLine
 10
139.415030999999999
 20
-126.914566999999991
 30
0
 11
139.4971500000000049
 21
-126.7916669999999897
 31
0
  0
LINE
  5
A0F
330
1A
100
AcDbEntity
  8
B.Cu
  6
CONTINUOUS
100
AcDbLine
 10
139.4971500000000049
 20
-126.7916669999999897
 30
0
 11
139.601666999999992
 21
-126.6871499999999884
 31
0
  0
LINE
  5
A10
330
1A
100
AcDbEntity
  8
B.Cu
  6
CONTINUOUS
100
AcDbLine
 10
139.601666999999992
 20
-126.6871499999999884
 30
0
 11
139.6766719999999964
 21
-126.6370319999999907
 31
0
  0
LINE
  5
A11
330
1A
100
AcDbEntity
  8
B.Cu
  6
CONTINUOUS
100
AcDbLine
 10
139.6766719999999964
 20
-126.6370319999999907
 30
0
 11
139.7257390000000044
 21
-126.5635999999999939
 31
0
  0
LINE
  5
A12
330
1A
100
AcDbEntity
  8
B.Cu
  6
CONTINUOUS
100
AcDbLine
 10
139.7257390000000044
 20
-126.5635999999999939
 30
0
 11
139.7393380000000036
 21
-126.5500009999999946
 31
0
  0
LINE
  5
A13
330
1A
100
AcDbEntity
  8
B.Cu
  6
CONTINUOUS
100
AcDbLine
 10
139.7393380000000036
 20
-126.5500009999999946
 30
0
 11
140.2751519999999914
 21
-126.0141859999999951
 31
0
  0
LINE
  5
A14
330
1A
100
AcDbEntity
  8
B.Cu
  6
CONTINUOUS
100
AcDbLine
 10
140.2751519999999914
 20
-126.0141859999999951
 30
0
 11
140.3559339999999906
 21
-125.9602089999999919
 31
0
  0
LINE
  5
A15
330
1A
100
AcDbEntity
  8
B.Cu
  6
CONTINUOUS
100
AcDbLine
 10
140.3559339999999906
 20
-125.9602089999999919
 30
0
 11
140.3742479999999944
 21
-125.9534519999999986
 31
0
  0
LINE
  5
A16
330
1A
100
AcDbEntity
  8
B.Cu
  6
CONTINUOUS
100
AcDbLine
 10
140.3742479999999944
 20
-125.9534519999999986
 30
0
 11
140.5615609999999833
 21
-125.8925909999999959
 31
0
  0
LINE
  5
A17
330
1A
100
AcDbEntity
  8
B.Cu
  6
CONTINUOUS
100
AcDbLine
 10
140.5615609999999833
 20
-125.8925909999999959
 30
0
 11
140.7375009999999804
 21
-125.8029439999999965
 31
0
  0
LINE
  5
A18
330
1A
100
AcDbEntity
  8
B.Cu
  6
CONTINUOUS
100
AcDbLine
 10
140.7375009999999804
 20
-125.8029439999999965
 30
0
 11
140.8972519999999804
 21
-125.6868789999999905
 31
0
  0
LINE
  5
A19
330
1A
100
AcDbEntity
  8
B.Cu
  6
CONTINUOUS
100
AcDbLine
 10
140.8972519999999804
 20
-125.6868789999999905
 30
0
 11
141.036878999999999
 21
-125.5472520000000003
 31
0
  0
LINE
  5
A1A
330
1A
100
AcDbEntity
  8
B.Cu
  6
CONTINUOUS
100
AcDbLine
 10
141.036878999999999
 20
-125.5472520000000003
 30
0
 11
141.1529439999999909
 21
-125.3875010000000003
 31
0
  0
LINE
  5
A1B
330
1A
100
AcDbEntity
  8
B.Cu
  6
CONTINUOUS
100
AcDbLine
 10
141.1529439999999909
 20
-125.3875010000000003
 30
0
 11
141.2425910000000044
 21
-125.211560999999989
 31
0
  0
LINE
  5
A1C
330
1A
100
AcDbEntity
  8
B.Cu
  6
CONTINUOUS
100
AcDbLine
 10
141.2425910000000044
 20
-125.211560999999989
 30
0
 11
141.3036099999999919
 21
-125.0237629999999882
 31
0
  0
LINE
  5
A1D
330
1A
100
AcDbEntity
  8
B.Cu
  6
CONTINUOUS
100
AcDbLine
 10
141.3036099999999919
 20
-125.0237629999999882
 30
0
 11
141.3344999999999914
 21
-124.8287309999999906
 31
0
  0
LINE
  5
A1E
330
1A
100
AcDbEntity
  8
B.Cu
  6
CONTINUOUS
100
AcDbLine
 10
141.3344999999999914
 20
-124.8287309999999906
 30
0
 11
141.3344999999999914
 21
-124.631268999999989
 31
0
  0
LINE
  5
A1F
330
1A
100
AcDbEntity
  8
B.Cu
  6
CONTINUOUS
100
AcDbLine
 10
141.3344999999999914
 20
-124.631268999999989
 30
0
 11
141.3036099999999919
 21
-124.4362369999999913
 31
0
  0
LINE
  5
A20
330
1A
100
AcDbEntity
  8
B.Cu
  6
CONTINUOUS
100
AcDbLine
 10
141.3036099999999919
 20
-124.4362369999999913
 30
0
 11
141.2425910000000044
 21
-124.2484389999999905
 31
0
  0
LINE
  5
A21
330
1A
100
AcDbEntity
  8
B.Cu
  6
CONTINUOUS
100
AcDbLine
 10
141.2425910000000044
 20
-124.2484389999999905
 30
0
 11
141.1529459999999858
 21
-124.0725020000000001
 31
0
  0
LINE
  5
A22
330
1A
100
AcDbEntity
  8
B.Cu
  6
CONTINUOUS
100
AcDbLine
 10
141.1529459999999858
 20
-124.0725020000000001
 30
0
 11
141.1529449999999883
 21
-124.0725009999999884
 31
0
  0
LINE
  5
A23
330
1A
100
AcDbEntity
  8
B.Cu
  6
CONTINUOUS
100
AcDbLine
 10
141.1529449999999883
 20
-124.0725009999999884
 30
0
 11
141.1529439999999909
 21
-124.0724989999999934
 31
0
  0
LINE
  5
A24
330
1A
100
AcDbEntity
  8
B.Cu
  6
CONTINUOUS
100
AcDbLine
 10
141.1529439999999909
 20
-124.0724989999999934
 30
0
 11
141.036878999999999
 21
-123.9127479999999935
 31
0
  0
LINE
  5
A25
330
1A
100
AcDbEntity
  8
B.Cu
  6
CONTINUOUS
100
AcDbLine
 10
141.036878999999999
 20
-123.9127479999999935
 30
0
 11
140.8972519999999804
 21
-123.7731209999999891
 31
0
  0
LINE
  5
A26
330
1A
100
AcDbEntity
  8
B.Cu
  6
CONTINUOUS
100
AcDbLine
 10
140.8972519999999804
 20
-123.7731209999999891
 30
0
 11
140.7375009999999804
 21
-123.6570559999999972
 31
0
  0
LINE
  5
A27
330
1A
100
AcDbEntity
  8
B.Cu
  6
CONTINUOUS
100
AcDbLine
 10
140.7375009999999804
 20
-123.6570559999999972
 30
0
 11
140.737497999999988
 21
-123.657053999999988
 31
0
  0
LINE
  5
A28
330
1A
100
AcDbEntity
  8
B.Cu
  6
CONTINUOUS
100
AcDbLine
 10
140.737497999999988
 20
-123.657053999999988
 30
0
 11
140.7374920000000031
 21
-123.6570499999999981
 31
0
  0
LINE
  5
A29
330
1A
100
AcDbEntity
  8
B.Cu
  6
CONTINUOUS
100
AcDbLine
 10
140.7374920000000031
 20
-123.6570499999999981
 30
0
 11
140.7297519999999906
 21
-123.6523069999999933
 31
0
  0
LINE
  5
A2A
330
1A
100
AcDbEntity
  8
B.Cu
  6
CONTINUOUS
100
AcDbLine
 10
140.7297519999999906
 20
-123.6523069999999933
 30
0
 11
140.658409000000006
 21
-123.5863579999999899
 31
0
  0
LINE
  5
A2B
330
1A
100
AcDbEntity
  8
B.Cu
  6
CONTINUOUS
100
AcDbLine
 10
140.658409000000006
 20
-123.5863579999999899
 30
0
 11
140.6177339999999845
 21
-123.4981279999999941
 31
0
  0
LINE
  5
A2C
330
1A
100
AcDbEntity
  8
B.Cu
  6
CONTINUOUS
100
AcDbLine
 10
140.6177339999999845
 20
-123.4981279999999941
 30
0
 11
140.6139200000000073
 21
-123.4010469999999913
 31
0
  0
LINE
  5
A2D
330
1A
100
AcDbEntity
  8
B.Cu
  6
CONTINUOUS
100
AcDbLine
 10
140.6139200000000073
 20
-123.4010469999999913
 30
0
 11
140.647547000000003
 21
-123.3098979999999898
 31
0
  0
LINE
  5
A2E
330
1A
100
AcDbEntity
  8
B.Cu
  6
CONTINUOUS
100
AcDbLine
 10
140.647547000000003
 20
-123.3098979999999898
 30
0
 11
140.7134959999999921
 21
-123.238554999999991
 31
0
  0
LINE
  5
A2F
330
1A
100
AcDbEntity
  8
B.Cu
  6
CONTINUOUS
100
AcDbLine
 10
140.7134959999999921
 20
-123.238554999999991
 30
0
 11
140.7297519999999906
 21
-123.2276929999999879
 31
0
  0
LINE
  5
A30
330
1A
100
AcDbEntity
  8
B.Cu
  6
CONTINUOUS
100
AcDbLine
 10
140.7297519999999906
 20
-123.2276929999999879
 30
0
 11
140.7374920000000031
 21
-123.2229489999999998
 31
0
  0
LINE
  5
A31
330
1A
100
AcDbEntity
  8
B.Cu
  6
CONTINUOUS
100
AcDbLine
 10
140.7374920000000031
 20
-123.2229489999999998
 30
0
 11
140.7374930000000006
 21
-123.2229469999999907
 31
0
  0
LINE
  5
A32
330
1A
100
AcDbEntity
  8
B.Cu
  6
CONTINUOUS
100
AcDbLine
 10
140.7374930000000006
 20
-123.2229469999999907
 30
0
 11
140.7375009999999804
 21
-123.2229439999999983
 31
0
  0
LINE
  5
A33
330
1A
100
AcDbEntity
  8
B.Cu
  6
CONTINUOUS
100
AcDbLine
 10
140.7375009999999804
 20
-123.2229439999999983
 30
0
 11
140.8972519999999804
 21
-123.1068789999999922
 31
0
  0
LINE
  5
A34
330
1A
100
AcDbEntity
  8
B.Cu
  6
CONTINUOUS
100
AcDbLine
 10
140.8972519999999804
 20
-123.1068789999999922
 30
0
 11
141.036878999999999
 21
-122.9672519999999878
 31
0
  0
LINE
  5
A35
330
1A
100
AcDbEntity
  8
B.Cu
  6
CONTINUOUS
100
AcDbLine
 10
141.036878999999999
 20
-122.9672519999999878
 30
0
 11
141.1529439999999909
 21
-122.8075009999999878
 31
0
  0
LINE
  5
A36
330
1A
100
AcDbEntity
  8
B.Cu
  6
CONTINUOUS
100
AcDbLine
 10
141.1529439999999909
 20
-122.8075009999999878
 30
0
 11
141.2425910000000044
 21
-122.6315609999999907
 31
0
  0
LINE
  5
A37
330
1A
100
AcDbEntity
  8
B.Cu
  6
CONTINUOUS
100
AcDbLine
 10
141.2425910000000044
 20
-122.6315609999999907
 30
0
 11
141.3036099999999919
 21
-122.4437629999999899
 31
0
  0
LINE
  5
A38
330
1A
100
AcDbEntity
  8
B.Cu
  6
CONTINUOUS
100
AcDbLine
 10
141.3036099999999919
 20
-122.4437629999999899
 30
0
 11
141.3344999999999914
 21
-122.2487309999999923
 31
0
  0
LINE
  5
A39
330
1A
100
AcDbEntity
  8
B.Cu
  6
CONTINUOUS
100
AcDbLine
 10
141.3344999999999914
 20
-122.2487309999999923
 30
0
 11
141.3344999999999914
 21
-122.0512689999999907
 31
0
  0
LINE
  5
A3A
330
1A
100
AcDbEntity
  8
B.Cu
  6
CONTINUOUS
100
AcDbLine
 10
141.3344999999999914
 20
-122.0512689999999907
 30
0
 11
141.3036099999999919
 21
-121.856236999999993
 31
0
  0
LINE
  5
A3B
330
1A
100
AcDbEntity
  8
B.Cu
  6
CONTINUOUS
100
AcDbLine
 10
141.3036099999999919
 20
-121.856236999999993
 30
0
 11
141.2425910000000044
 21
-121.6684389999999922
 31
0
  0
LINE
  5
A3C
330
1A
100
AcDbEntity
  8
B.Cu
  6
CONTINUOUS
100
AcDbLine
 10
141.2425910000000044
 20
-121.6684389999999922
 30
0
 11
141.173326000000003
 21
-121.5324999999999989
 31
0
  0
LINE
  5
A3D
330
1A
100
AcDbEntity
  8
B.Cu
  6
CONTINUOUS
100
AcDbLine
 10
141.173326000000003
 20
-121.5324999999999989
 30
0
 11
141.1529459999999858
 21
-121.4925019999999876
 31
0
  0
LINE
  5
A3E
330
1A
100
AcDbEntity
  8
B.Cu
  6
CONTINUOUS
100
AcDbLine
 10
141.1529459999999858
 20
-121.4925019999999876
 30
0
 11
141.1529449999999883
 21
-121.4925009999999901
 31
0
  0
LINE
  5
A3F
330
1A
100
AcDbEntity
  8
B.Cu
  6
CONTINUOUS
100
AcDbLine
 10
141.1529449999999883
 20
-121.4925009999999901
 30
0
 11
141.1529439999999909
 21
-121.4924989999999951
 31
0
  0
LINE
  5
A40
330
1A
100
AcDbEntity
  8
B.Cu
  6
CONTINUOUS
100
AcDbLine
 10
141.1529439999999909
 20
-121.4924989999999951
 30
0
 11
141.036878999999999
 21
-121.3327479999999952
 31
0
  0
LINE
  5
A41
330
1A
100
AcDbEntity
  8
B.Cu
  6
CONTINUOUS
100
AcDbLine
 10
141.036878999999999
 20
-121.3327479999999952
 30
0
 11
140.8972519999999804
 21
-121.1931209999999908
 31
0
  0
LINE
  5
A42
330
1A
100
AcDbEntity
  8
B.Cu
  6
CONTINUOUS
100
AcDbLine
 10
140.8972519999999804
 20
-121.1931209999999908
 30
0
 11
140.8972499999999854
 21
-121.1931189999999958
 31
0
  0
LINE
  5
A43
330
1A
100
AcDbEntity
  8
B.Cu
  6
CONTINUOUS
100
AcDbLine
 10
140.8972499999999854
 20
-121.1931189999999958
 30
0
 11
140.7710710000000063
 21
-121.1014459999999957
 31
0
  0
LINE
  5
A44
330
1A
100
AcDbEntity
  8
B.Cu
  6
CONTINUOUS
100
AcDbLine
 10
140.7710710000000063
 20
-121.1014459999999957
 30
0
 11
140.7051209999999912
 21
-121.0301029999999969
 31
0
  0
LINE
  5
A45
330
1A
100
AcDbEntity
  8
B.Cu
  6
CONTINUOUS
100
AcDbLine
 10
140.7051209999999912
 20
-121.0301029999999969
 30
0
 11
140.6714939999999956
 21
-120.9389539999999954
 31
0
  0
LINE
  5
A46
330
1A
100
AcDbEntity
  8
B.Cu
  6
CONTINUOUS
100
AcDbLine
 10
140.6714939999999956
 20
-120.9389539999999954
 30
0
 11
140.6753080000000011
 21
-120.8418729999999925
 31
0
  0
LINE
  5
A47
330
1A
100
AcDbEntity
  8
B.Cu
  6
CONTINUOUS
100
AcDbLine
 10
140.6753080000000011
 20
-120.8418729999999925
 30
0
 11
140.7159819999999968
 21
-120.7536429999999967
 31
0
  0
LINE
  5
A48
330
1A
100
AcDbEntity
  8
B.Cu
  6
CONTINUOUS
100
AcDbLine
 10
140.7159819999999968
 20
-120.7536429999999967
 30
0
 11
140.7710710000000063
 21
-120.6985540000000015
 31
0
  0
LINE
  5
A49
330
1A
100
AcDbEntity
  8
B.Cu
  6
CONTINUOUS
100
AcDbLine
 10
140.7710710000000063
 20
-120.6985540000000015
 30
0
 11
140.8190400000000011
 21
-120.6637029999999982
 31
0
  0
LINE
  5
A4A
330
1A
100
AcDbEntity
  8
B.Cu
  6
CONTINUOUS
100
AcDbLine
 10
140.8190400000000011
 20
-120.6637029999999982
 30
0
 11
140.8972519999999804
 21
-120.6068789999999922
 31
0
  0
LINE
  5
A4B
330
1A
100
AcDbEntity
  8
B.Cu
  6
CONTINUOUS
100
AcDbLine
 10
140.8972519999999804
 20
-120.6068789999999922
 30
0
 11
141.036878999999999
 21
-120.4672519999999878
 31
0
  0
LINE
  5
A4C
330
1A
100
AcDbEntity
  8
B.Cu
  6
CONTINUOUS
100
AcDbLine
 10
141.036878999999999
 20
-120.4672519999999878
 30
0
 11
141.1529439999999909
 21
-120.3075009999999878
 31
0
  0
LINE
  5
A4D
330
1A
100
AcDbEntity
  8
B.Cu
  6
CONTINUOUS
100
AcDbLine
 10
141.1529439999999909
 20
-120.3075009999999878
 30
0
 11
141.2425910000000044
 21
-120.1315609999999907
 31
0
  0
LINE
  5
A4E
330
1A
100
AcDbEntity
  8
B.Cu
  6
CONTINUOUS
100
AcDbLine
 10
141.2425910000000044
 20
-120.1315609999999907
 30
0
 11
141.3036099999999919
 21
-119.9437629999999899
 31
0
  0
LINE
  5
A4F
330
1A
100
AcDbEntity
  8
B.Cu
  6
CONTINUOUS
100
AcDbLine
 10
141.3036099999999919
 20
-119.9437629999999899
 30
0
 11
141.3344999999999914
 21
-119.7487309999999923
 31
0
  0
LINE
  5
A50
330
1A
100
AcDbEntity
  8
B.Cu
  6
CONTINUOUS
100
AcDbLine
 10
141.3344999999999914
 20
-119.7487309999999923
 30
0
 11
141.3344999999999914
 21
-119.5512689999999907
 31
0
  0
LINE
  5
A51
330
1A
100
AcDbEntity
  8
B.Cu
  6
CONTINUOUS
100
AcDbLine
 10
141.3344999999999914
 20
-119.5512689999999907
 30
0
 11
141.3036099999999919
 21
-119.356236999999993
 31
0
  0
LINE
  5
A52
330
1A
100
AcDbEntity
  8
B.Cu
  6
CONTINUOUS
100
AcDbLine
 10
141.3036099999999919
 20
-119.356236999999993
 30
0
 11
141.2425910000000044
 21
-119.1684389999999922
 31
0
  0
LINE
  5
A53
330
1A
100
AcDbEntity
  8
B.Cu
  6
CONTINUOUS
100
AcDbLine
 10
141.2425910000000044
 20
-119.1684389999999922
 30
0
 11
141.2127089999999896
 21
-119.1097929999999963
 31
0
  0
LINE
  5
A54
330
1A
100
AcDbEntity
  8
B.Cu
  6
CONTINUOUS
100
AcDbLine
 10
141.2127089999999896
 20
-119.1097929999999963
 30
0
 11
141.1529459999999858
 21
-118.9925019999999876
 31
0
  0
LINE
  5
A55
330
1A
100
AcDbEntity
  8
B.Cu
  6
CONTINUOUS
100
AcDbLine
 10
141.1529459999999858
 20
-118.9925019999999876
 30
0
 11
141.1529449999999883
 21
-118.9925009999999901
 31
0
  0
LINE
  5
A56
330
1A
100
AcDbEntity
  8
B.Cu
  6
CONTINUOUS
100
AcDbLine
 10
141.1529449999999883
 20
-118.9925009999999901
 30
0
 11
141.1529439999999909
 21
-118.9924989999999951
 31
0
  0
LINE
  5
A57
330
1A
100
AcDbEntity
  8
B.Cu
  6
CONTINUOUS
100
AcDbLine
 10
141.1529439999999909
 20
-118.9924989999999951
 30
0
 11
141.036878999999999
 21
-118.8327479999999952
 31
0
  0
LINE
  5
A58
330
1A
100
AcDbEntity
  8
B.Cu
  6
CONTINUOUS
100
AcDbLine
 10
141.036878999999999
 20
-118.8327479999999952
 30
0
 11
140.8972519999999804
 21
-118.6931209999999908
 31
0
  0
LINE
  5
A59
330
1A
100
AcDbEntity
  8
B.Cu
  6
CONTINUOUS
100
AcDbLine
 10
140.8972519999999804
 20
-118.6931209999999908
 30
0
 11
140.8972499999999854
 21
-118.6931189999999958
 31
0
  0
LINE
  5
A5A
330
1A
100
AcDbEntity
  8
B.Cu
  6
CONTINUOUS
100
AcDbLine
 10
140.8972499999999854
 20
-118.6931189999999958
 30
0
 11
140.7435429999999883
 21
-118.5814459999999997
 31
0
  0
LINE
  5
A5B
330
1A
100
AcDbEntity
  8
B.Cu
  6
CONTINUOUS
100
AcDbLine
 10
140.7435429999999883
 20
-118.5814459999999997
 30
0
 11
140.6775930000000017
 21
-118.5101030000000009
 31
0
  0
LINE
  5
A5C
330
1A
100
AcDbEntity
  8
B.Cu
  6
CONTINUOUS
100
AcDbLine
 10
140.6775930000000017
 20
-118.5101030000000009
 30
0
 11
140.643966000000006
 21
-118.4189539999999994
 31
0
  0
LINE
  5
A5D
330
1A
100
AcDbEntity
  8
B.Cu
  6
CONTINUOUS
100
AcDbLine
 10
140.643966000000006
 20
-118.4189539999999994
 30
0
 11
140.6477799999999831
 21
-118.321873999999994
 31
0
  0
LINE
  5
A5E
330
1A
100
AcDbEntity
  8
B.Cu
  6
CONTINUOUS
100
AcDbLine
 10
140.6477799999999831
 20
-118.321873999999994
 30
0
 11
140.6884540000000072
 21
-118.2336430000000007
 31
0
  0
LINE
  5
A5F
330
1A
100
AcDbEntity
  8
B.Cu
  6
CONTINUOUS
100
AcDbLine
 10
140.6884540000000072
 20
-118.2336430000000007
 30
0
 11
140.7435429999999883
 21
-118.1785539999999912
 31
0
  0
LINE
  5
A60
330
1A
100
AcDbEntity
  8
B.Cu
  6
CONTINUOUS
100
AcDbLine
 10
140.7435429999999883
 20
-118.1785539999999912
 30
0
 11
140.8190259999999796
 21
-118.1237129999999951
 31
0
  0
LINE
  5
A61
330
1A
100
AcDbEntity
  8
B.Cu
  6
CONTINUOUS
100
AcDbLine
 10
140.8190259999999796
 20
-118.1237129999999951
 30
0
 11
140.8972519999999804
 21
-118.0668790000000001
 31
0
  0
LINE
  5
A62
330
1A
100
AcDbEntity
  8
B.Cu
  6
CONTINUOUS
100
AcDbLine
 10
140.8972519999999804
 20
-118.0668790000000001
 30
0
 11
141.036878999999999
 21
-117.9272519999999957
 31
0
  0
LINE
  5
A63
330
1A
100
AcDbEntity
  8
B.Cu
  6
CONTINUOUS
100
AcDbLine
 10
141.036878999999999
 20
-117.9272519999999957
 30
0
 11
141.1529439999999909
 21
-117.7675009999999958
 31
0
  0
LINE
  5
A64
330
1A
100
AcDbEntity
  8
B.Cu
  6
CONTINUOUS
100
AcDbLine
 10
141.1529439999999909
 20
-117.7675009999999958
 30
0
 11
141.2425910000000044
 21
-117.5915609999999987
 31
0
  0
LINE
  5
A65
330
1A
100
AcDbEntity
  8
B.Cu
  6
CONTINUOUS
100
AcDbLine
 10
141.2425910000000044
 20
-117.5915609999999987
 30
0
 11
141.3036099999999919
 21
-117.4037629999999979
 31
0
  0
LINE
  5
A66
330
1A
100
AcDbEntity
  8
B.Cu
  6
CONTINUOUS
100
AcDbLine
 10
141.3036099999999919
 20
-117.4037629999999979
 30
0
 11
141.3344999999999914
 21
-117.2087310000000002
 31
0
  0
LINE
  5
A67
330
1A
100
AcDbEntity
  8
B.Cu
  6
CONTINUOUS
100
AcDbLine
 10
141.3344999999999914
 20
-117.2087310000000002
 30
0
 11
141.3344999999999914
 21
-117.0112689999999986
 31
0
  0
LINE
  5
A68
330
1A
100
AcDbEntity
  8
B.Cu
  6
CONTINUOUS
100
AcDbLine
 10
141.3344999999999914
 20
-117.0112689999999986
 30
0
 11
141.3036099999999919
 21
-116.816237000000001
 31
0
  0
LINE
  5
A69
330
1A
100
AcDbEntity
  8
B.Cu
  6
CONTINUOUS
100
AcDbLine
 10
141.3036099999999919
 20
-116.816237000000001
 30
0
 11
141.2425910000000044
 21
-116.6284390000000002
 31
0
  0
LINE
  5
A6A
330
1A
100
AcDbEntity
  8
B.Cu
  6
CONTINUOUS
100
AcDbLine
 10
141.2425910000000044
 20
-116.6284390000000002
 30
0
 11
141.2127089999999896
 21
-116.56979299999999
 31
0
  0
LINE
  5
A6B
330
1A
100
AcDbEntity
  8
B.Cu
  6
CONTINUOUS
100
AcDbLine
 10
141.2127089999999896
 20
-116.56979299999999
 30
0
 11
141.1529459999999858
 21
-116.4525019999999955
 31
0
  0
LINE
  5
A6C
330
1A
100
AcDbEntity
  8
B.Cu
  6
CONTINUOUS
100
AcDbLine
 10
141.1529459999999858
 20
-116.4525019999999955
 30
0
 11
141.1529449999999883
 21
-116.452500999999998
 31
0
  0
LINE
  5
A6D
330
1A
100
AcDbEntity
  8
B.Cu
  6
CONTINUOUS
100
AcDbLine
 10
141.1529449999999883
 20
-116.452500999999998
 30
0
 11
141.1529439999999909
 21
-116.4524989999999889
 31
0
  0
LINE
  5
A6E
330
1A
100
AcDbEntity
  8
B.Cu
  6
CONTINUOUS
100
AcDbLine
 10
141.1529439999999909
 20
-116.4524989999999889
 30
0
 11
141.036878999999999
 21
-116.2927479999999889
 31
0
  0
LINE
  5
A6F
330
1A
100
AcDbEntity
  8
B.Cu
  6
CONTINUOUS
100
AcDbLine
 10
141.036878999999999
 20
-116.2927479999999889
 30
0
 11
140.8972519999999804
 21
-116.1531209999999987
 31
0
  0
LINE
  5
A70
330
1A
100
AcDbEntity
  8
B.Cu
  6
CONTINUOUS
100
AcDbLine
 10
140.8972519999999804
 20
-116.1531209999999987
 30
0
 11
140.8972499999999854
 21
-116.1531189999999896
 31
0
  0
LINE
  5
A71
330
1A
100
AcDbEntity
  8
B.Cu
  6
CONTINUOUS
100
AcDbLine
 10
140.8972499999999854
 20
-116.1531189999999896
 30
0
 11
140.7435429999999883
 21
-116.0414459999999934
 31
0
  0
LINE
  5
A72
330
1A
100
AcDbEntity
  8
B.Cu
  6
CONTINUOUS
100
AcDbLine
 10
140.7435429999999883
 20
-116.0414459999999934
 30
0
 11
140.6775930000000017
 21
-115.9701029999999946
 31
0
  0
LINE
  5
A73
330
1A
100
AcDbEntity
  8
B.Cu
  6
CONTINUOUS
100
AcDbLine
 10
140.6775930000000017
 20
-115.9701029999999946
 30
0
 11
140.643966000000006
 21
-115.8789539999999931
 31
0
  0
LINE
  5
A74
330
1A
100
AcDbEntity
  8
B.Cu
  6
CONTINUOUS
100
AcDbLine
 10
140.643966000000006
 20
-115.8789539999999931
 30
0
 11
140.6477799999999831
 21
-115.7818739999999877
 31
0
  0
LINE
  5
A75
330
1A
100
AcDbEntity
  8
B.Cu
  6
CONTINUOUS
100
AcDbLine
 10
140.6477799999999831
 20
-115.7818739999999877
 30
0
 11
140.6884540000000072
 21
-115.6936429999999945
 31
0
  0
LINE
  5
A76
330
1A
100
AcDbEntity
  8
B.Cu
  6
CONTINUOUS
100
AcDbLine
 10
140.6884540000000072
 20
-115.6936429999999945
 30
0
 11
140.7435429999999883
 21
-115.6385539999999992
 31
0
  0
LINE
  5
A77
330
1A
100
AcDbEntity
  8
B.Cu
  6
CONTINUOUS
100
AcDbLine
 10
140.7435429999999883
 20
-115.6385539999999992
 30
0
 11
140.8190259999999796
 21
-115.5837129999999888
 31
0
  0
LINE
  5
A78
330
1A
100
AcDbEntity
  8
B.Cu
  6
CONTINUOUS
100
AcDbLine
 10
140.8190259999999796
 20
-115.5837129999999888
 30
0
 11
140.8972519999999804
 21
-115.5268789999999939
 31
0
  0
LINE
  5
A79
330
1A
100
AcDbEntity
  8
B.Cu
  6
CONTINUOUS
100
AcDbLine
 10
140.8972519999999804
 20
-115.5268789999999939
 30
0
 11
141.036878999999999
 21
-115.3872519999999895
 31
0
  0
LINE
  5
A7A
330
1A
100
AcDbEntity
  8
B.Cu
  6
CONTINUOUS
100
AcDbLine
 10
141.036878999999999
 20
-115.3872519999999895
 30
0
 11
141.1529439999999909
 21
-115.2275009999999895
 31
0
  0
LINE
  5
A7B
330
1A
100
AcDbEntity
  8
B.Cu
  6
CONTINUOUS
100
AcDbLine
 10
141.1529439999999909
 20
-115.2275009999999895
 30
0
 11
141.2425910000000044
 21
-115.0515609999999924
 31
0
  0
LINE
  5
A7C
330
1A
100
AcDbEntity
  8
B.Cu
  6
CONTINUOUS
100
AcDbLine
 10
141.2425910000000044
 20
-115.0515609999999924
 30
0
 11
141.3036099999999919
 21
-114.8637629999999916
 31
0
  0
LINE
  5
A7D
330
1A
100
AcDbEntity
  8
B.Cu
  6
CONTINUOUS
100
AcDbLine
 10
141.3036099999999919
 20
-114.8637629999999916
 30
0
 11
141.3344999999999914
 21
-114.668730999999994
 31
0
  0
LINE
  5
A7E
330
1A
100
AcDbEntity
  8
B.Cu
  6
CONTINUOUS
100
AcDbLine
 10
141.3344999999999914
 20
-114.668730999999994
 30
0
 11
141.3344999999999914
 21
-114.4712689999999924
 31
0
  0
LINE
  5
A7F
330
1A
100
AcDbEntity
  8
B.Cu
  6
CONTINUOUS
100
AcDbLine
 10
141.3344999999999914
 20
-114.4712689999999924
 30
0
 11
141.3036099999999919
 21
-114.2762369999999947
 31
0
  0
LINE
  5
A80
330
1A
100
AcDbEntity
  8
B.Cu
  6
CONTINUOUS
100
AcDbLine
 10
141.3036099999999919
 20
-114.2762369999999947
 30
0
 11
141.2425910000000044
 21
-114.0884389999999939
 31
0
  0
LINE
  5
A81
330
1A
100
AcDbEntity
  8
B.Cu
  6
CONTINUOUS
100
AcDbLine
 10
141.2425910000000044
 20
-114.0884389999999939
 30
0
 11
141.2069099999999935
 21
-114.0184119999999979
 31
0
  0
LINE
  5
A82
330
1A
100
AcDbEntity
  8
B.Cu
  6
CONTINUOUS
100
AcDbLine
 10
141.2069099999999935
 20
-114.0184119999999979
 30
0
 11
141.1529459999999858
 21
-113.9125019999999893
 31
0
  0
LINE
  5
A83
330
1A
100
AcDbEntity
  8
B.Cu
  6
CONTINUOUS
100
AcDbLine
 10
141.1529459999999858
 20
-113.9125019999999893
 30
0
 11
141.1529449999999883
 21
-113.9125009999999918
 31
0
  0
LINE
  5
A84
330
1A
100
AcDbEntity
  8
B.Cu
  6
CONTINUOUS
100
AcDbLine
 10
141.1529449999999883
 20
-113.9125009999999918
 30
0
 11
141.1529439999999909
 21
-113.9124989999999968
 31
0
  0
LINE
  5
A85
330
1A
100
AcDbEntity
  8
B.Cu
  6
CONTINUOUS
100
AcDbLine
 10
141.1529439999999909
 20
-113.9124989999999968
 30
0
 11
141.036878999999999
 21
-113.7527479999999969
 31
0
  0
LINE
  5
A86
330
1A
100
AcDbEntity
  8
B.Cu
  6
CONTINUOUS
100
AcDbLine
 10
141.036878999999999
 20
-113.7527479999999969
 30
0
 11
140.8972519999999804
 21
-113.6131209999999925
 31
0
  0
LINE
  5
A87
330
1A
100
AcDbEntity
  8
B.Cu
  6
CONTINUOUS
100
AcDbLine
 10
140.8972519999999804
 20
-113.6131209999999925
 30
0
 11
140.8972499999999854
 21
-113.6131189999999975
 31
0
  0
LINE
  5
A88
330
1A
100
AcDbEntity
  8
B.Cu
  6
CONTINUOUS
100
AcDbLine
 10
140.8972499999999854
 20
-113.6131189999999975
 30
0
 11
140.7435429999999883
 21
-113.5014460000000014
 31
0
  0
LINE
  5
A89
330
1A
100
AcDbEntity
  8
B.Cu
  6
CONTINUOUS
100
AcDbLine
 10
140.7435429999999883
 20
-113.5014460000000014
 30
0
 11
140.6775930000000017
 21
-113.4301029999999884
 31
0
  0
LINE
  5
A8A
330
1A
100
AcDbEntity
  8
B.Cu
  6
CONTINUOUS
100
AcDbLine
 10
140.6775930000000017
 20
-113.4301029999999884
 30
0
 11
140.643966000000006
 21
-113.3389540000000011
 31
0
  0
LINE
  5
A8B
330
1A
100
AcDbEntity
  8
B.Cu
  6
CONTINUOUS
100
AcDbLine
 10
140.643966000000006
 20
-113.3389540000000011
 30
0
 11
140.6477799999999831
 21
-113.2418739999999957
 31
0
  0
LINE
  5
A8C
330
1A
100
AcDbEntity
  8
B.Cu
  6
CONTINUOUS
100
AcDbLine
 10
140.6477799999999831
 20
-113.2418739999999957
 30
0
 11
140.6884540000000072
 21
-113.1536429999999882
 31
0
  0
LINE
  5
A8D
330
1A
100
AcDbEntity
  8
B.Cu
  6
CONTINUOUS
100
AcDbLine
 10
140.6884540000000072
 20
-113.1536429999999882
 30
0
 11
140.7435429999999883
 21
-113.0985539999999929
 31
0
  0
LINE
  5
A8E
330
1A
100
AcDbEntity
  8
B.Cu
  6
CONTINUOUS
100
AcDbLine
 10
140.7435429999999883
 20
-113.0985539999999929
 30
0
 11
140.8972519999999804
 21
-112.9868790000000018
 31
0
  0
LINE
  5
A8F
330
1A
100
AcDbEntity
  8
B.Cu
  6
CONTINUOUS
100
AcDbLine
 10
140.8972519999999804
 20
-112.9868790000000018
 30
0
 11
141.036878999999999
 21
-112.8472519999999975
 31
0
  0
LINE
  5
A90
330
1A
100
AcDbEntity
  8
B.Cu
  6
CONTINUOUS
100
AcDbLine
 10
141.036878999999999
 20
-112.8472519999999975
 30
0
 11
141.1529439999999909
 21
-112.6875009999999975
 31
0
  0
LINE
  5
A91
330
1A
100
AcDbEntity
  8
B.Cu
  6
CONTINUOUS
100
AcDbLine
 10
141.1529439999999909
 20
-112.6875009999999975
 30
0
 11
141.2425910000000044
 21
-112.5115610000000004
 31
0
  0
LINE
  5
A92
330
1A
100
AcDbEntity
  8
B.Cu
  6
CONTINUOUS
100
AcDbLine
 10
141.2425910000000044
 20
-112.5115610000000004
 30
0
 11
141.3036099999999919
 21
-112.3237629999999996
 31
0
  0
LINE
  5
A93
330
1A
100
AcDbEntity
  8
B.Cu
  6
CONTINUOUS
100
AcDbLine
 10
141.3036099999999919
 20
-112.3237629999999996
 30
0
 11
141.3344999999999914
 21
-112.1287310000000019
 31
0
  0
LINE
  5
A94
330
1A
100
AcDbEntity
  8
B.Cu
  6
CONTINUOUS
100
AcDbLine
 10
141.3344999999999914
 20
-112.1287310000000019
 30
0
 11
141.3344999999999914
 21
-111.9312690000000003
 31
0
  0
LINE
  5
A95
330
1A
100
AcDbEntity
  8
B.Cu
  6
CONTINUOUS
100
AcDbLine
 10
141.3344999999999914
 20
-111.9312690000000003
 30
0
 11
141.3036099999999919
 21
-111.7362369999999885
 31
0
  0
LINE
  5
A96
330
1A
100
AcDbEntity
  8
B.Cu
  6
CONTINUOUS
100
AcDbLine
 10
141.3036099999999919
 20
-111.7362369999999885
 30
0
 11
141.2425910000000044
 21
-111.5484390000000019
 31
0
  0
LINE
  5
A97
330
1A
100
AcDbEntity
  8
B.Cu
  6
CONTINUOUS
100
AcDbLine
 10
141.2425910000000044
 20
-111.5484390000000019
 30
0
 11
141.1529439999999909
 21
-111.3724989999999906
 31
0
  0
LINE
  5
A98
330
1A
100
AcDbEntity
  8
B.Cu
  6
CONTINUOUS
100
AcDbLine
 10
141.1529439999999909
 20
-111.3724989999999906
 30
0
 11
141.036878999999999
 21
-111.2127479999999906
 31
0
  0
LINE
  5
A99
330
1A
100
AcDbEntity
  8
B.Cu
  6
CONTINUOUS
100
AcDbLine
 10
141.036878999999999
 20
-111.2127479999999906
 30
0
 11
140.8972519999999804
 21
-111.0731210000000004
 31
0
  0
LINE
  5
A9A
330
1A
100
AcDbEntity
  8
B.Cu
  6
CONTINUOUS
100
AcDbLine
 10
140.8972519999999804
 20
-111.0731210000000004
 30
0
 11
140.8972499999999854
 21
-111.0731189999999913
 31
0
  0
LINE
  5
A9B
330
1A
100
AcDbEntity
  8
B.Cu
  6
CONTINUOUS
100
AcDbLine
 10
140.8972499999999854
 20
-111.0731189999999913
 30
0
 11
140.7435429999999883
 21
-110.9614459999999951
 31
0
  0
LINE
  5
A9C
330
1A
100
AcDbEntity
  8
B.Cu
  6
CONTINUOUS
100
AcDbLine
 10
140.7435429999999883
 20
-110.9614459999999951
 30
0
 11
140.6775930000000017
 21
-110.8901029999999963
 31
0
  0
LINE
  5
A9D
330
1A
100
AcDbEntity
  8
B.Cu
  6
CONTINUOUS
100
AcDbLine
 10
140.6775930000000017
 20
-110.8901029999999963
 30
0
 11
140.643966000000006
 21
-110.7989539999999948
 31
0
  0
LINE
  5
A9E
330
1A
100
AcDbEntity
  8
B.Cu
  6
CONTINUOUS
100
AcDbLine
 10
140.643966000000006
 20
-110.7989539999999948
 30
0
 11
140.6477799999999831
 21
-110.7018739999999895
 31
0
  0
LINE
  5
A9F
330
1A
100
AcDbEntity
  8
B.Cu
  6
CONTINUOUS
100
AcDbLine
 10
140.6477799999999831
 20
-110.7018739999999895
 30
0
 11
140.6884540000000072
 21
-110.6136429999999962
 31
0
  0
LINE
  5
AA0
330
1A
100
AcDbEntity
  8
B.Cu
  6
CONTINUOUS
100
AcDbLine
 10
140.6884540000000072
 20
-110.6136429999999962
 30
0
 11
140.7435429999999883
 21
-110.5585540000000009
 31
0
  0
LINE
  5
AA1
330
1A
100
AcDbEntity
  8
B.Cu
  6
CONTINUOUS
100
AcDbLine
 10
140.7435429999999883
 20
-110.5585540000000009
 30
0
 11
140.8972519999999804
 21
-110.4468789999999956
 31
0
  0
LINE
  5
AA2
330
1A
100
AcDbEntity
  8
B.Cu
  6
CONTINUOUS
100
AcDbLine
 10
140.8972519999999804
 20
-110.4468789999999956
 30
0
 11
141.036878999999999
 21
-110.3072519999999912
 31
0
  0
LINE
  5
AA3
330
1A
100
AcDbEntity
  8
B.Cu
  6
CONTINUOUS
100
AcDbLine
 10
141.036878999999999
 20
-110.3072519999999912
 30
0
 11
141.1529439999999909
 21
-110.1475009999999912
 31
0
  0
LINE
  5
AA4
330
1A
100
AcDbEntity
  8
B.Cu
  6
CONTINUOUS
100
AcDbLine
 10
141.1529439999999909
 20
-110.1475009999999912
 30
0
 11
141.2425910000000044
 21
-109.9715609999999941
 31
0
  0
LINE
  5
AA5
330
1A
100
AcDbEntity
  8
B.Cu
  6
CONTINUOUS
100
AcDbLine
 10
141.2425910000000044
 20
-109.9715609999999941
 30
0
 11
141.3036099999999919
 21
-109.7837629999999933
 31
0
  0
LINE
  5
AA6
330
1A
100
AcDbEntity
  8
B.Cu
  6
CONTINUOUS
100
AcDbLine
 10
141.3036099999999919
 20
-109.7837629999999933
 30
0
 11
141.3344999999999914
 21
-109.5887309999999957
 31
0
  0
LINE
  5
AA7
330
1A
100
AcDbEntity
  8
B.Cu
  6
CONTINUOUS
100
AcDbLine
 10
141.3344999999999914
 20
-109.5887309999999957
 30
0
 11
141.3344999999999914
 21
-109.3912729999999982
 31
0
  0
LINE
  5
AA8
330
1A
100
AcDbEntity
  8
B.Cu
  6
CONTINUOUS
100
AcDbLine
 10
141.3344999999999914
 20
-109.3912729999999982
 30
0
 11
141.3344999999999914
 21
-109.3912689999999941
 31
0
  0
LINE
  5
AA9
330
1A
100
AcDbEntity
  8
B.Cu
  6
CONTINUOUS
100
AcDbLine
 10
141.3344999999999914
 20
-109.3912689999999941
 30
0
 11
141.3036099999999919
 21
-109.1962369999999964
 31
0
  0
LINE
  5
AAA
330
1A
100
AcDbEntity
  8
B.Cu
  6
CONTINUOUS
100
AcDbLine
 10
141.3036099999999919
 20
-109.1962369999999964
 30
0
 11
141.2425910000000044
 21
-109.0084389999999956
 31
0
  0
LINE
  5
AAB
330
1A
100
AcDbEntity
  8
B.Cu
  6
CONTINUOUS
100
AcDbLine
 10
141.2425910000000044
 20
-109.0084389999999956
 30
0
 11
141.1529439999999909
 21
-108.8324989999999985
 31
0
  0
LINE
  5
AAC
330
1A
100
AcDbEntity
  8
B.Cu
  6
CONTINUOUS
100
AcDbLine
 10
141.1529439999999909
 20
-108.8324989999999985
 30
0
 11
141.036878999999999
 21
-108.6727479999999986
 31
0
  0
LINE
  5
AAD
330
1A
100
AcDbEntity
  8
B.Cu
  6
CONTINUOUS
100
AcDbLine
 10
141.036878999999999
 20
-108.6727479999999986
 30
0
 11
140.8972519999999804
 21
-108.5331209999999942
 31
0
  0
LINE
  5
AAE
330
1A
100
AcDbEntity
  8
B.Cu
  6
CONTINUOUS
100
AcDbLine
 10
140.8972519999999804
 20
-108.5331209999999942
 30
0
 11
140.7375009999999804
 21
-108.4170559999999881
 31
0
  0
LINE
  5
AAF
330
1A
100
AcDbEntity
  8
B.Cu
  6
CONTINUOUS
100
AcDbLine
 10
140.7375009999999804
 20
-108.4170559999999881
 30
0
 11
140.737497999999988
 21
-108.4170539999999932
 31
0
  0
LINE
  5
AB0
330
1A
100
AcDbEntity
  8
B.Cu
  6
CONTINUOUS
100
AcDbLine
 10
140.737497999999988
 20
-108.4170539999999932
 30
0
 11
140.7374969999999905
 21
-108.4170529999999957
 31
0
  0
LINE
  5
AB1
330
1A
100
AcDbEntity
  8
B.Cu
  6
CONTINUOUS
100
AcDbLine
 10
140.7374969999999905
 20
-108.4170529999999957
 30
0
 11
140.5615599999999858
 21
-108.3274079999999913
 31
0
  0
LINE
  5
AB2
330
1A
100
AcDbEntity
  8
B.Cu
  6
CONTINUOUS
100
AcDbLine
 10
140.5615599999999858
 20
-108.3274079999999913
 30
0
 11
140.5615559999999959
 21
-108.3274069999999938
 31
0
  0
LINE
  5
AB3
330
1A
100
AcDbEntity
  8
B.Cu
  6
CONTINUOUS
100
AcDbLine
 10
140.5615559999999959
 20
-108.3274069999999938
 30
0
 11
140.3737600000000043
 21
-108.2663889999999896
 31
0
  0
LINE
  5
AB4
330
1A
100
AcDbEntity
  8
B.Cu
  6
CONTINUOUS
100
AcDbLine
 10
140.3737600000000043
 20
-108.2663889999999896
 30
0
 11
140.1787410000000023
 21
-108.2355009999999993
 31
0
  0
LINE
  5
AB5
330
1A
100
AcDbEntity
  8
B.Cu
  6
CONTINUOUS
100
AcDbLine
 10
140.1787410000000023
 20
-108.2355009999999993
 30
0
 11
140.1787339999999915
 21
-108.2355000000000018
 31
0
  0
LINE
  5
AB6
330
1A
100
AcDbEntity
  8
B.Cu
  6
CONTINUOUS
100
AcDbLine
 10
140.1787339999999915
 20
-108.2355000000000018
 30
0
 11
140.1787309999999991
 21
-108.2355000000000018
 31
0
  0
LINE
  5
AB7
330
1A
100
AcDbEntity
  8
B.Cu
  6
CONTINUOUS
100
AcDbLine
 10
140.1787309999999991
 20
-108.2355000000000018
 30
0
 11
139.9812689999999975
 21
-108.2355000000000018
 31
0
  0
LINE
  5
AB8
330
1A
100
AcDbEntity
  8
B.Cu
  6
CONTINUOUS
100
AcDbLine
 10
139.9812689999999975
 20
-108.2355000000000018
 30
0
 11
139.9812660000000051
 21
-108.2355000000000018
 31
0
  0
LINE
  5
AB9
330
1A
100
AcDbEntity
  8
B.Cu
  6
CONTINUOUS
100
AcDbLine
 10
139.9812660000000051
 20
-108.2355000000000018
 30
0
 11
139.9812579999999969
 21
-108.2355009999999993
 31
0
  0
LINE
  5
ABA
330
1A
100
AcDbEntity
  8
B.Cu
  6
CONTINUOUS
100
AcDbLine
 10
139.9812579999999969
 20
-108.2355009999999993
 30
0
 11
139.7862389999999948
 21
-108.2663889999999896
 31
0
  0
LINE
  5
ABB
330
1A
100
AcDbEntity
  8
B.Cu
  6
CONTINUOUS
100
AcDbLine
 10
139.7862389999999948
 20
-108.2663889999999896
 30
0
 11
139.5984430000000032
 21
-108.3274069999999938
 31
0
  0
LINE
  5
ABC
330
1A
100
AcDbEntity
  8
B.Cu
  6
CONTINUOUS
100
AcDbLine
 10
139.5984430000000032
 20
-108.3274069999999938
 30
0
 11
139.5984389999999848
 21
-108.3274079999999913
 31
0
  0
LINE
  5
ABD
330
1A
100
AcDbEntity
  8
B.Cu
  6
CONTINUOUS
100
AcDbLine
 10
139.5984389999999848
 20
-108.3274079999999913
 30
0
 11
139.4225019999999802
 21
-108.4170529999999957
 31
0
  0
LINE
  5
ABE
330
1A
100
AcDbEntity
  8
B.Cu
  6
CONTINUOUS
100
AcDbLine
 10
139.4225019999999802
 20
-108.4170529999999957
 30
0
 11
139.4224999999999852
 21
-108.4170549999999906
 31
0
  0
LINE
  5
ABF
330
1A
100
AcDbEntity
  8
B.Cu
  6
CONTINUOUS
100
AcDbLine
 10
139.4224999999999852
 20
-108.4170549999999906
 30
0
 11
139.2627459999999928
 21
-108.5331219999999917
 31
0
  0
LINE
  5
AC0
330
1A
100
AcDbEntity
  8
B.Cu
  6
CONTINUOUS
100
AcDbLine
 10
139.2627459999999928
 20
-108.5331219999999917
 30
0
 11
139.1231219999999951
 21
-108.6727459999999894
 31
0
  0
LINE
  5
AC1
330
1A
100
AcDbEntity
  8
B.Cu
  6
CONTINUOUS
100
AcDbLine
 10
139.1231219999999951
 20
-108.6727459999999894
 30
0
 11
139.0070549999999798
 21
-108.832499999999996
 31
0
  0
LINE
  5
AC2
330
1A
100
AcDbEntity
  8
B.Cu
  6
CONTINUOUS
100
AcDbLine
 10
139.0070549999999798
 20
-108.832499999999996
 30
0
 11
139.0070529999999849
 21
-108.832501999999991
 31
0
  0
LINE
  5
AC3
330
1A
100
AcDbEntity
  8
B.Cu
  6
CONTINUOUS
100
AcDbLine
 10
139.0070529999999849
 20
-108.832501999999991
 30
0
 11
138.9174079999999947
 21
-109.0084389999999956
 31
0
  0
LINE
  5
AC4
330
1A
100
AcDbEntity
  8
B.Cu
  6
CONTINUOUS
100
AcDbLine
 10
138.9174079999999947
 20
-109.0084389999999956
 30
0
 11
138.9174069999999972
 21
-109.0084429999999998
 31
0
  0
LINE
  5
AC5
330
1A
100
AcDbEntity
  8
B.Cu
  6
CONTINUOUS
100
AcDbLine
 10
138.9174069999999972
 20
-109.0084429999999998
 30
0
 11
138.8563890000000072
 21
-109.1962389999999914
 31
0
  0
LINE
  5
AC6
330
1A
100
AcDbEntity
  8
B.Cu
  6
CONTINUOUS
100
AcDbLine
 10
138.8563890000000072
 20
-109.1962389999999914
 30
0
 11
138.8255010000000027
 21
-109.3912579999999934
 31
0
  0
LINE
  5
AC7
330
1A
100
AcDbEntity
  8
B.Cu
  6
CONTINUOUS
100
AcDbLine
 10
138.8255010000000027
 20
-109.3912579999999934
 30
0
 11
138.8255000000000052
 21
-109.3912729999999982
 31
0
  0
LINE
  5
AC8
330
1A
100
AcDbEntity
  8
B.Cu
  6
CONTINUOUS
100
AcDbLine
 10
138.8255000000000052
 20
-109.3912729999999982
 30
0
 11
138.8255000000000052
 21
-109.5887259999999941
 31
0
  0
LINE
  5
AC9
330
1A
100
AcDbEntity
  8
B.Cu
  6
CONTINUOUS
100
AcDbLine
 10
138.8255000000000052
 20
-109.5887259999999941
 30
0
 11
138.8255010000000027
 21
-109.5887409999999988
 31
0
  0
LINE
  5
ACA
330
1A
100
AcDbEntity
  8
B.Cu
  6
CONTINUOUS
100
AcDbLine
 10
138.8255010000000027
 20
-109.5887409999999988
 30
0
 11
138.8563890000000072
 21
-109.7837600000000009
 31
0
  0
LINE
  5
ACB
330
1A
100
AcDbEntity
  8
B.Cu
  6
CONTINUOUS
100
AcDbLine
 10
138.8563890000000072
 20
-109.7837600000000009
 30
0
 11
138.9174069999999972
 21
-109.9715559999999925
 31
0
  0
LINE
  5
ACC
330
1A
100
AcDbEntity
  8
B.Cu
  6
CONTINUOUS
100
AcDbLine
 10
138.9174069999999972
 20
-109.9715559999999925
 30
0
 11
138.9174079999999947
 21
-109.9715599999999966
 31
0
  0
LINE
  5
ACD
330
1A
100
AcDbEntity
  8
B.Cu
  6
CONTINUOUS
100
AcDbLine
 10
138.9174079999999947
 20
-109.9715599999999966
 30
0
 11
139.0070529999999849
 21
-110.1474970000000013
 31
0
  0
LINE
  5
ACE
330
1A
100
AcDbEntity
  8
B.Cu
  6
CONTINUOUS
100
AcDbLine
 10
139.0070529999999849
 20
-110.1474970000000013
 30
0
 11
139.0070539999999824
 21
-110.1474979999999988
 31
0
  0
LINE
  5
ACF
330
1A
100
AcDbEntity
  8
B.Cu
  6
CONTINUOUS
100
AcDbLine
 10
139.0070539999999824
 20
-110.1474979999999988
 30
0
 11
139.0070560000000057
 21
-110.1475009999999912
 31
0
  0
LINE
  5
AD0
330
1A
100
AcDbEntity
  8
B.Cu
  6
CONTINUOUS
100
AcDbLine
 10
139.0070560000000057
 20
-110.1475009999999912
 30
0
 11
139.1231209999999976
 21
-110.3072519999999912
 31
0
  0
LINE
  5
AD1
330
1A
100
AcDbEntity
  8
B.Cu
  6
CONTINUOUS
100
AcDbLine
 10
139.1231209999999976
 20
-110.3072519999999912
 30
0
 11
139.2627479999999878
 21
-110.4468789999999956
 31
0
  0
LINE
  5
AD2
330
1A
100
AcDbEntity
  8
B.Cu
  6
CONTINUOUS
100
AcDbLine
 10
139.2627479999999878
 20
-110.4468789999999956
 30
0
 11
139.4164569999999799
 21
-110.5585540000000009
 31
0
  0
LINE
  5
AD3
330
1A
100
AcDbEntity
  8
B.Cu
  6
CONTINUOUS
100
AcDbLine
 10
139.4164569999999799
 20
-110.5585540000000009
 30
0
 11
139.4824059999999974
 21
-110.6298969999999997
 31
0
  0
LINE
  5
AD4
330
1A
100
AcDbEntity
  8
B.Cu
  6
CONTINUOUS
100
AcDbLine
 10
139.4824059999999974
 20
-110.6298969999999997
 30
0
 11
139.5160329999999931
 21
-110.7210469999999987
 31
0
  0
LINE
  5
AD5
330
1A
100
AcDbEntity
  8
B.Cu
  6
CONTINUOUS
100
AcDbLine
 10
139.5160329999999931
 20
-110.7210469999999987
 30
0
 11
139.5122189999999875
 21
-110.8181269999999898
 31
0
  0
LINE
  5
AD6
330
1A
100
AcDbEntity
  8
B.Cu
  6
CONTINUOUS
100
AcDbLine
 10
139.5122189999999875
 20
-110.8181269999999898
 30
0
 11
139.4715449999999919
 21
-110.9063579999999973
 31
0
  0
LINE
  5
AD7
330
1A
100
AcDbEntity
  8
B.Cu
  6
CONTINUOUS
100
AcDbLine
 10
139.4715449999999919
 20
-110.9063579999999973
 30
0
 11
139.4164569999999799
 21
-110.9614459999999951
 31
0
  0
LINE
  5
AD8
330
1A
100
AcDbEntity
  8
B.Cu
  6
CONTINUOUS
100
AcDbLine
 10
139.4164569999999799
 20
-110.9614459999999951
 30
0
 11
139.2627459999999928
 21
-111.0731219999999979
 31
0
  0
LINE
  5
AD9
330
1A
100
AcDbEntity
  8
B.Cu
  6
CONTINUOUS
100
AcDbLine
 10
139.2627459999999928
 20
-111.0731219999999979
 30
0
 11
139.1231219999999951
 21
-111.2127459999999957
 31
0
  0
LINE
  5
ADA
330
1A
100
AcDbEntity
  8
B.Cu
  6
CONTINUOUS
100
AcDbLine
 10
139.1231219999999951
 20
-111.2127459999999957
 30
0
 11
139.0070549999999798
 21
-111.3724999999999881
 31
0
  0
LINE
  5
ADB
330
1A
100
AcDbEntity
  8
B.Cu
  6
CONTINUOUS
100
AcDbLine
 10
139.0070549999999798
 20
-111.3724999999999881
 30
0
 11
139.0070529999999849
 21
-111.3725019999999972
 31
0
  0
LINE
  5
ADC
330
1A
100
AcDbEntity
  8
B.Cu
  6
CONTINUOUS
100
AcDbLine
 10
139.0070529999999849
 20
-111.3725019999999972
 30
0
 11
138.9174079999999947
 21
-111.5484390000000019
 31
0
  0
LINE
  5
ADD
330
1A
100
AcDbEntity
  8
B.Cu
  6
CONTINUOUS
100
AcDbLine
 10
138.9174079999999947
 20
-111.5484390000000019
 30
0
 11
138.9174069999999972
 21
-111.5484429999999918
 31
0
  0
LINE
  5
ADE
330
1A
100
AcDbEntity
  8
B.Cu
  6
CONTINUOUS
100
AcDbLine
 10
138.9174069999999972
 20
-111.5484429999999918
 30
0
 11
138.8563890000000072
 21
-111.7362389999999976
 31
0
  0
LINE
  5
ADF
330
1A
100
AcDbEntity
  8
B.Cu
  6
CONTINUOUS
100
AcDbLine
 10
138.8563890000000072
 20
-111.7362389999999976
 30
0
 11
138.8255010000000027
 21
-111.9312579999999997
 31
0
  0
LINE
  5
AE0
330
1A
100
AcDbEntity
  8
B.Cu
  6
CONTINUOUS
100
AcDbLine
 10
138.8255010000000027
 20
-111.9312579999999997
 30
0
 11
138.8255000000000052
 21
-111.9312729999999902
 31
0
  0
LINE
  5
AE1
330
1A
100
AcDbEntity
  8
B.Cu
  6
CONTINUOUS
100
AcDbLine
 10
138.8255000000000052
 20
-111.9312729999999902
 30
0
 11
138.8255000000000052
 21
-112.1287260000000003
 31
0
  0
LINE
  5
AE2
330
1A
100
AcDbEntity
  8
B.Cu
  6
CONTINUOUS
100
AcDbLine
 10
138.8255000000000052
 20
-112.1287260000000003
 30
0
 11
138.8255010000000027
 21
-112.1287409999999909
 31
0
  0
LINE
  5
AE3
330
1A
100
AcDbEntity
  8
B.Cu
  6
CONTINUOUS
100
AcDbLine
 10
138.8255010000000027
 20
-112.1287409999999909
 30
0
 11
138.8563890000000072
 21
-112.3237599999999929
 31
0
  0
LINE
  5
AE4
330
1A
100
AcDbEntity
  8
B.Cu
  6
CONTINUOUS
100
AcDbLine
 10
138.8563890000000072
 20
-112.3237599999999929
 30
0
 11
138.9174069999999972
 21
-112.5115559999999988
 31
0
  0
LINE
  5
AE5
330
1A
100
AcDbEntity
  8
B.Cu
  6
CONTINUOUS
100
AcDbLine
 10
138.9174069999999972
 20
-112.5115559999999988
 30
0
 11
138.9174079999999947
 21
-112.5115599999999887
 31
0
  0
LINE
  5
AE6
330
1A
100
AcDbEntity
  8
B.Cu
  6
CONTINUOUS
100
AcDbLine
 10
138.9174079999999947
 20
-112.5115599999999887
 30
0
 11
139.0070529999999849
 21
-112.6874969999999934
 31
0
  0
LINE
  5
AE7
330
1A
100
AcDbEntity
  8
B.Cu
  6
CONTINUOUS
100
AcDbLine
 10
139.0070529999999849
 20
-112.6874969999999934
 30
0
 11
139.0070539999999824
 21
-112.6874979999999908
 31
0
  0
LINE
  5
AE8
330
1A
100
AcDbEntity
  8
B.Cu
  6
CONTINUOUS
100
AcDbLine
 10
139.0070539999999824
 20
-112.6874979999999908
 30
0
 11
139.0070560000000057
 21
-112.6875009999999975
 31
0
  0
LINE
  5
AE9
330
1A
100
AcDbEntity
  8
B.Cu
  6
CONTINUOUS
100
AcDbLine
 10
139.0070560000000057
 20
-112.6875009999999975
 30
0
 11
139.1231209999999976
 21
-112.8472519999999975
 31
0
  0
LINE
  5
AEA
330
1A
100
AcDbEntity
  8
B.Cu
  6
CONTINUOUS
100
AcDbLine
 10
139.1231209999999976
 20
-112.8472519999999975
 30
0
 11
139.2627479999999878
 21
-112.9868790000000018
 31
0
  0
LINE
  5
AEB
330
1A
100
AcDbEntity
  8
B.Cu
  6
CONTINUOUS
100
AcDbLine
 10
139.2627479999999878
 20
-112.9868790000000018
 30
0
 11
139.4164569999999799
 21
-113.0985539999999929
 31
0
  0
LINE
  5
AEC
330
1A
100
AcDbEntity
  8
B.Cu
  6
CONTINUOUS
100
AcDbLine
 10
139.4164569999999799
 20
-113.0985539999999929
 30
0
 11
139.4824059999999974
 21
-113.1698969999999917
 31
0
  0
LINE
  5
AED
330
1A
100
AcDbEntity
  8
B.Cu
  6
CONTINUOUS
100
AcDbLine
 10
139.4824059999999974
 20
-113.1698969999999917
 30
0
 11
139.5160329999999931
 21
-113.2610469999999907
 31
0
  0
LINE
  5
AEE
330
1A
100
AcDbEntity
  8
B.Cu
  6
CONTINUOUS
100
AcDbLine
 10
139.5160329999999931
 20
-113.2610469999999907
 30
0
 11
139.5122189999999875
 21
-113.3581269999999961
 31
0
  0
LINE
  5
AEF
330
1A
100
AcDbEntity
  8
B.Cu
  6
CONTINUOUS
100
AcDbLine
 10
139.5122189999999875
 20
-113.3581269999999961
 30
0
 11
139.4715449999999919
 21
-113.4463579999999894
 31
0
  0
LINE
  5
AF0
330
1A
100
AcDbEntity
  8
B.Cu
  6
CONTINUOUS
100
AcDbLine
 10
139.4715449999999919
 20
-113.4463579999999894
 30
0
 11
139.4164569999999799
 21
-113.5014460000000014
 31
0
  0
LINE
  5
AF1
330
1A
100
AcDbEntity
  8
B.Cu
  6
CONTINUOUS
100
AcDbLine
 10
139.4164569999999799
 20
-113.5014460000000014
 30
0
 11
139.2627459999999928
 21
-113.61312199999999
 31
0
  0
LINE
  5
AF2
330
1A
100
AcDbEntity
  8
B.Cu
  6
CONTINUOUS
100
AcDbLine
 10
139.2627459999999928
 20
-113.61312199999999
 30
0
 11
139.1231219999999951
 21
-113.7527460000000019
 31
0
  0
LINE
  5
AF3
330
1A
100
AcDbEntity
  8
B.Cu
  6
CONTINUOUS
100
AcDbLine
 10
139.1231219999999951
 20
-113.7527460000000019
 30
0
 11
139.0070549999999798
 21
-113.9124999999999943
 31
0
  0
LINE
  5
AF4
330
1A
100
AcDbEntity
  8
B.Cu
  6
CONTINUOUS
100
AcDbLine
 10
139.0070549999999798
 20
-113.9124999999999943
 30
0
 11
139.0070529999999849
 21
-113.9125019999999893
 31
0
  0
LINE
  5
AF5
330
1A
100
AcDbEntity
  8
B.Cu
  6
CONTINUOUS
100
AcDbLine
 10
139.0070529999999849
 20
-113.9125019999999893
 30
0
 11
138.9174079999999947
 21
-114.0884389999999939
 31
0
  0
LINE
  5
AF6
330
1A
100
AcDbEntity
  8
B.Cu
  6
CONTINUOUS
100
AcDbLine
 10
138.9174079999999947
 20
-114.0884389999999939
 30
0
 11
138.9174069999999972
 21
-114.0884429999999981
 31
0
  0
LINE
  5
AF7
330
1A
100
AcDbEntity
  8
B.Cu
  6
CONTINUOUS
100
AcDbLine
 10
138.9174069999999972
 20
-114.0884429999999981
 30
0
 11
138.8563890000000072
 21
-114.2762389999999897
 31
0
  0
LINE
  5
AF8
330
1A
100
AcDbEntity
  8
B.Cu
  6
CONTINUOUS
100
AcDbLine
 10
138.8563890000000072
 20
-114.2762389999999897
 30
0
 11
138.8255010000000027
 21
-114.4712579999999917
 31
0
  0
LINE
  5
AF9
330
1A
100
AcDbEntity
  8
B.Cu
  6
CONTINUOUS
100
AcDbLine
 10
138.8255010000000027
 20
-114.4712579999999917
 30
0
 11
138.8255000000000052
 21
-114.4712729999999965
 31
0
  0
LINE
  5
AFA
330
1A
100
AcDbEntity
  8
B.Cu
  6
CONTINUOUS
100
AcDbLine
 10
138.8255000000000052
 20
-114.4712729999999965
 30
0
 11
138.8255000000000052
 21
-114.6687259999999924
 31
0
  0
LINE
  5
AFB
330
1A
100
AcDbEntity
  8
B.Cu
  6
CONTINUOUS
100
AcDbLine
 10
138.8255000000000052
 20
-114.6687259999999924
 30
0
 11
138.8255010000000027
 21
-114.6687409999999971
 31
0
  0
LINE
  5
AFC
330
1A
100
AcDbEntity
  8
B.Cu
  6
CONTINUOUS
100
AcDbLine
 10
138.8255010000000027
 20
-114.6687409999999971
 30
0
 11
138.8563890000000072
 21
-114.8637599999999992
 31
0
  0
LINE
  5
AFD
330
1A
100
AcDbEntity
  8
B.Cu
  6
CONTINUOUS
100
AcDbLine
 10
138.8563890000000072
 20
-114.8637599999999992
 30
0
 11
138.9174069999999972
 21
-115.0515559999999908
 31
0
  0
LINE
  5
AFE
330
1A
100
AcDbEntity
  8
B.Cu
  6
CONTINUOUS
100
AcDbLine
 10
138.9174069999999972
 20
-115.0515559999999908
 30
0
 11
138.9174079999999947
 21
-115.0515599999999949
 31
0
  0
LINE
  5
AFF
330
1A
100
AcDbEntity
  8
B.Cu
  6
CONTINUOUS
100
AcDbLine
 10
138.9174079999999947
 20
-115.0515599999999949
 30
0
 11
139.0070529999999849
 21
-115.2274969999999996
 31
0
  0
LINE
  5
B00
330
1A
100
AcDbEntity
  8
B.Cu
  6
CONTINUOUS
100
AcDbLine
 10
139.0070529999999849
 20
-115.2274969999999996
 30
0
 11
139.0070539999999824
 21
-115.2274979999999971
 31
0
  0
LINE
  5
B01
330
1A
100
AcDbEntity
  8
B.Cu
  6
CONTINUOUS
100
AcDbLine
 10
139.0070539999999824
 20
-115.2274979999999971
 30
0
 11
139.0070560000000057
 21
-115.2275009999999895
 31
0
  0
LINE
  5
B02
330
1A
100
AcDbEntity
  8
B.Cu
  6
CONTINUOUS
100
AcDbLine
 10
139.0070560000000057
 20
-115.2275009999999895
 30
0
 11
139.1231209999999976
 21
-115.3872519999999895
 31
0
  0
LINE
  5
B03
330
1A
100
AcDbEntity
  8
B.Cu
  6
CONTINUOUS
100
AcDbLine
 10
139.1231209999999976
 20
-115.3872519999999895
 30
0
 11
139.2627479999999878
 21
-115.5268789999999939
 31
0
  0
LINE
  5
B04
330
1A
100
AcDbEntity
  8
B.Cu
  6
CONTINUOUS
100
AcDbLine
 10
139.2627479999999878
 20
-115.5268789999999939
 30
0
 11
139.3409739999999886
 21
-115.5837129999999888
 31
0
  0
LINE
  5
B05
330
1A
100
AcDbEntity
  8
B.Cu
  6
CONTINUOUS
100
AcDbLine
 10
139.3409739999999886
 20
-115.5837129999999888
 30
0
 11
139.4164569999999799
 21
-115.6385539999999992
 31
0
  0
LINE
  5
B06
330
1A
100
AcDbEntity
  8
B.Cu
  6
CONTINUOUS
100
AcDbLine
 10
139.4164569999999799
 20
-115.6385539999999992
 30
0
 11
139.4824059999999974
 21
-115.709896999999998
 31
0
  0
LINE
  5
B07
330
1A
100
AcDbEntity
  8
B.Cu
  6
CONTINUOUS
100
AcDbLine
 10
139.4824059999999974
 20
-115.709896999999998
 30
0
 11
139.5160329999999931
 21
-115.801046999999997
 31
0
  0
LINE
  5
B08
330
1A
100
AcDbEntity
  8
B.Cu
  6
CONTINUOUS
100
AcDbLine
 10
139.5160329999999931
 20
-115.801046999999997
 30
0
 11
139.5122189999999875
 21
-115.8981269999999881
 31
0
  0
LINE
  5
B09
330
1A
100
AcDbEntity
  8
B.Cu
  6
CONTINUOUS
100
AcDbLine
 10
139.5122189999999875
 20
-115.8981269999999881
 30
0
 11
139.4715449999999919
 21
-115.9863579999999956
 31
0
  0
LINE
  5
B0A
330
1A
100
AcDbEntity
  8
B.Cu
  6
CONTINUOUS
100
AcDbLine
 10
139.4715449999999919
 20
-115.9863579999999956
 30
0
 11
139.4164569999999799
 21
-116.0414459999999934
 31
0
  0
LINE
  5
B0B
330
1A
100
AcDbEntity
  8
B.Cu
  6
CONTINUOUS
100
AcDbLine
 10
139.4164569999999799
 20
-116.0414459999999934
 30
0
 11
139.2627459999999928
 21
-116.1531219999999962
 31
0
  0
LINE
  5
B0C
330
1A
100
AcDbEntity
  8
B.Cu
  6
CONTINUOUS
100
AcDbLine
 10
139.2627459999999928
 20
-116.1531219999999962
 30
0
 11
139.1231219999999951
 21
-116.292745999999994
 31
0
  0
LINE
  5
B0D
330
1A
100
AcDbEntity
  8
B.Cu
  6
CONTINUOUS
100
AcDbLine
 10
139.1231219999999951
 20
-116.292745999999994
 30
0
 11
139.0070549999999798
 21
-116.4525000000000006
 31
0
  0
LINE
  5
B0E
330
1A
100
AcDbEntity
  8
B.Cu
  6
CONTINUOUS
100
AcDbLine
 10
139.0070549999999798
 20
-116.4525000000000006
 30
0
 11
139.0070529999999849
 21
-116.4525019999999955
 31
0
  0
LINE
  5
B0F
330
1A
100
AcDbEntity
  8
B.Cu
  6
CONTINUOUS
100
AcDbLine
 10
139.0070529999999849
 20
-116.4525019999999955
 30
0
 11
138.9174079999999947
 21
-116.6284390000000002
 31
0
  0
LINE
  5
B10
330
1A
100
AcDbEntity
  8
B.Cu
  6
CONTINUOUS
100
AcDbLine
 10
138.9174079999999947
 20
-116.6284390000000002
 30
0
 11
138.9174069999999972
 21
-116.6284429999999901
 31
0
  0
LINE
  5
B11
330
1A
100
AcDbEntity
  8
B.Cu
  6
CONTINUOUS
100
AcDbLine
 10
138.9174069999999972
 20
-116.6284429999999901
 30
0
 11
138.8563890000000072
 21
-116.8162389999999959
 31
0
  0
LINE
  5
B12
330
1A
100
AcDbEntity
  8
B.Cu
  6
CONTINUOUS
100
AcDbLine
 10
138.8563890000000072
 20
-116.8162389999999959
 30
0
 11
138.8255010000000027
 21
-117.011257999999998
 31
0
  0
LINE
  5
B13
330
1A
100
AcDbEntity
  8
B.Cu
  6
CONTINUOUS
100
AcDbLine
 10
138.8255010000000027
 20
-117.011257999999998
 30
0
 11
138.8255000000000052
 21
-117.0112729999999885
 31
0
  0
LINE
  5
B14
330
1A
100
AcDbEntity
  8
B.Cu
  6
CONTINUOUS
100
AcDbLine
 10
138.8255000000000052
 20
-117.0112729999999885
 30
0
 11
138.8255000000000052
 21
-117.2087259999999986
 31
0
  0
LINE
  5
B15
330
1A
100
AcDbEntity
  8
B.Cu
  6
CONTINUOUS
100
AcDbLine
 10
138.8255000000000052
 20
-117.2087259999999986
 30
0
 11
138.8255010000000027
 21
-117.2087409999999892
 31
0
  0
LINE
  5
B16
330
1A
100
AcDbEntity
  8
B.Cu
  6
CONTINUOUS
100
AcDbLine
 10
138.8255010000000027
 20
-117.2087409999999892
 30
0
 11
138.8563890000000072
 21
-117.4037599999999912
 31
0
  0
LINE
  5
B17
330
1A
100
AcDbEntity
  8
B.Cu
  6
CONTINUOUS
100
AcDbLine
 10
138.8563890000000072
 20
-117.4037599999999912
 30
0
 11
138.9174069999999972
 21
-117.5915559999999971
 31
0
  0
LINE
  5
B18
330
1A
100
AcDbEntity
  8
B.Cu
  6
CONTINUOUS
100
AcDbLine
 10
138.9174069999999972
 20
-117.5915559999999971
 30
0
 11
138.9174079999999947
 21
-117.5915600000000012
 31
0
  0
LINE
  5
B19
330
1A
100
AcDbEntity
  8
B.Cu
  6
CONTINUOUS
100
AcDbLine
 10
138.9174079999999947
 20
-117.5915600000000012
 30
0
 11
139.0070529999999849
 21
-117.7674969999999917
 31
0
  0
LINE
  5
B1A
330
1A
100
AcDbEntity
  8
B.Cu
  6
CONTINUOUS
100
AcDbLine
 10
139.0070529999999849
 20
-117.7674969999999917
 30
0
 11
139.0070539999999824
 21
-117.7674979999999891
 31
0
  0
LINE
  5
B1B
330
1A
100
AcDbEntity
  8
B.Cu
  6
CONTINUOUS
100
AcDbLine
 10
139.0070539999999824
 20
-117.7674979999999891
 30
0
 11
139.0070560000000057
 21
-117.7675009999999958
 31
0
  0
LINE
  5
B1C
330
1A
100
AcDbEntity
  8
B.Cu
  6
CONTINUOUS
100
AcDbLine
 10
139.0070560000000057
 20
-117.7675009999999958
 30
0
 11
139.1231209999999976
 21
-117.9272519999999957
 31
0
  0
LINE
  5
B1D
330
1A
100
AcDbEntity
  8
B.Cu
  6
CONTINUOUS
100
AcDbLine
 10
139.1231209999999976
 20
-117.9272519999999957
 30
0
 11
139.2627479999999878
 21
-118.0668790000000001
 31
0
  0
LINE
  5
B1E
330
1A
100
AcDbEntity
  8
B.Cu
  6
CONTINUOUS
100
AcDbLine
 10
139.2627479999999878
 20
-118.0668790000000001
 30
0
 11
139.3409739999999886
 21
-118.1237129999999951
 31
0
  0
LINE
  5
B1F
330
1A
100
AcDbEntity
  8
B.Cu
  6
CONTINUOUS
100
AcDbLine
 10
139.3409739999999886
 20
-118.1237129999999951
 30
0
 11
139.4164569999999799
 21
-118.1785539999999912
 31
0
  0
LINE
  5
B20
330
1A
100
AcDbEntity
  8
B.Cu
  6
CONTINUOUS
100
AcDbLine
 10
139.4164569999999799
 20
-118.1785539999999912
 30
0
 11
139.4824059999999974
 21
-118.24989699999999
 31
0
  0
LINE
  5
B21
330
1A
100
AcDbEntity
  8
B.Cu
  6
CONTINUOUS
100
AcDbLine
 10
139.4824059999999974
 20
-118.24989699999999
 30
0
 11
139.5160329999999931
 21
-118.341046999999989
 31
0
  0
LINE
  5
B22
330
1A
100
AcDbEntity
  8
B.Cu
  6
CONTINUOUS
100
AcDbLine
 10
139.5160329999999931
 20
-118.341046999999989
 30
0
 11
139.5122189999999875
 21
-118.4381269999999944
 31
0
  0
LINE
  5
B23
330
1A
100
AcDbEntity
  8
B.Cu
  6
CONTINUOUS
100
AcDbLine
 10
139.5122189999999875
 20
-118.4381269999999944
 30
0
 11
139.4715449999999919
 21
-118.5263579999999877
 31
0
  0
LINE
  5
B24
330
1A
100
AcDbEntity
  8
B.Cu
  6
CONTINUOUS
100
AcDbLine
 10
139.4715449999999919
 20
-118.5263579999999877
 30
0
 11
139.4164569999999799
 21
-118.5814459999999997
 31
0
  0
LINE
  5
B25
330
1A
100
AcDbEntity
  8
B.Cu
  6
CONTINUOUS
100
AcDbLine
 10
139.4164569999999799
 20
-118.5814459999999997
 30
0
 11
139.2627459999999928
 21
-118.6931219999999882
 31
0
  0
LINE
  5
B26
330
1A
100
AcDbEntity
  8
B.Cu
  6
CONTINUOUS
100
AcDbLine
 10
139.2627459999999928
 20
-118.6931219999999882
 30
0
 11
139.1231219999999951
 21
-118.8327460000000002
 31
0
  0
LINE
  5
B27
330
1A
100
AcDbEntity
  8
B.Cu
  6
CONTINUOUS
100
AcDbLine
 10
139.1231219999999951
 20
-118.8327460000000002
 30
0
 11
139.0070549999999798
 21
-118.9924999999999926
 31
0
  0
LINE
  5
B28
330
1A
100
AcDbEntity
  8
B.Cu
  6
CONTINUOUS
100
AcDbLine
 10
139.0070549999999798
 20
-118.9924999999999926
 30
0
 11
139.0070529999999849
 21
-118.9925019999999876
 31
0
  0
LINE
  5
B29
330
1A
100
AcDbEntity
  8
B.Cu
  6
CONTINUOUS
100
AcDbLine
 10
139.0070529999999849
 20
-118.9925019999999876
 30
0
 11
138.9174079999999947
 21
-119.1684389999999922
 31
0
  0
LINE
  5
B2A
330
1A
100
AcDbEntity
  8
B.Cu
  6
CONTINUOUS
100
AcDbLine
 10
138.9174079999999947
 20
-119.1684389999999922
 30
0
 11
138.9174069999999972
 21
-119.1684429999999963
 31
0
  0
LINE
  5
B2B
330
1A
100
AcDbEntity
  8
B.Cu
  6
CONTINUOUS
100
AcDbLine
 10
138.9174069999999972
 20
-119.1684429999999963
 30
0
 11
138.8563890000000072
 21
-119.356238999999988
 31
0
  0
LINE
  5
B2C
330
1A
100
AcDbEntity
  8
B.Cu
  6
CONTINUOUS
100
AcDbLine
 10
138.8563890000000072
 20
-119.356238999999988
 30
0
 11
138.8255010000000027
 21
-119.55125799999999
 31
0
  0
LINE
  5
B2D
330
1A
100
AcDbEntity
  8
B.Cu
  6
CONTINUOUS
100
AcDbLine
 10
138.8255010000000027
 20
-119.55125799999999
 30
0
 11
138.8255000000000052
 21
-119.5512729999999948
 31
0
  0
LINE
  5
B2E
330
1A
100
AcDbEntity
  8
B.Cu
  6
CONTINUOUS
100
AcDbLine
 10
138.8255000000000052
 20
-119.5512729999999948
 30
0
 11
138.8255000000000052
 21
-119.7487259999999907
 31
0
  0
LINE
  5
B2F
330
1A
100
AcDbEntity
  8
B.Cu
  6
CONTINUOUS
100
AcDbLine
 10
138.8255000000000052
 20
-119.7487259999999907
 30
0
 11
138.8255010000000027
 21
-119.7487409999999954
 31
0
  0
LINE
  5
B30
330
1A
100
AcDbEntity
  8
B.Cu
  6
CONTINUOUS
100
AcDbLine
 10
138.8255010000000027
 20
-119.7487409999999954
 30
0
 11
138.8563890000000072
 21
-119.9437599999999975
 31
0
  0
LINE
  5
B31
330
1A
100
AcDbEntity
  8
B.Cu
  6
CONTINUOUS
100
AcDbLine
 10
138.8563890000000072
 20
-119.9437599999999975
 30
0
 11
138.9174069999999972
 21
-120.1315559999999891
 31
0
  0
LINE
  5
B32
330
1A
100
AcDbEntity
  8
B.Cu
  6
CONTINUOUS
100
AcDbLine
 10
138.9174069999999972
 20
-120.1315559999999891
 30
0
 11
138.9174079999999947
 21
-120.1315599999999932
 31
0
  0
LINE
  5
B33
330
1A
100
AcDbEntity
  8
B.Cu
  6
CONTINUOUS
100
AcDbLine
 10
138.9174079999999947
 20
-120.1315599999999932
 30
0
 11
139.0070529999999849
 21
-120.3074969999999979
 31
0
  0
LINE
  5
B34
330
1A
100
AcDbEntity
  8
B.Cu
  6
CONTINUOUS
100
AcDbLine
 10
139.0070529999999849
 20
-120.3074969999999979
 30
0
 11
139.0070539999999824
 21
-120.3074979999999954
 31
0
  0
LINE
  5
B35
330
1A
100
AcDbEntity
  8
B.Cu
  6
CONTINUOUS
100
AcDbLine
 10
139.0070539999999824
 20
-120.3074979999999954
 30
0
 11
139.0070560000000057
 21
-120.3075009999999878
 31
0
  0
LINE
  5
B36
330
1A
100
AcDbEntity
  8
B.Cu
  6
CONTINUOUS
100
AcDbLine
 10
139.0070560000000057
 20
-120.3075009999999878
 30
0
 11
139.1231209999999976
 21
-120.4672519999999878
 31
0
  0
LINE
  5
B37
330
1A
100
AcDbEntity
  8
B.Cu
  6
CONTINUOUS
100
AcDbLine
 10
139.1231209999999976
 20
-120.4672519999999878
 30
0
 11
139.2627479999999878
 21
-120.6068789999999922
 31
0
  0
LINE
  5
B38
330
1A
100
AcDbEntity
  8
B.Cu
  6
CONTINUOUS
100
AcDbLine
 10
139.2627479999999878
 20
-120.6068789999999922
 30
0
 11
139.3409739999999886
 21
-120.6637130000000013
 31
0
  0
LINE
  5
B39
330
1A
100
AcDbEntity
  8
B.Cu
  6
CONTINUOUS
100
AcDbLine
 10
139.3409739999999886
 20
-120.6637130000000013
 30
0
 11
139.3889289999999903
 21
-120.6985540000000015
 31
0
  0
LINE
  5
B3A
330
1A
100
AcDbEntity
  8
B.Cu
  6
CONTINUOUS
100
AcDbLine
 10
139.3889289999999903
 20
-120.6985540000000015
 30
0
 11
139.4548780000000079
 21
-120.7698970000000003
 31
0
  0
LINE
  5
B3B
330
1A
100
AcDbEntity
  8
B.Cu
  6
CONTINUOUS
100
AcDbLine
 10
139.4548780000000079
 20
-120.7698970000000003
 30
0
 11
139.4885050000000035
 21
-120.8610469999999992
 31
0
  0
LINE
  5
B3C
330
1A
100
AcDbEntity
  8
B.Cu
  6
CONTINUOUS
100
AcDbLine
 10
139.4885050000000035
 20
-120.8610469999999992
 30
0
 11
139.484690999999998
 21
-120.9581269999999904
 31
0
  0
LINE
  5
B3D
330
1A
100
AcDbEntity
  8
B.Cu
  6
CONTINUOUS
100
AcDbLine
 10
139.484690999999998
 20
-120.9581269999999904
 30
0
 11
139.4440170000000023
 21
-121.0463579999999979
 31
0
  0
LINE
  5
B3E
330
1A
100
AcDbEntity
  8
B.Cu
  6
CONTINUOUS
100
AcDbLine
 10
139.4440170000000023
 20
-121.0463579999999979
 30
0
 11
139.3889289999999903
 21
-121.1014459999999957
 31
0
  0
LINE
  5
B3F
330
1A
100
AcDbEntity
  8
B.Cu
  6
CONTINUOUS
100
AcDbLine
 10
139.3889289999999903
 20
-121.1014459999999957
 30
0
 11
139.2627459999999928
 21
-121.1931219999999882
 31
0
  0
LINE
  5
B40
330
1A
100
AcDbEntity
  8
B.Cu
  6
CONTINUOUS
100
AcDbLine
 10
139.2627459999999928
 20
-121.1931219999999882
 30
0
 11
139.1231219999999951
 21
-121.3327460000000002
 31
0
  0
LINE
  5
B41
330
1A
100
AcDbEntity
  8
B.Cu
  6
CONTINUOUS
100
AcDbLine
 10
139.1231219999999951
 20
-121.3327460000000002
 30
0
 11
139.0070549999999798
 21
-121.4924999999999926
 31
0
  0
LINE
  5
B42
330
1A
100
AcDbEntity
  8
B.Cu
  6
CONTINUOUS
100
AcDbLine
 10
139.0070549999999798
 20
-121.4924999999999926
 30
0
 11
139.0070529999999849
 21
-121.4925019999999876
 31
0
  0
LINE
  5
B43
330
1A
100
AcDbEntity
  8
B.Cu
  6
CONTINUOUS
100
AcDbLine
 10
139.0070529999999849
 20
-121.4925019999999876
 30
0
 11
138.9174079999999947
 21
-121.6684389999999922
 31
0
  0
LINE
  5
B44
330
1A
100
AcDbEntity
  8
B.Cu
  6
CONTINUOUS
100
AcDbLine
 10
138.9174079999999947
 20
-121.6684389999999922
 30
0
 11
138.9174069999999972
 21
-121.6684429999999963
 31
0
  0
LINE
  5
B45
330
1A
100
AcDbEntity
  8
B.Cu
  6
CONTINUOUS
100
AcDbLine
 10
138.9174069999999972
 20
-121.6684429999999963
 30
0
 11
138.8563890000000072
 21
-121.856238999999988
 31
0
  0
LINE
  5
B46
330
1A
100
AcDbEntity
  8
B.Cu
  6
CONTINUOUS
100
AcDbLine
 10
138.8563890000000072
 20
-121.856238999999988
 30
0
 11
138.8255010000000027
 21
-122.05125799999999
 31
0
  0
LINE
  5
B47
330
1A
100
AcDbEntity
  8
B.Cu
  6
CONTINUOUS
100
AcDbLine
 10
138.8255010000000027
 20
-122.05125799999999
 30
0
 11
138.8255000000000052
 21
-122.0512729999999948
 31
0
  0
LINE
  5
B48
330
1A
100
AcDbEntity
  8
B.Cu
  6
CONTINUOUS
100
AcDbLine
 10
138.8255000000000052
 20
-122.0512729999999948
 30
0
 11
138.8255000000000052
 21
-122.2487259999999907
 31
0
  0
LINE
  5
B49
330
1A
100
AcDbEntity
  8
B.Cu
  6
CONTINUOUS
100
AcDbLine
 10
138.8255000000000052
 20
-122.2487259999999907
 30
0
 11
138.8255010000000027
 21
-122.2487409999999954
 31
0
  0
LINE
  5
B4A
330
1A
100
AcDbEntity
  8
B.Cu
  6
CONTINUOUS
100
AcDbLine
 10
138.8255010000000027
 20
-122.2487409999999954
 30
0
 11
138.8563890000000072
 21
-122.4437599999999975
 31
0
  0
LINE
  5
B4B
330
1A
100
AcDbEntity
  8
B.Cu
  6
CONTINUOUS
100
AcDbLine
 10
138.8563890000000072
 20
-122.4437599999999975
 30
0
 11
138.9174069999999972
 21
-122.6315559999999891
 31
0
  0
LINE
  5
B4C
330
1A
100
AcDbEntity
  8
B.Cu
  6
CONTINUOUS
100
AcDbLine
 10
138.9174069999999972
 20
-122.6315559999999891
 30
0
 11
138.9174079999999947
 21
-122.6315599999999932
 31
0
  0
LINE
  5
B4D
330
1A
100
AcDbEntity
  8
B.Cu
  6
CONTINUOUS
100
AcDbLine
 10
138.9174079999999947
 20
-122.6315599999999932
 30
0
 11
139.0070529999999849
 21
-122.8074969999999979
 31
0
  0
LINE
  5
B4E
330
1A
100
AcDbEntity
  8
B.Cu
  6
CONTINUOUS
100
AcDbLine
 10
139.0070529999999849
 20
-122.8074969999999979
 30
0
 11
139.0070539999999824
 21
-122.8074979999999954
 31
0
  0
LINE
  5
B4F
330
1A
100
AcDbEntity
  8
B.Cu
  6
CONTINUOUS
100
AcDbLine
 10
139.0070539999999824
 20
-122.8074979999999954
 30
0
 11
139.0070560000000057
 21
-122.8075009999999878
 31
0
  0
LINE
  5
B50
330
1A
100
AcDbEntity
  8
B.Cu
  6
CONTINUOUS
100
AcDbLine
 10
139.0070560000000057
 20
-122.8075009999999878
 30
0
 11
139.1231209999999976
 21
-122.9672519999999878
 31
0
  0
LINE
  5
B51
330
1A
100
AcDbEntity
  8
B.Cu
  6
CONTINUOUS
100
AcDbLine
 10
139.1231209999999976
 20
-122.9672519999999878
 30
0
 11
139.2627479999999878
 21
-123.1068789999999922
 31
0
  0
LINE
  5
B52
330
1A
100
AcDbEntity
  8
B.Cu
  6
CONTINUOUS
100
AcDbLine
 10
139.2627479999999878
 20
-123.1068789999999922
 30
0
 11
139.3685619999999972
 21
-123.1837569999999999
 31
0
  0
LINE
  5
B53
330
1A
100
AcDbEntity
  8
B.Cu
  6
CONTINUOUS
100
AcDbLine
 10
139.3685619999999972
 20
-123.1837569999999999
 30
0
 11
139.4225030000000061
 21
-123.2229469999999907
 31
0
  0
LINE
  5
B54
330
1A
100
AcDbEntity
  8
B.Cu
  6
CONTINUOUS
100
AcDbLine
 10
139.4225030000000061
 20
-123.2229469999999907
 30
0
 11
139.4302529999999933
 21
-123.2276959999999946
 31
0
  0
LINE
  5
B55
330
1A
100
AcDbEntity
  8
B.Cu
  6
CONTINUOUS
100
AcDbLine
 10
139.4302529999999933
 20
-123.2276959999999946
 30
0
 11
139.5015949999999805
 21
-123.2936469999999929
 31
0
  0
LINE
  5
B56
330
1A
100
AcDbEntity
  8
B.Cu
  6
CONTINUOUS
100
AcDbLine
 10
139.5015949999999805
 20
-123.2936469999999929
 30
0
 11
139.5422669999999812
 21
-123.3818789999999979
 31
0
  0
LINE
  5
B57
330
1A
100
AcDbEntity
  8
B.Cu
  6
CONTINUOUS
100
AcDbLine
 10
139.5422669999999812
 20
-123.3818789999999979
 30
0
 11
139.5460779999999943
 21
-123.478958999999989
 31
0
  0
LINE
  5
B58
330
1A
100
AcDbEntity
  8
B.Cu
  6
CONTINUOUS
100
AcDbLine
 10
139.5460779999999943
 20
-123.478958999999989
 30
0
 11
139.5124490000000037
 21
-123.5701079999999905
 31
0
  0
LINE
  5
B59
330
1A
100
AcDbEntity
  8
B.Cu
  6
CONTINUOUS
100
AcDbLine
 10
139.5124490000000037
 20
-123.5701079999999905
 30
0
 11
139.4464979999999912
 21
-123.6414499999999919
 31
0
  0
LINE
  5
B5A
330
1A
100
AcDbEntity
  8
B.Cu
  6
CONTINUOUS
100
AcDbLine
 10
139.4464979999999912
 20
-123.6414499999999919
 30
0
 11
139.4302529999999933
 21
-123.6523040000000009
 31
0
  0
LINE
  5
B5B
330
1A
100
AcDbEntity
  8
B.Cu
  6
CONTINUOUS
100
AcDbLine
 10
139.4302529999999933
 20
-123.6523040000000009
 30
0
 11
139.4225030000000061
 21
-123.6570519999999931
 31
0
  0
LINE
  5
B5C
330
1A
100
AcDbEntity
  8
B.Cu
  6
CONTINUOUS
100
AcDbLine
 10
139.4225030000000061
 20
-123.6570519999999931
 30
0
 11
139.2627459999999928
 21
-123.7731220000000008
 31
0
  0
LINE
  5
B5D
330
1A
100
AcDbEntity
  8
B.Cu
  6
CONTINUOUS
100
AcDbLine
 10
139.2627459999999928
 20
-123.7731220000000008
 30
0
 11
139.1231219999999951
 21
-123.9127459999999985
 31
0
  0
LINE
  5
B5E
330
1A
100
AcDbEntity
  8
B.Cu
  6
CONTINUOUS
100
AcDbLine
 10
139.1231219999999951
 20
-123.9127459999999985
 30
0
 11
139.0070549999999798
 21
-124.0724999999999909
 31
0
  0
LINE
  5
B5F
330
1A
100
AcDbEntity
  8
B.Cu
  6
CONTINUOUS
100
AcDbLine
 10
139.0070549999999798
 20
-124.0724999999999909
 30
0
 11
139.0070529999999849
 21
-124.0725020000000001
 31
0
  0
LINE
  5
B60
330
1A
100
AcDbEntity
  8
B.Cu
  6
CONTINUOUS
100
AcDbLine
 10
139.0070529999999849
 20
-124.0725020000000001
 30
0
 11
138.9174079999999947
 21
-124.2484389999999905
 31
0
  0
LINE
  5
B61
330
1A
100
AcDbEntity
  8
B.Cu
  6
CONTINUOUS
100
AcDbLine
 10
138.9174079999999947
 20
-124.2484389999999905
 30
0
 11
138.9174069999999972
 21
-124.2484429999999946
 31
0
  0
LINE
  5
B62
330
1A
100
AcDbEntity
  8
B.Cu
  6
CONTINUOUS
100
AcDbLine
 10
138.9174069999999972
 20
-124.2484429999999946
 30
0
 11
138.8563890000000072
 21
-124.4362379999999888
 31
0
  0
LINE
  5
B63
330
1A
100
AcDbEntity
  8
B.Cu
  6
CONTINUOUS
100
AcDbLine
 10
138.8563890000000072
 20
-124.4362379999999888
 30
0
 11
138.8497649999999908
 21
-124.4780619999999942
 31
0
  0
LINE
  5
B64
330
1A
100
AcDbEntity
  8
B.Cu
  6
CONTINUOUS
100
AcDbLine
 10
138.8497649999999908
 20
-124.4780619999999942
 30
0
 11
138.8161369999999977
 21
-124.5692119999999932
 31
0
  0
LINE
  5
B65
330
1A
100
AcDbEntity
  8
B.Cu
  6
CONTINUOUS
100
AcDbLine
 10
138.8161369999999977
 20
-124.5692119999999932
 30
0
 11
138.7799019999999928
 21
-124.6151759999999911
 31
0
  0
LINE
  5
B66
330
1A
100
AcDbEntity
  8
B.Cu
  6
CONTINUOUS
100
AcDbLine
 10
138.7799019999999928
 20
-124.6151759999999911
 30
0
 11
138.6185119999999813
 21
-124.7765679999999975
 31
0
  0
LINE
  5
B67
330
1A
100
AcDbEntity
  8
B.Cu
  6
CONTINUOUS
100
AcDbLine
 10
138.6185119999999813
 20
-124.7765679999999975
 30
0
 11
138.5377309999999795
 21
-124.8305450000000008
 31
0
  0
LINE
  5
B68
330
1A
100
AcDbEntity
  8
B.Cu
  6
CONTINUOUS
100
AcDbLine
 10
138.5377309999999795
 20
-124.8305450000000008
 30
0
 11
138.4424429999999973
 21
-124.8494999999999919
 31
0
  0
LINE
  5
B69
330
1A
100
AcDbEntity
  8
B.Cu
  6
CONTINUOUS
100
AcDbLine
 10
138.4424429999999973
 20
-124.8494999999999919
 30
0
 11
132.0871799999999894
 21
-124.8494999999999919
 31
0
  0
LINE
  5
B6A
330
1A
100
AcDbEntity
  8
B.Cu
  6
CONTINUOUS
100
AcDbLine
 10
132.0871799999999894
 20
-124.8494999999999919
 30
0
 11
131.9918920000000071
 21
-124.8305459999999982
 31
0
  0
LINE
  5
B6B
330
1A
100
AcDbEntity
  8
B.Cu
  6
CONTINUOUS
100
AcDbLine
 10
131.9918920000000071
 20
-124.8305459999999982
 30
0
 11
131.9111100000000079
 21
-124.7765699999999924
 31
0
  0
LINE
  5
B6C
330
1A
100
AcDbEntity
  8
B.Cu
  6
CONTINUOUS
100
AcDbLine
 10
131.9111100000000079
 20
-124.7765699999999924
 30
0
 11
131.8878459999999961
 21
-124.7497209999999939
 31
0
  0
LINE
  5
B6D
330
1A
100
AcDbEntity
  8
B.Cu
  6
CONTINUOUS
100
AcDbLine
 10
131.8878459999999961
 20
-124.7497209999999939
 30
0
 11
131.8075489999999945
 21
-124.6424579999999906
 31
0
  0
LINE
  5
B6E
330
1A
100
AcDbEntity
  8
B.Cu
  6
CONTINUOUS
100
AcDbLine
 10
131.8075489999999945
 20
-124.6424579999999906
 30
0
 11
131.807547999999997
 21
-124.6424569999999932
 31
0
  0
LINE
  5
B6F
330
1A
100
AcDbEntity
  8
B.Cu
  6
CONTINUOUS
100
AcDbLine
 10
131.807547999999997
 20
-124.6424569999999932
 30
0
 11
131.8075460000000021
 21
-124.6424540000000007
 31
0
  0
LINE
  5
B70
330
1A
100
AcDbEntity
  8
B.Cu
  6
CONTINUOUS
100
AcDbLine
 10
131.8075460000000021
 20
-124.6424540000000007
 30
0
 11
131.6923309999999958
 21
-124.5562039999999939
 31
0
  0
LINE
  5
B71
330
1A
100
AcDbEntity
  8
B.Cu
  6
CONTINUOUS
100
AcDbLine
 10
131.6923309999999958
 20
-124.5562039999999939
 30
0
 11
131.6923290000000009
 21
-124.5562029999999965
 31
0
  0
LINE
  5
B72
330
1A
100
AcDbEntity
  8
B.Cu
  6
CONTINUOUS
100
AcDbLine
 10
131.6923290000000009
 20
-124.5562029999999965
 30
0
 11
131.6780729999999835
 21
-124.5455309999999969
 31
0
  0
LINE
  5
B73
330
1A
100
AcDbEntity
  8
B.Cu
  6
CONTINUOUS
100
AcDbLine
 10
131.6780729999999835
 20
-124.5455309999999969
 30
0
 11
131.6804259999999829
 21
-124.5423869999999908
 31
0
  0
LINE
  5
B74
330
1A
100
AcDbEntity
  8
B.Cu
  6
CONTINUOUS
100
AcDbLine
 10
131.6804259999999829
 20
-124.5423869999999908
 30
0
 11
131.6311059999999884
 21
-124.5011439999999965
 31
0
  0
LINE
  5
B75
330
1A
100
AcDbEntity
  8
B.Cu
  6
CONTINUOUS
100
AcDbLine
 10
131.6311059999999884
 20
-124.5011439999999965
 30
0
 11
131.5860989999999902
 21
-124.4150429999999972
 31
0
  0
LINE
  5
B76
330
1A
100
AcDbEntity
  8
B.Cu
  6
CONTINUOUS
100
AcDbLine
 10
131.5860989999999902
 20
-124.4150429999999972
 30
0
 11
131.5774669999999844
 21
-124.3182719999999932
 31
0
  0
LINE
  5
B77
330
1A
100
AcDbEntity
  8
B.Cu
  6
CONTINUOUS
100
AcDbLine
 10
131.5774669999999844
 20
-124.3182719999999932
 30
0
 11
131.6065260000000023
 21
-124.2255639999999914
 31
0
  0
LINE
  5
B78
330
1A
100
AcDbEntity
  8
B.Cu
  6
CONTINUOUS
100
AcDbLine
 10
131.6065260000000023
 20
-124.2255639999999914
 30
0
 11
131.6252739999999903
 21
-124.1983759999999961
 31
0
  0
LINE
  5
B79
330
1A
100
AcDbEntity
  8
B.Cu
  6
CONTINUOUS
100
AcDbLine
 10
131.6252739999999903
 20
-124.1983759999999961
 30
0
 11
131.6243529999999851
 21
-124.1977069999999941
 31
0
  0
LINE
  5
B7A
330
1A
100
AcDbEntity
  8
B.Cu
  6
CONTINUOUS
100
AcDbLine
 10
131.6243529999999851
 20
-124.1977069999999941
 30
0
 11
131.6301039999999887
 21
-124.1897919999999971
 31
0
  0
LINE
  5
B7B
330
1A
100
AcDbEntity
  8
B.Cu
  6
CONTINUOUS
100
AcDbLine
 10
131.6301039999999887
 20
-124.1897919999999971
 30
0
 11
131.7550509999999804
 21
-124.0178159999999963
 31
0
  0
LINE
  5
B7C
330
1A
100
AcDbEntity
  8
B.Cu
  6
CONTINUOUS
100
AcDbLine
 10
131.7550509999999804
 20
-124.0178159999999963
 30
0
 11
131.8515569999999855
 21
-123.8284120000000001
 31
0
  0
LINE
  5
B7D
330
1A
100
AcDbEntity
  8
B.Cu
  6
CONTINUOUS
100
AcDbLine
 10
131.8515569999999855
 20
-123.8284120000000001
 30
0
 11
131.9172460000000058
 21
-123.6262429999999881
 31
0
  0
LINE
  5
B7E
330
1A
100
AcDbEntity
  8
B.Cu
  6
CONTINUOUS
100
AcDbLine
 10
131.9172460000000058
 20
-123.6262429999999881
 30
0
 11
131.9411220000000071
 21
-123.4754999999999967
 31
0
  0
LINE
  5
B7F
330
1A
100
AcDbEntity
  8
B.Cu
  6
CONTINUOUS
100
AcDbLine
 10
131.9411220000000071
 20
-123.4754999999999967
 30
0
 11
131.9504990000000078
 21
-123.4162959999999885
 31
0
  0
LINE
  5
B80
330
1A
100
AcDbEntity
  8
B.Cu
  6
CONTINUOUS
100
AcDbLine
 10
131.9504990000000078
 20
-123.4162959999999885
 30
0
 11
131.9505000000000052
 21
-123.4162839999999903
 31
0
  0
LINE
  5
B81
330
1A
100
AcDbEntity
  8
B.Cu
  6
CONTINUOUS
100
AcDbLine
 10
131.9505000000000052
 20
-123.4162839999999903
 30
0
 11
131.9505000000000052
 21
-123.2037149999999883
 31
0
  0
LINE
  5
B82
330
1A
100
AcDbEntity
  8
B.Cu
  6
CONTINUOUS
100
AcDbLine
 10
131.9505000000000052
 20
-123.2037149999999883
 30
0
 11
131.9504990000000078
 21
-123.2037029999999902
 31
0
  0
LINE
  5
B83
330
1A
100
AcDbEntity
  8
B.Cu
  6
CONTINUOUS
100
AcDbLine
 10
131.9504990000000078
 20
-123.2037029999999902
 30
0
 11
131.9289409999999805
 21
-123.0676009999999962
 31
0
  0
LINE
  5
B84
330
1A
100
AcDbEntity
  8
B.Cu
  6
CONTINUOUS
100
AcDbLine
 10
131.9289409999999805
 20
-123.0676009999999962
 30
0
 11
131.9172460000000058
 21
-122.993756999999988
 31
0
  0
LINE
  5
B85
330
1A
100
AcDbEntity
  8
B.Cu
  6
CONTINUOUS
100
AcDbLine
 10
131.9172460000000058
 20
-122.993756999999988
 30
0
 11
131.8515569999999855
 21
-122.7915879999999902
 31
0
  0
LINE
  5
B86
330
1A
100
AcDbEntity
  8
B.Cu
  6
CONTINUOUS
100
AcDbLine
 10
131.8515569999999855
 20
-122.7915879999999902
 30
0
 11
131.7550509999999804
 21
-122.6021839999999941
 31
0
  0
LINE
  5
B87
330
1A
100
AcDbEntity
  8
B.Cu
  6
CONTINUOUS
100
AcDbLine
 10
131.7550509999999804
 20
-122.6021839999999941
 30
0
 11
131.6301039999999887
 21
-122.4302079999999933
 31
0
  0
LINE
  5
B88
330
1A
100
AcDbEntity
  8
B.Cu
  6
CONTINUOUS
100
AcDbLine
 10
131.6301039999999887
 20
-122.4302079999999933
 30
0
 11
131.4797920000000033
 21
-122.2798959999999937
 31
0
  0
LINE
  5
B89
330
1A
100
AcDbEntity
  8
B.Cu
  6
CONTINUOUS
100
AcDbLine
 10
131.4797920000000033
 20
-122.2798959999999937
 30
0
 11
131.4268669999999872
 21
-122.2414440000000013
 31
0
  0
LINE
  5
B8A
330
1A
100
AcDbEntity
  8
B.Cu
  6
CONTINUOUS
100
AcDbLine
 10
131.4268669999999872
 20
-122.2414440000000013
 30
0
 11
131.360919999999993
 21
-122.1701029999999975
 31
0
  0
LINE
  5
B8B
330
1A
100
AcDbEntity
  8
B.Cu
  6
CONTINUOUS
100
AcDbLine
 10
131.360919999999993
 20
-122.1701029999999975
 30
0
 11
131.3272929999999974
 21
-122.0789529999999985
 31
0
  0
LINE
  5
B8C
330
1A
100
AcDbEntity
  8
B.Cu
  6
CONTINUOUS
100
AcDbLine
 10
131.3272929999999974
 20
-122.0789529999999985
 30
0
 11
131.3311070000000029
 21
-121.9818729999999931
 31
0
  0
LINE
  5
B8D
330
1A
100
AcDbEntity
  8
B.Cu
  6
CONTINUOUS
100
AcDbLine
 10
131.3311070000000029
 20
-121.9818729999999931
 30
0
 11
131.3717809999999986
 21
-121.8936419999999998
 31
0
  0
LINE
  5
B8E
330
1A
100
AcDbEntity
  8
B.Cu
  6
CONTINUOUS
100
AcDbLine
 10
131.3717809999999986
 20
-121.8936419999999998
 30
0
 11
131.4268669999999872
 21
-121.8385549999999995
 31
0
  0
LINE
  5
B8F
330
1A
100
AcDbEntity
  8
B.Cu
  6
CONTINUOUS
100
AcDbLine
 10
131.4268669999999872
 20
-121.8385549999999995
 30
0
 11
131.4797920000000033
 21
-121.8001039999999904
 31
0
  0
LINE
  5
B90
330
1A
100
AcDbEntity
  8
B.Cu
  6
CONTINUOUS
100
AcDbLine
 10
131.4797920000000033
 20
-121.8001039999999904
 30
0
 11
131.6301039999999887
 21
-121.6497919999999908
 31
0
  0
LINE
  5
B91
330
1A
100
AcDbEntity
  8
B.Cu
  6
CONTINUOUS
100
AcDbLine
 10
131.6301039999999887
 20
-121.6497919999999908
 30
0
 11
131.7550509999999804
 21
-121.47781599999999
 31
0
  0
LINE
  5
B92
330
1A
100
AcDbEntity
  8
B.Cu
  6
CONTINUOUS
100
AcDbLine
 10
131.7550509999999804
 20
-121.47781599999999
 30
0
 11
131.8515569999999855
 21
-121.2884119999999939
 31
0
  0
LINE
  5
B93
330
1A
100
AcDbEntity
  8
B.Cu
  6
CONTINUOUS
100
AcDbLine
 10
131.8515569999999855
 20
-121.2884119999999939
 30
0
 11
131.9172460000000058
 21
-121.0862429999999961
 31
0
  0
LINE
  5
B94
330
1A
100
AcDbEntity
  8
B.Cu
  6
CONTINUOUS
100
AcDbLine
 10
131.9172460000000058
 20
-121.0862429999999961
 30
0
 11
131.9375379999999893
 21
-120.9581269999999904
 31
0
  0
LINE
  5
B95
330
1A
100
AcDbEntity
  8
B.Cu
  6
CONTINUOUS
100
AcDbLine
 10
131.9375379999999893
 20
-120.9581269999999904
 30
0
 11
131.9504990000000078
 21
-120.8762959999999964
 31
0
  0
LINE
  5
B96
330
1A
100
AcDbEntity
  8
B.Cu
  6
CONTINUOUS
100
AcDbLine
 10
131.9504990000000078
 20
-120.8762959999999964
 30
0
 11
131.9505000000000052
 21
-120.8762839999999983
 31
0
  0
LINE
  5
B97
330
1A
100
AcDbEntity
  8
B.Cu
  6
CONTINUOUS
100
AcDbLine
 10
131.9505000000000052
 20
-120.8762839999999983
 30
0
 11
131.9505000000000052
 21
-120.6637149999999963
 31
0
  0
LINE
  5
B98
330
1A
100
AcDbEntity
  8
B.Cu
  6
CONTINUOUS
100
AcDbLine
 10
131.9505000000000052
 20
-120.6637149999999963
 30
0
 11
131.9504990000000078
 21
-120.6637029999999982
 31
0
  0
LINE
  5
B99
330
1A
100
AcDbEntity
  8
B.Cu
  6
CONTINUOUS
100
AcDbLine
 10
131.9504990000000078
 20
-120.6637029999999982
 30
0
 11
131.9289409999999805
 21
-120.52760099999999
 31
0
  0
LINE
  5
B9A
330
1A
100
AcDbEntity
  8
B.Cu
  6
CONTINUOUS
100
AcDbLine
 10
131.9289409999999805
 20
-120.52760099999999
 30
0
 11
131.9172460000000058
 21
-120.453756999999996
 31
0
  0
LINE
  5
B9B
330
1A
100
AcDbEntity
  8
B.Cu
  6
CONTINUOUS
100
AcDbLine
 10
131.9172460000000058
 20
-120.453756999999996
 30
0
 11
131.8515569999999855
 21
-120.2515879999999981
 31
0
  0
LINE
  5
B9C
330
1A
100
AcDbEntity
  8
B.Cu
  6
CONTINUOUS
100
AcDbLine
 10
131.8515569999999855
 20
-120.2515879999999981
 30
0
 11
131.7550509999999804
 21
-120.0621839999999878
 31
0
  0
LINE
  5
B9D
330
1A
100
AcDbEntity
  8
B.Cu
  6
CONTINUOUS
100
AcDbLine
 10
131.7550509999999804
 20
-120.0621839999999878
 30
0
 11
131.6301039999999887
 21
-119.8902080000000012
 31
0
  0
LINE
  5
B9E
330
1A
100
AcDbEntity
  8
B.Cu
  6
CONTINUOUS
100
AcDbLine
 10
131.6301039999999887
 20
-119.8902080000000012
 30
0
 11
131.4797920000000033
 21
-119.7398960000000017
 31
0
  0
LINE
  5
B9F
330
1A
100
AcDbEntity
  8
B.Cu
  6
CONTINUOUS
100
AcDbLine
 10
131.4797920000000033
 20
-119.7398960000000017
 30
0
 11
131.4268669999999872
 21
-119.7014439999999951
 31
0
  0
LINE
  5
BA0
330
1A
100
AcDbEntity
  8
B.Cu
  6
CONTINUOUS
100
AcDbLine
 10
131.4268669999999872
 20
-119.7014439999999951
 30
0
 11
131.360919999999993
 21
-119.6301029999999912
 31
0
  0
LINE
  5
BA1
330
1A
100
AcDbEntity
  8
B.Cu
  6
CONTINUOUS
100
AcDbLine
 10
131.360919999999993
 20
-119.6301029999999912
 30
0
 11
131.3272929999999974
 21
-119.5389529999999922
 31
0
  0
LINE
  5
BA2
330
1A
100
AcDbEntity
  8
B.Cu
  6
CONTINUOUS
100
AcDbLine
 10
131.3272929999999974
 20
-119.5389529999999922
 30
0
 11
131.3311070000000029
 21
-119.4418730000000011
 31
0
  0
LINE
  5
BA3
330
1A
100
AcDbEntity
  8
B.Cu
  6
CONTINUOUS
100
AcDbLine
 10
131.3311070000000029
 20
-119.4418730000000011
 30
0
 11
131.3717809999999986
 21
-119.3536419999999936
 31
0
  0
LINE
  5
BA4
330
1A
100
AcDbEntity
  8
B.Cu
  6
CONTINUOUS
100
AcDbLine
 10
131.3717809999999986
 20
-119.3536419999999936
 30
0
 11
131.4268669999999872
 21
-119.2985549999999932
 31
0
  0
LINE
  5
BA5
330
1A
100
AcDbEntity
  8
B.Cu
  6
CONTINUOUS
100
AcDbLine
 10
131.4268669999999872
 20
-119.2985549999999932
 30
0
 11
131.4797920000000033
 21
-119.2601039999999983
 31
0
  0
LINE
  5
BA6
330
1A
100
AcDbEntity
  8
B.Cu
  6
CONTINUOUS
100
AcDbLine
 10
131.4797920000000033
 20
-119.2601039999999983
 30
0
 11
131.6301039999999887
 21
-119.1097919999999988
 31
0
  0
LINE
  5
BA7
330
1A
100
AcDbEntity
  8
B.Cu
  6
CONTINUOUS
100
AcDbLine
 10
131.6301039999999887
 20
-119.1097919999999988
 30
0
 11
131.7550509999999804
 21
-118.937815999999998
 31
0
  0
LINE
  5
BA8
330
1A
100
AcDbEntity
  8
B.Cu
  6
CONTINUOUS
100
AcDbLine
 10
131.7550509999999804
 20
-118.937815999999998
 30
0
 11
131.8515569999999855
 21
-118.7484119999999876
 31
0
  0
LINE
  5
BA9
330
1A
100
AcDbEntity
  8
B.Cu
  6
CONTINUOUS
100
AcDbLine
 10
131.8515569999999855
 20
-118.7484119999999876
 30
0
 11
131.9172460000000058
 21
-118.5462429999999898
 31
0
  0
LINE
  5
BAA
330
1A
100
AcDbEntity
  8
B.Cu
  6
CONTINUOUS
100
AcDbLine
 10
131.9172460000000058
 20
-118.5462429999999898
 30
0
 11
131.9411220000000071
 21
-118.3954999999999984
 31
0
  0
LINE
  5
BAB
330
1A
100
AcDbEntity
  8
B.Cu
  6
CONTINUOUS
100
AcDbLine
 10
131.9411220000000071
 20
-118.3954999999999984
 30
0
 11
131.9504990000000078
 21
-118.3362959999999902
 31
0
  0
LINE
  5
BAC
330
1A
100
AcDbEntity
  8
B.Cu
  6
CONTINUOUS
100
AcDbLine
 10
131.9504990000000078
 20
-118.3362959999999902
 30
0
 11
131.9505000000000052
 21
-118.336283999999992
 31
0
  0
LINE
  5
BAD
330
1A
100
AcDbEntity
  8
B.Cu
  6
CONTINUOUS
100
AcDbLine
 10
131.9505000000000052
 20
-118.336283999999992
 30
0
 11
131.9505000000000052
 21
-118.12371499999999
 31
0
  0
LINE
  5
BAE
330
1A
100
AcDbEntity
  8
B.Cu
  6
CONTINUOUS
100
AcDbLine
 10
131.9505000000000052
 20
-118.12371499999999
 30
0
 11
131.9504990000000078
 21
-118.1237029999999919
 31
0
  0
LINE
  5
BAF
330
1A
100
AcDbEntity
  8
B.Cu
  6
CONTINUOUS
100
AcDbLine
 10
131.9504990000000078
 20
-118.1237029999999919
 30
0
 11
131.9281609999999887
 21
-117.9826729999999912
 31
0
  0
LINE
  5
BB0
330
1A
100
AcDbEntity
  8
B.Cu
  6
CONTINUOUS
100
AcDbLine
 10
131.9281609999999887
 20
-117.9826729999999912
 30
0
 11
131.9172460000000058
 21
-117.9137569999999897
 31
0
  0
LINE
  5
BB1
330
1A
100
AcDbEntity
  8
B.Cu
  6
CONTINUOUS
100
AcDbLine
 10
131.9172460000000058
 20
-117.9137569999999897
 30
0
 11
131.8515569999999855
 21
-117.7115879999999919
 31
0
  0
LINE
  5
BB2
330
1A
100
AcDbEntity
  8
B.Cu
  6
CONTINUOUS
100
AcDbLine
 10
131.8515569999999855
 20
-117.7115879999999919
 30
0
 11
131.7550509999999804
 21
-117.5221839999999958
 31
0
  0
LINE
  5
BB3
330
1A
100
AcDbEntity
  8
B.Cu
  6
CONTINUOUS
100
AcDbLine
 10
131.7550509999999804
 20
-117.5221839999999958
 30
0
 11
131.6301039999999887
 21
-117.350207999999995
 31
0
  0
LINE
  5
BB4
330
1A
100
AcDbEntity
  8
B.Cu
  6
CONTINUOUS
100
AcDbLine
 10
131.6301039999999887
 20
-117.350207999999995
 30
0
 11
131.4797920000000033
 21
-117.1998959999999954
 31
0
  0
LINE
  5
BB5
330
1A
100
AcDbEntity
  8
B.Cu
  6
CONTINUOUS
100
AcDbLine
 10
131.4797920000000033
 20
-117.1998959999999954
 30
0
 11
131.4268669999999872
 21
-117.1614439999999888
 31
0
  0
LINE
  5
BB6
330
1A
100
AcDbEntity
  8
B.Cu
  6
CONTINUOUS
100
AcDbLine
 10
131.4268669999999872
 20
-117.1614439999999888
 30
0
 11
131.360919999999993
 21
-117.0901029999999992
 31
0
  0
LINE
  5
BB7
330
1A
100
AcDbEntity
  8
B.Cu
  6
CONTINUOUS
100
AcDbLine
 10
131.360919999999993
 20
-117.0901029999999992
 30
0
 11
131.3272929999999974
 21
-116.9989530000000002
 31
0
  0
LINE
  5
BB8
330
1A
100
AcDbEntity
  8
B.Cu
  6
CONTINUOUS
100
AcDbLine
 10
131.3272929999999974
 20
-116.9989530000000002
 30
0
 11
131.3311070000000029
 21
-116.9018729999999948
 31
0
  0
LINE
  5
BB9
330
1A
100
AcDbEntity
  8
B.Cu
  6
CONTINUOUS
100
AcDbLine
 10
131.3311070000000029
 20
-116.9018729999999948
 30
0
 11
131.3717809999999986
 21
-116.8136420000000015
 31
0
  0
LINE
  5
BBA
330
1A
100
AcDbEntity
  8
B.Cu
  6
CONTINUOUS
100
AcDbLine
 10
131.3717809999999986
 20
-116.8136420000000015
 30
0
 11
131.4268669999999872
 21
-116.7585550000000012
 31
0
  0
LINE
  5
BBB
330
1A
100
AcDbEntity
  8
B.Cu
  6
CONTINUOUS
100
AcDbLine
 10
131.4268669999999872
 20
-116.7585550000000012
 30
0
 11
131.4797920000000033
 21
-116.7201039999999921
 31
0
  0
LINE
  5
BBC
330
1A
100
AcDbEntity
  8
B.Cu
  6
CONTINUOUS
100
AcDbLine
 10
131.4797920000000033
 20
-116.7201039999999921
 30
0
 11
131.6301039999999887
 21
-116.5697919999999925
 31
0
  0
LINE
  5
BBD
330
1A
100
AcDbEntity
  8
B.Cu
  6
CONTINUOUS
100
AcDbLine
 10
131.6301039999999887
 20
-116.5697919999999925
 30
0
 11
131.7550509999999804
 21
-116.3978159999999917
 31
0
  0
LINE
  5
BBE
330
1A
100
AcDbEntity
  8
B.Cu
  6
CONTINUOUS
100
AcDbLine
 10
131.7550509999999804
 20
-116.3978159999999917
 30
0
 11
131.8515569999999855
 21
-116.2084119999999956
 31
0
  0
LINE
  5
BBF
330
1A
100
AcDbEntity
  8
B.Cu
  6
CONTINUOUS
100
AcDbLine
 10
131.8515569999999855
 20
-116.2084119999999956
 30
0
 11
131.9172460000000058
 21
-116.0062429999999978
 31
0
  0
LINE
  5
BC0
330
1A
100
AcDbEntity
  8
B.Cu
  6
CONTINUOUS
100
AcDbLine
 10
131.9172460000000058
 20
-116.0062429999999978
 30
0
 11
131.9411220000000071
 21
-115.8554999999999922
 31
0
  0
LINE
  5
BC1
330
1A
100
AcDbEntity
  8
B.Cu
  6
CONTINUOUS
100
AcDbLine
 10
131.9411220000000071
 20
-115.8554999999999922
 30
0
 11
131.9504990000000078
 21
-115.7962959999999981
 31
0
  0
LINE
  5
BC2
330
1A
100
AcDbEntity
  8
B.Cu
  6
CONTINUOUS
100
AcDbLine
 10
131.9504990000000078
 20
-115.7962959999999981
 30
0
 11
131.9505000000000052
 21
-115.796284
 31
0
  0
LINE
  5
BC3
330
1A
100
AcDbEntity
  8
B.Cu
  6
CONTINUOUS
100
AcDbLine
 10
131.9505000000000052
 20
-115.796284
 30
0
 11
131.9505000000000052
 21
-115.583714999999998
 31
0
  0
LINE
  5
BC4
330
1A
100
AcDbEntity
  8
B.Cu
  6
CONTINUOUS
100
AcDbLine
 10
131.9505000000000052
 20
-115.583714999999998
 30
0
 11
131.9504990000000078
 21
-115.5837029999999999
 31
0
  0
LINE
  5
BC5
330
1A
100
AcDbEntity
  8
B.Cu
  6
CONTINUOUS
100
AcDbLine
 10
131.9504990000000078
 20
-115.5837029999999999
 30
0
 11
131.9289409999999805
 21
-115.4476009999999917
 31
0
  0
LINE
  5
BC6
330
1A
100
AcDbEntity
  8
B.Cu
  6
CONTINUOUS
100
AcDbLine
 10
131.9289409999999805
 20
-115.4476009999999917
 30
0
 11
131.9172460000000058
 21
-115.3737569999999977
 31
0
  0
LINE
  5
BC7
330
1A
100
AcDbEntity
  8
B.Cu
  6
CONTINUOUS
100
AcDbLine
 10
131.9172460000000058
 20
-115.3737569999999977
 30
0
 11
131.8515569999999855
 21
-115.1715879999999999
 31
0
  0
LINE
  5
BC8
330
1A
100
AcDbEntity
  8
B.Cu
  6
CONTINUOUS
100
AcDbLine
 10
131.8515569999999855
 20
-115.1715879999999999
 30
0
 11
131.7550509999999804
 21
-114.9821839999999895
 31
0
  0
LINE
  5
BC9
330
1A
100
AcDbEntity
  8
B.Cu
  6
CONTINUOUS
100
AcDbLine
 10
131.7550509999999804
 20
-114.9821839999999895
 30
0
 11
131.6301039999999887
 21
-114.8102079999999887
 31
0
  0
LINE
  5
BCA
330
1A
100
AcDbEntity
  8
B.Cu
  6
CONTINUOUS
100
AcDbLine
 10
131.6301039999999887
 20
-114.8102079999999887
 30
0
 11
131.4797920000000033
 21
-114.6598959999999892
 31
0
  0
LINE
  5
BCB
330
1A
100
AcDbEntity
  8
B.Cu
  6
CONTINUOUS
100
AcDbLine
 10
131.4797920000000033
 20
-114.6598959999999892
 30
0
 11
131.3078160000000025
 21
-114.5349489999999975
 31
0
  0
LINE
  5
BCC
330
1A
100
AcDbEntity
  8
B.Cu
  6
CONTINUOUS
100
AcDbLine
 10
131.3078160000000025
 20
-114.5349489999999975
 30
0
 11
131.1184120000000064
 21
-114.4384429999999924
 31
0
  0
LINE
  5
BCD
330
1A
100
AcDbEntity
  8
B.Cu
  6
CONTINUOUS
100
AcDbLine
 10
131.1184120000000064
 20
-114.4384429999999924
 30
0
 11
131.1184089999999856
 21
-114.4384419999999949
 31
0
  0
LINE
  5
BCE
330
1A
100
AcDbEntity
  8
B.Cu
  6
CONTINUOUS
100
AcDbLine
 10
131.1184089999999856
 20
-114.4384419999999949
 30
0
 11
131.1184069999999906
 21
-114.4384409999999974
 31
0
  0
LINE
  5
BCF
330
1A
100
AcDbEntity
  8
B.Cu
  6
CONTINUOUS
100
AcDbLine
 10
131.1184069999999906
 20
-114.4384409999999974
 30
0
 11
130.916246000000001
 21
-114.3727549999999979
 31
0
  0
LINE
  5
BD0
330
1A
100
AcDbEntity
  8
B.Cu
  6
CONTINUOUS
100
AcDbLine
 10
130.916246000000001
 20
-114.3727549999999979
 30
0
 11
130.9162429999999802
 21
-114.3727540000000005
 31
0
  0
LINE
  5
BD1
330
1A
100
AcDbEntity
  8
B.Cu
  6
CONTINUOUS
100
AcDbLine
 10
130.9162429999999802
 20
-114.3727540000000005
 30
0
 11
130.9162409999999852
 21
-114.3727529999999888
 31
0
  0
LINE
  5
BD2
330
1A
100
AcDbEntity
  8
B.Cu
  6
CONTINUOUS
100
AcDbLine
 10
130.9162409999999852
 20
-114.3727529999999888
 30
0
 11
130.9162320000000079
 21
-114.3727509999999938
 31
0
  0
LINE
  5
BD3
330
1A
100
AcDbEntity
  8
B.Cu
  6
CONTINUOUS
100
AcDbLine
 10
130.9162320000000079
 20
-114.3727509999999938
 30
0
 11
130.8129930000000058
 21
-114.3563999999999936
 31
0
  0
LINE
  5
BD4
330
1A
100
AcDbEntity
  8
B.Cu
  6
CONTINUOUS
100
AcDbLine
 10
130.8129930000000058
 20
-114.3563999999999936
 30
0
 11
130.7218430000000069
 21
-114.322772999999998
 31
0
  0
LINE
  5
BD5
330
1A
100
AcDbEntity
  8
B.Cu
  6
CONTINUOUS
100
AcDbLine
 10
130.7218430000000069
 20
-114.322772999999998
 30
0
 11
130.6758769999999856
 21
-114.2865359999999981
 31
0
  0
LINE
  5
BD6
330
1A
100
AcDbEntity
  8
B.Cu
  6
CONTINUOUS
100
AcDbLine
 10
130.6758769999999856
 20
-114.2865359999999981
 30
0
 11
130.5999999999999943
 21
-114.2106599999999901
 31
0
  0
LINE
  5
BD7
330
1A
100
AcDbEntity
  8
B.Cu
  6
CONTINUOUS
100
AcDbLine
 10
130.5999999999999943
 20
-114.2106599999999901
 30
0
 11
130.5241220000000055
 21
-114.2865369999999956
 31
0
  0
LINE
  5
BD8
330
1A
100
AcDbEntity
  8
B.Cu
  6
CONTINUOUS
100
AcDbLine
 10
130.5241220000000055
 20
-114.2865369999999956
 30
0
 11
130.4433410000000038
 21
-114.3405130000000014
 31
0
  0
LINE
  5
BD9
330
1A
100
AcDbEntity
  8
B.Cu
  6
CONTINUOUS
100
AcDbLine
 10
130.4433410000000038
 20
-114.3405130000000014
 30
0
 11
130.3870069999999828
 21
-114.3563999999999936
 31
0
  0
LINE
  5
BDA
330
1A
100
AcDbEntity
  8
B.Cu
  6
CONTINUOUS
100
AcDbLine
 10
130.3870069999999828
 20
-114.3563999999999936
 30
0
 11
130.2837669999999832
 21
-114.3727509999999938
 31
0
  0
LINE
  5
BDB
330
1A
100
AcDbEntity
  8
B.Cu
  6
CONTINUOUS
100
AcDbLine
 10
130.2837669999999832
 20
-114.3727509999999938
 30
0
 11
130.2837529999999902
 21
-114.3727549999999979
 31
0
  0
LINE
  5
BDC
330
1A
100
AcDbEntity
  8
B.Cu
  6
CONTINUOUS
100
AcDbLine
 10
130.2837529999999902
 20
-114.3727549999999979
 30
0
 11
130.0815920000000006
 21
-114.4384409999999974
 31
0
  0
LINE
  5
BDD
330
1A
100
AcDbEntity
  8
B.Cu
  6
CONTINUOUS
100
AcDbLine
 10
130.0815920000000006
 20
-114.4384409999999974
 30
0
 11
129.8921819999999911
 21
-114.5349499999999949
 31
0
  0
LINE
  5
BDE
330
1A
100
AcDbEntity
  8
B.Cu
  6
CONTINUOUS
100
AcDbLine
 10
129.8921819999999911
 20
-114.5349499999999949
 30
0
 11
129.7202059999999904
 21
-114.6598970000000008
 31
0
  0
LINE
  5
BDF
330
1A
100
AcDbEntity
  8
B.Cu
  6
CONTINUOUS
100
AcDbLine
 10
129.7202059999999904
 20
-114.6598970000000008
 30
0
 11
129.5698969999999974
 21
-114.8102059999999938
 31
0
  0
LINE
  5
BE0
330
1A
100
AcDbEntity
  8
B.Cu
  6
CONTINUOUS
100
AcDbLine
 10
129.5698969999999974
 20
-114.8102059999999938
 30
0
 11
129.4449500000000057
 21
-114.9821819999999946
 31
0
  0
LINE
  5
BE1
330
1A
100
AcDbEntity
  8
B.Cu
  6
CONTINUOUS
100
AcDbLine
 10
129.4449500000000057
 20
-114.9821819999999946
 30
0
 11
129.3484410000000082
 21
-115.1715919999999898
 31
0
  0
LINE
  5
BE2
330
1A
100
AcDbEntity
  8
B.Cu
  6
CONTINUOUS
100
AcDbLine
 10
129.3484410000000082
 20
-115.1715919999999898
 30
0
 11
129.2827529999999854
 21
-115.3737589999999926
 31
0
  0
LINE
  5
BE3
330
1A
100
AcDbEntity
  8
B.Cu
  6
CONTINUOUS
100
AcDbLine
 10
129.2827529999999854
 20
-115.3737589999999926
 30
0
 11
129.2494999999999834
 21
-115.5837029999999999
 31
0
  0
LINE
  5
BE4
330
1A
100
AcDbEntity
  8
B.Cu
  6
CONTINUOUS
100
AcDbLine
 10
129.2494999999999834
 20
-115.5837029999999999
 30
0
 11
129.2494999999999834
 21
-115.7962959999999981
 31
0
  0
LINE
  5
BE5
330
1A
100
AcDbEntity
  8
B.Cu
  6
CONTINUOUS
100
AcDbLine
 10
129.2494999999999834
 20
-115.7962959999999981
 30
0
 11
129.2827529999999854
 21
-116.0062399999999911
 31
0
  0
LINE
  5
BE6
330
1A
100
AcDbEntity
  8
B.Cu
  6
CONTINUOUS
100
AcDbLine
 10
129.2827529999999854
 20
-116.0062399999999911
 30
0
 11
129.2827539999999829
 21
-116.0062429999999978
 31
0
  0
LINE
  5
BE7
330
1A
100
AcDbEntity
  8
B.Cu
  6
CONTINUOUS
100
AcDbLine
 10
129.2827539999999829
 20
-116.0062429999999978
 30
0
 11
129.3484430000000032
 21
-116.2084119999999956
 31
0
  0
LINE
  5
BE8
330
1A
100
AcDbEntity
  8
B.Cu
  6
CONTINUOUS
100
AcDbLine
 10
129.3484430000000032
 20
-116.2084119999999956
 30
0
 11
129.4449490000000083
 21
-116.3978159999999917
 31
0
  0
LINE
  5
BE9
330
1A
100
AcDbEntity
  8
B.Cu
  6
CONTINUOUS
100
AcDbLine
 10
129.4449490000000083
 20
-116.3978159999999917
 30
0
 11
129.4846809999999948
 21
-116.4525019999999955
 31
0
  0
LINE
  5
BEA
330
1A
100
AcDbEntity
  8
B.Cu
  6
CONTINUOUS
100
AcDbLine
 10
129.4846809999999948
 20
-116.4525019999999955
 30
0
 11
129.5698969999999974
 21
-116.56979299999999
 31
0
  0
LINE
  5
BEB
330
1A
100
AcDbEntity
  8
B.Cu
  6
CONTINUOUS
100
AcDbLine
 10
129.5698969999999974
 20
-116.56979299999999
 30
0
 11
129.7202069999999878
 21
-116.7201029999999946
 31
0
  0
LINE
  5
BEC
330
1A
100
AcDbEntity
  8
B.Cu
  6
CONTINUOUS
100
AcDbLine
 10
129.7202069999999878
 20
-116.7201029999999946
 30
0
 11
129.7731310000000065
 21
-116.7585550000000012
 31
0
  0
LINE
  5
BED
330
1A
100
AcDbEntity
  8
B.Cu
  6
CONTINUOUS
100
AcDbLine
 10
129.7731310000000065
 20
-116.7585550000000012
 30
0
 11
129.8390799999999956
 21
-116.8298989999999975
 31
0
  0
LINE
  5
BEE
330
1A
100
AcDbEntity
  8
B.Cu
  6
CONTINUOUS
100
AcDbLine
 10
129.8390799999999956
 20
-116.8298989999999975
 30
0
 11
129.8727069999999912
 21
-116.9210489999999965
 31
0
  0
LINE
  5
BEF
330
1A
100
AcDbEntity
  8
B.Cu
  6
CONTINUOUS
100
AcDbLine
 10
129.8727069999999912
 20
-116.9210489999999965
 30
0
 11
129.8688919999999882
 21
-117.0181289999999876
 31
0
  0
LINE
  5
BF0
330
1A
100
AcDbEntity
  8
B.Cu
  6
CONTINUOUS
100
AcDbLine
 10
129.8688919999999882
 20
-117.0181289999999876
 30
0
 11
129.8282169999999951
 21
-117.1063589999999976
 31
0
  0
LINE
  5
BF1
330
1A
100
AcDbEntity
  8
B.Cu
  6
CONTINUOUS
100
AcDbLine
 10
129.8282169999999951
 20
-117.1063589999999976
 30
0
 11
129.7731310000000065
 21
-117.1614450000000005
 31
0
  0
LINE
  5
BF2
330
1A
100
AcDbEntity
  8
B.Cu
  6
CONTINUOUS
100
AcDbLine
 10
129.7731310000000065
 20
-117.1614450000000005
 30
0
 11
129.7202069999999878
 21
-117.1998959999999954
 31
0
  0
LINE
  5
BF3
330
1A
100
AcDbEntity
  8
B.Cu
  6
CONTINUOUS
100
AcDbLine
 10
129.7202069999999878
 20
-117.1998959999999954
 30
0
 11
129.5698969999999974
 21
-117.350206
 31
0
  0
LINE
  5
BF4
330
1A
100
AcDbEntity
  8
B.Cu
  6
CONTINUOUS
100
AcDbLine
 10
129.5698969999999974
 20
-117.350206
 30
0
 11
129.4449500000000057
 21
-117.5221820000000008
 31
0
  0
LINE
  5
BF5
330
1A
100
AcDbEntity
  8
B.Cu
  6
CONTINUOUS
100
AcDbLine
 10
129.4449500000000057
 20
-117.5221820000000008
 30
0
 11
129.3484410000000082
 21
-117.711591999999996
 31
0
  0
LINE
  5
BF6
330
1A
100
AcDbEntity
  8
B.Cu
  6
CONTINUOUS
100
AcDbLine
 10
129.3484410000000082
 20
-117.711591999999996
 30
0
 11
129.2827529999999854
 21
-117.9137589999999989
 31
0
  0
LINE
  5
BF7
330
1A
100
AcDbEntity
  8
B.Cu
  6
CONTINUOUS
100
AcDbLine
 10
129.2827529999999854
 20
-117.9137589999999989
 30
0
 11
129.2494999999999834
 21
-118.1237029999999919
 31
0
  0
LINE
  5
BF8
330
1A
100
AcDbEntity
  8
B.Cu
  6
CONTINUOUS
100
AcDbLine
 10
129.2494999999999834
 20
-118.1237029999999919
 30
0
 11
129.2494999999999834
 21
-118.3362959999999902
 31
0
  0
LINE
  5
BF9
330
1A
100
AcDbEntity
  8
B.Cu
  6
CONTINUOUS
100
AcDbLine
 10
129.2494999999999834
 20
-118.3362959999999902
 30
0
 11
129.2827529999999854
 21
-118.5462399999999974
 31
0
  0
LINE
  5
BFA
330
1A
100
AcDbEntity
  8
B.Cu
  6
CONTINUOUS
100
AcDbLine
 10
129.2827529999999854
 20
-118.5462399999999974
 30
0
 11
129.3162590000000023
 21
-118.6493619999999964
 31
0
  0
LINE
  5
BFB
330
1A
100
AcDbEntity
  8
B.Cu
  6
CONTINUOUS
100
AcDbLine
 10
129.3162590000000023
 20
-118.6493619999999964
 30
0
 11
129.3484430000000032
 21
-118.7484119999999876
 31
0
  0
LINE
  5
BFC
330
1A
100
AcDbEntity
  8
B.Cu
  6
CONTINUOUS
100
AcDbLine
 10
129.3484430000000032
 20
-118.7484119999999876
 30
0
 11
129.4449490000000083
 21
-118.937815999999998
 31
0
  0
LINE
  5
BFD
330
1A
100
AcDbEntity
  8
B.Cu
  6
CONTINUOUS
100
AcDbLine
 10
129.4449490000000083
 20
-118.937815999999998
 30
0
 11
129.4846809999999948
 21
-118.9925019999999876
 31
0
  0
LINE
  5
BFE
330
1A
100
AcDbEntity
  8
B.Cu
  6
CONTINUOUS
100
AcDbLine
 10
129.4846809999999948
 20
-118.9925019999999876
 30
0
 11
129.5698969999999974
 21
-119.1097929999999963
 31
0
  0
LINE
  5
BFF
330
1A
100
AcDbEntity
  8
B.Cu
  6
CONTINUOUS
100
AcDbLine
 10
129.5698969999999974
 20
-119.1097929999999963
 30
0
 11
129.7202069999999878
 21
-119.2601030000000009
 31
0
  0
LINE
  5
C00
330
1A
100
AcDbEntity
  8
B.Cu
  6
CONTINUOUS
100
AcDbLine
 10
129.7202069999999878
 20
-119.2601030000000009
 30
0
 11
129.7731310000000065
 21
-119.2985549999999932
 31
0
  0
LINE
  5
C01
330
1A
100
AcDbEntity
  8
B.Cu
  6
CONTINUOUS
100
AcDbLine
 10
129.7731310000000065
 20
-119.2985549999999932
 30
0
 11
129.8390799999999956
 21
-119.3698989999999895
 31
0
  0
LINE
  5
C02
330
1A
100
AcDbEntity
  8
B.Cu
  6
CONTINUOUS
100
AcDbLine
 10
129.8390799999999956
 20
-119.3698989999999895
 30
0
 11
129.8727069999999912
 21
-119.4610489999999885
 31
0
  0
LINE
  5
C03
330
1A
100
AcDbEntity
  8
B.Cu
  6
CONTINUOUS
100
AcDbLine
 10
129.8727069999999912
 20
-119.4610489999999885
 30
0
 11
129.8688919999999882
 21
-119.5581289999999939
 31
0
  0
LINE
  5
C04
330
1A
100
AcDbEntity
  8
B.Cu
  6
CONTINUOUS
100
AcDbLine
 10
129.8688919999999882
 20
-119.5581289999999939
 30
0
 11
129.8282169999999951
 21
-119.6463589999999897
 31
0
  0
LINE
  5
C05
330
1A
100
AcDbEntity
  8
B.Cu
  6
CONTINUOUS
100
AcDbLine
 10
129.8282169999999951
 20
-119.6463589999999897
 30
0
 11
129.7731310000000065
 21
-119.7014449999999925
 31
0
  0
LINE
  5
C06
330
1A
100
AcDbEntity
  8
B.Cu
  6
CONTINUOUS
100
AcDbLine
 10
129.7731310000000065
 20
-119.7014449999999925
 30
0
 11
129.7202069999999878
 21
-119.7398960000000017
 31
0
  0
LINE
  5
C07
330
1A
100
AcDbEntity
  8
B.Cu
  6
CONTINUOUS
100
AcDbLine
 10
129.7202069999999878
 20
-119.7398960000000017
 30
0
 11
129.5698969999999974
 21
-119.8902059999999921
 31
0
  0
LINE
  5
C08
330
1A
100
AcDbEntity
  8
B.Cu
  6
CONTINUOUS
100
AcDbLine
 10
129.5698969999999974
 20
-119.8902059999999921
 30
0
 11
129.4449500000000057
 21
-120.0621819999999929
 31
0
  0
LINE
  5
C09
330
1A
100
AcDbEntity
  8
B.Cu
  6
CONTINUOUS
100
AcDbLine
 10
129.4449500000000057
 20
-120.0621819999999929
 30
0
 11
129.3484410000000082
 21
-120.251591999999988
 31
0
  0
LINE
  5
C0A
330
1A
100
AcDbEntity
  8
B.Cu
  6
CONTINUOUS
100
AcDbLine
 10
129.3484410000000082
 20
-120.251591999999988
 30
0
 11
129.2827529999999854
 21
-120.4537589999999909
 31
0
  0
LINE
  5
C0B
330
1A
100
AcDbEntity
  8
B.Cu
  6
CONTINUOUS
100
AcDbLine
 10
129.2827529999999854
 20
-120.4537589999999909
 30
0
 11
129.2494999999999834
 21
-120.6637029999999982
 31
0
  0
LINE
  5
C0C
330
1A
100
AcDbEntity
  8
B.Cu
  6
CONTINUOUS
100
AcDbLine
 10
129.2494999999999834
 20
-120.6637029999999982
 30
0
 11
129.2494999999999834
 21
-120.8762959999999964
 31
0
  0
LINE
  5
C0D
330
1A
100
AcDbEntity
  8
B.Cu
  6
CONTINUOUS
100
AcDbLine
 10
129.2494999999999834
 20
-120.8762959999999964
 30
0
 11
129.2827529999999854
 21
-121.0862399999999894
 31
0
  0
LINE
  5
C0E
330
1A
100
AcDbEntity
  8
B.Cu
  6
CONTINUOUS
100
AcDbLine
 10
129.2827529999999854
 20
-121.0862399999999894
 30
0
 11
129.2827539999999829
 21
-121.0862429999999961
 31
0
  0
LINE
  5
C0F
330
1A
100
AcDbEntity
  8
B.Cu
  6
CONTINUOUS
100
AcDbLine
 10
129.2827539999999829
 20
-121.0862429999999961
 30
0
 11
129.3484430000000032
 21
-121.2884119999999939
 31
0
  0
LINE
  5
C10
330
1A
100
AcDbEntity
  8
B.Cu
  6
CONTINUOUS
100
AcDbLine
 10
129.3484430000000032
 20
-121.2884119999999939
 30
0
 11
129.4449490000000083
 21
-121.47781599999999
 31
0
  0
LINE
  5
C11
330
1A
100
AcDbEntity
  8
B.Cu
  6
CONTINUOUS
100
AcDbLine
 10
129.4449490000000083
 20
-121.47781599999999
 30
0
 11
129.4846809999999948
 21
-121.5325019999999938
 31
0
  0
LINE
  5
C12
330
1A
100
AcDbEntity
  8
B.Cu
  6
CONTINUOUS
100
AcDbLine
 10
129.4846809999999948
 20
-121.5325019999999938
 30
0
 11
129.5698969999999974
 21
-121.6497929999999883
 31
0
  0
LINE
  5
C13
330
1A
100
AcDbEntity
  8
B.Cu
  6
CONTINUOUS
100
AcDbLine
 10
129.5698969999999974
 20
-121.6497929999999883
 30
0
 11
129.7202069999999878
 21
-121.8001029999999929
 31
0
  0
LINE
  5
C14
330
1A
100
AcDbEntity
  8
B.Cu
  6
CONTINUOUS
100
AcDbLine
 10
129.7202069999999878
 20
-121.8001029999999929
 30
0
 11
129.7731310000000065
 21
-121.8385549999999995
 31
0
  0
LINE
  5
C15
330
1A
100
AcDbEntity
  8
B.Cu
  6
CONTINUOUS
100
AcDbLine
 10
129.7731310000000065
 20
-121.8385549999999995
 30
0
 11
129.8390799999999956
 21
-121.9098989999999958
 31
0
  0
LINE
  5
C16
330
1A
100
AcDbEntity
  8
B.Cu
  6
CONTINUOUS
100
AcDbLine
 10
129.8390799999999956
 20
-121.9098989999999958
 30
0
 11
129.8727069999999912
 21
-122.0010489999999947
 31
0
  0
LINE
  5
C17
330
1A
100
AcDbEntity
  8
B.Cu
  6
CONTINUOUS
100
AcDbLine
 10
129.8727069999999912
 20
-122.0010489999999947
 30
0
 11
129.8688919999999882
 21
-122.0981290000000001
 31
0
  0
LINE
  5
C18
330
1A
100
AcDbEntity
  8
B.Cu
  6
CONTINUOUS
100
AcDbLine
 10
129.8688919999999882
 20
-122.0981290000000001
 30
0
 11
129.8282169999999951
 21
-122.1863589999999959
 31
0
  0
LINE
  5
C19
330
1A
100
AcDbEntity
  8
B.Cu
  6
CONTINUOUS
100
AcDbLine
 10
129.8282169999999951
 20
-122.1863589999999959
 30
0
 11
129.7731310000000065
 21
-122.2414449999999988
 31
0
  0
LINE
  5
C1A
330
1A
100
AcDbEntity
  8
B.Cu
  6
CONTINUOUS
100
AcDbLine
 10
129.7731310000000065
 20
-122.2414449999999988
 30
0
 11
129.7202069999999878
 21
-122.2798959999999937
 31
0
  0
LINE
  5
C1B
330
1A
100
AcDbEntity
  8
B.Cu
  6
CONTINUOUS
100
AcDbLine
 10
129.7202069999999878
 20
-122.2798959999999937
 30
0
 11
129.5698969999999974
 21
-122.4302059999999983
 31
0
  0
LINE
  5
C1C
330
1A
100
AcDbEntity
  8
B.Cu
  6
CONTINUOUS
100
AcDbLine
 10
129.5698969999999974
 20
-122.4302059999999983
 30
0
 11
129.4449500000000057
 21
-122.6021819999999991
 31
0
  0
LINE
  5
C1D
330
1A
100
AcDbEntity
  8
B.Cu
  6
CONTINUOUS
100
AcDbLine
 10
129.4449500000000057
 20
-122.6021819999999991
 30
0
 11
129.3484410000000082
 21
-122.7915919999999943
 31
0
  0
LINE
  5
C1E
330
1A
100
AcDbEntity
  8
B.Cu
  6
CONTINUOUS
100
AcDbLine
 10
129.3484410000000082
 20
-122.7915919999999943
 30
0
 11
129.2827529999999854
 21
-122.9937589999999972
 31
0
  0
LINE
  5
C1F
330
1A
100
AcDbEntity
  8
B.Cu
  6
CONTINUOUS
100
AcDbLine
 10
129.2827529999999854
 20
-122.9937589999999972
 30
0
 11
129.2494999999999834
 21
-123.2037029999999902
 31
0
  0
LINE
  5
C20
330
1A
100
AcDbEntity
  8
B.Cu
  6
CONTINUOUS
100
AcDbLine
 10
129.2494999999999834
 20
-123.2037029999999902
 30
0
 11
129.2494999999999834
 21
-123.4162959999999885
 31
0
  0
LINE
  5
C21
330
1A
100
AcDbEntity
  8
B.Cu
  6
CONTINUOUS
100
AcDbLine
 10
129.2494999999999834
 20
-123.4162959999999885
 30
0
 11
129.2827529999999854
 21
-123.6262399999999957
 31
0
  0
LINE
  5
C22
330
1A
100
AcDbEntity
  8
B.Cu
  6
CONTINUOUS
100
AcDbLine
 10
129.2827529999999854
 20
-123.6262399999999957
 30
0
 11
129.2827539999999829
 21
-123.6262429999999881
 31
0
  0
LINE
  5
C23
330
1A
100
AcDbEntity
  8
B.Cu
  6
CONTINUOUS
100
AcDbLine
 10
129.2827539999999829
 20
-123.6262429999999881
 30
0
 11
129.3484430000000032
 21
-123.8284120000000001
 31
0
  0
LINE
  5
C24
330
1A
100
AcDbEntity
  8
B.Cu
  6
CONTINUOUS
100
AcDbLine
 10
129.3484430000000032
 20
-123.8284120000000001
 30
0
 11
129.4449490000000083
 21
-124.0178159999999963
 31
0
  0
LINE
  5
C25
330
1A
100
AcDbEntity
  8
B.Cu
  6
CONTINUOUS
100
AcDbLine
 10
129.4449490000000083
 20
-124.0178159999999963
 30
0
 11
129.4846799999999973
 21
-124.0725020000000001
 31
0
  0
LINE
  5
C26
330
1A
100
AcDbEntity
  8
B.Cu
  6
CONTINUOUS
100
AcDbLine
 10
129.4846799999999973
 20
-124.0725020000000001
 30
0
 11
129.5756470000000036
 21
-124.1977069999999941
 31
0
  0
LINE
  5
C27
330
1A
100
AcDbEntity
  8
B.Cu
  6
CONTINUOUS
100
AcDbLine
 10
129.5756470000000036
 20
-124.1977069999999941
 30
0
 11
129.5733459999999866
 21
-124.1993779999999958
 31
0
  0
LINE
  5
C28
330
1A
100
AcDbEntity
  8
B.Cu
  6
CONTINUOUS
100
AcDbLine
 10
129.5733459999999866
 20
-124.1993779999999958
 30
0
 11
129.6117920000000083
 21
-124.2680549999999897
 31
0
  0
LINE
  5
C29
330
1A
100
AcDbEntity
  8
B.Cu
  6
CONTINUOUS
100
AcDbLine
 10
129.6117920000000083
 20
-124.2680549999999897
 30
0
 11
129.6231949999999813
 21
-124.364537999999996
 31
0
  0
LINE
  5
C2A
330
1A
100
AcDbEntity
  8
B.Cu
  6
CONTINUOUS
100
AcDbLine
 10
129.6231949999999813
 20
-124.364537999999996
 30
0
 11
129.5968079999999816
 21
-124.4580409999999944
 31
0
  0
LINE
  5
C2B
330
1A
100
AcDbEntity
  8
B.Cu
  6
CONTINUOUS
100
AcDbLine
 10
129.5968079999999816
 20
-124.4580409999999944
 30
0
 11
129.5366469999999879
 21
-124.5343289999999996
 31
0
  0
LINE
  5
C2C
330
1A
100
AcDbEntity
  8
B.Cu
  6
CONTINUOUS
100
AcDbLine
 10
129.5366469999999879
 20
-124.5343289999999996
 30
0
 11
129.5214049999999872
 21
-124.5448339999999945
 31
0
  0
LINE
  5
C2D
330
1A
100
AcDbEntity
  8
B.Cu
  6
CONTINUOUS
100
AcDbLine
 10
129.5214049999999872
 20
-124.5448339999999945
 30
0
 11
129.5219270000000051
 21
-124.5455309999999969
 31
0
  0
LINE
  5
C2E
330
1A
100
AcDbEntity
  8
B.Cu
  6
CONTINUOUS
100
AcDbLine
 10
129.5219270000000051
 20
-124.5455309999999969
 30
0
 11
129.5076699999999903
 21
-124.5562029999999965
 31
0
  0
LINE
  5
C2F
330
1A
100
AcDbEntity
  8
B.Cu
  6
CONTINUOUS
100
AcDbLine
 10
129.5076699999999903
 20
-124.5562029999999965
 30
0
 11
129.5076689999999928
 21
-124.5562039999999939
 31
0
  0
LINE
  5
C30
330
1A
100
AcDbEntity
  8
B.Cu
  6
CONTINUOUS
100
AcDbLine
 10
129.5076689999999928
 20
-124.5562039999999939
 30
0
 11
129.4902930000000083
 21
-124.5692119999999932
 31
0
  0
LINE
  5
C31
330
1A
100
AcDbEntity
  8
B.Cu
  6
CONTINUOUS
100
AcDbLine
 10
129.4902930000000083
 20
-124.5692119999999932
 30
0
 11
129.392454999999984
 21
-124.6424529999999891
 31
0
  0
LINE
  5
C32
330
1A
100
AcDbEntity
  8
B.Cu
  6
CONTINUOUS
100
AcDbLine
 10
129.392454999999984
 20
-124.6424529999999891
 30
0
 11
129.3924529999999891
 21
-124.6424549999999982
 31
0
  0
LINE
  5
C33
330
1A
100
AcDbEntity
  8
B.Cu
  6
CONTINUOUS
100
AcDbLine
 10
129.3924529999999891
 20
-124.6424549999999982
 30
0
 11
129.3062040000000081
 21
-124.7576689999999928
 31
0
  0
LINE
  5
C34
330
1A
100
AcDbEntity
  8
B.Cu
  6
CONTINUOUS
100
AcDbLine
 10
129.3062040000000081
 20
-124.7576689999999928
 30
0
 11
129.2559080000000051
 21
-124.8925179999999955
 31
0
  0
LINE
  5
C35
330
1A
100
AcDbEntity
  8
B.Cu
  6
CONTINUOUS
100
AcDbLine
 10
129.2559080000000051
 20
-124.8925179999999955
 30
0
 11
129.2494999999999834
 21
-124.9521230000000003
 31
0
  0
LINE
  5
C36
330
1A
100
AcDbEntity
  8
B.Cu
  6
CONTINUOUS
100
AcDbLine
 10
129.2494999999999834
 20
-124.9521230000000003
 30
0
 11
129.2494999999999834
 21
-125.8763329999999883
 31
0
  0
LINE
  5
C37
330
1A
100
AcDbEntity
  8
B.Cu
  6
CONTINUOUS
100
AcDbLine
 10
129.2494999999999834
 20
-125.8763329999999883
 30
0
 11
129.2305460000000039
 21
-125.971620999999999
 31
0
  0
LINE
  5
C38
330
1A
100
AcDbEntity
  8
B.Cu
  6
CONTINUOUS
100
AcDbLine
 10
129.2305460000000039
 20
-125.971620999999999
 30
0
 11
129.1765699999999981
 21
-126.0524029999999982
 31
0
  0
LINE
  5
C39
330
1A
100
AcDbEntity
  8
B.Cu
  6
CONTINUOUS
100
AcDbLine
 10
129.1765699999999981
 20
-126.0524029999999982
 30
0
 11
129.0957879999999989
 21
-126.1063789999999898
 31
0
  0
LINE
  5
C3A
330
1A
100
AcDbEntity
  8
B.Cu
  6
CONTINUOUS
100
AcDbLine
 10
129.0957879999999989
 20
-126.1063789999999898
 30
0
 11
129.0004999999999882
 21
-126.1253329999999977
 31
0
  0
LINE
  5
C3B
330
1A
100
AcDbEntity
  8
B.Cu
  6
CONTINUOUS
100
AcDbLine
 10
129.0004999999999882
 20
-126.1253329999999977
 30
0
 11
128.9052120000000059
 21
-126.1063789999999898
 31
0
  0
LINE
  5
C3C
330
1A
100
AcDbEntity
  8
B.Cu
  6
CONTINUOUS
100
AcDbLine
 10
128.9052120000000059
 20
-126.1063789999999898
 30
0
 11
128.8244300000000067
 21
-126.0524029999999982
 31
0
  0
LINE
  5
C3D
330
1A
100
AcDbEntity
  8
B.Cu
  6
CONTINUOUS
100
AcDbLine
 10
128.8244300000000067
 20
-126.0524029999999982
 30
0
 11
117.5734299999999877
 21
-114.8014029999999934
 31
0
  0
LINE
  5
C3E
330
1A
100
AcDbEntity
  8
B.Cu
  6
CONTINUOUS
100
AcDbLine
 10
117.5734299999999877
 20
-114.8014029999999934
 30
0
 11
117.5194539999999961
 21
-114.7206209999999942
 31
0
  0
LINE
  5
C3F
330
1A
100
AcDbEntity
  8
B.Cu
  6
CONTINUOUS
100
AcDbLine
 10
117.5194539999999961
 20
-114.7206209999999942
 30
0
 11
117.5004999999999882
 21
-114.6253329999999977
 31
0
  0
LINE
  5
C40
330
1A
100
AcDbEntity
  8
B.Cu
  6
CONTINUOUS
100
AcDbLine
 10
117.5004999999999882
 20
-114.6253329999999977
 30
0
 11
117.5004999999999882
 21
-113.0437569999999994
 31
0
  0
LINE
  5
C41
330
1A
100
AcDbEntity
  8
B.Cu
  6
CONTINUOUS
100
AcDbLine
 10
117.5004999999999882
 20
-113.0437569999999994
 30
0
 11
117.5004999999999882
 21
-111.8250329999999906
 31
0
  0
LINE
  5
C42
330
1A
100
AcDbEntity
  8
B.Cu
  6
CONTINUOUS
100
AcDbLine
 10
117.5004999999999882
 20
-111.8250329999999906
 30
0
 11
117.5004999999999882
 21
-106.7244999999999919
 31
0
  0
LINE
  5
C43
330
1A
100
AcDbEntity
  8
B.Cu
  6
CONTINUOUS
100
AcDbLine
 10
117.5004999999999882
 20
-106.7244999999999919
 30
0
 11
117.5194539999999961
 21
-106.6292119999999954
 31
0
  0
LINE
  5
C44
330
1A
100
AcDbEntity
  8
B.Cu
  6
CONTINUOUS
100
AcDbLine
 10
117.5194539999999961
 20
-106.6292119999999954
 30
0
 11
117.5734299999999877
 21
-106.5484299999999962
 31
0
  0
LINE
  5
C45
330
1A
100
AcDbEntity
  8
B.Cu
  6
CONTINUOUS
100
AcDbLine
 10
117.5734299999999877
 20
-106.5484299999999962
 30
0
 11
117.6542120000000011
 21
-106.4944539999999904
 31
0
  0
LINE
  5
C46
330
1A
100
AcDbEntity
  8
B.Cu
  6
CONTINUOUS
100
AcDbLine
 10
117.6542120000000011
 20
-106.4944539999999904
 30
0
 11
117.7494999999999976
 21
-106.4754999999999967
 31
0
  0
LINE
  5
C47
330
1A
100
AcDbEntity
  8
B.Cu
  6
CONTINUOUS
100
AcDbLine
 10
117.7494999999999976
 20
-106.4754999999999967
 30
0
 11
120.5749989999999912
 21
-106.4754999999999967
 31
0
  0
LINE
  5
C48
330
1A
100
AcDbEntity
  8
B.Cu
  6
CONTINUOUS
100
AcDbLine
 10
120.5749989999999912
 20
-106.4754999999999967
 30
0
 11
120.5750079999999969
 21
-106.4754999999999967
 31
0
  0
LINE
  5
C49
330
1A
100
AcDbEntity
  8
B.Cu
  6
CONTINUOUS
100
AcDbLine
 10
120.5750079999999969
 20
-106.4754999999999967
 30
0
 11
120.6777969999999982
 21
-106.4649989999999917
 31
0
  0
LINE
  5
C4A
330
1A
100
AcDbEntity
  8
B.Cu
  6
CONTINUOUS
100
AcDbLine
 10
120.6777969999999982
 20
-106.4649989999999917
 30
0
 11
120.8443339999999893
 21
-106.4098139999999972
 31
0
  0
LINE
  5
C4B
330
1A
100
AcDbEntity
  8
B.Cu
  6
CONTINUOUS
100
AcDbLine
 10
120.8443339999999893
 20
-106.4098139999999972
 30
0
 11
120.9936549999999897
 21
-106.3177109999999885
 31
0
  0
LINE
  5
C4C
330
1A
100
AcDbEntity
  8
B.Cu
  6
CONTINUOUS
100
AcDbLine
 10
120.9936549999999897
 20
-106.3177109999999885
 30
0
 11
121.1177109999999999
 21
-106.1936549999999926
 31
0
  0
LINE
  5
C4D
330
1A
100
AcDbEntity
  8
B.Cu
  6
CONTINUOUS
100
AcDbLine
 10
121.1177109999999999
 20
-106.1936549999999926
 30
0
 11
121.2098139999999944
 21
-106.0443339999999921
 31
0
  0
LINE
  5
C4E
330
1A
100
AcDbEntity
  8
B.Cu
  6
CONTINUOUS
100
AcDbLine
 10
121.2098139999999944
 20
-106.0443339999999921
 30
0
 11
121.2649989999999889
 21
-105.877797000000001
 31
0
  0
LINE
  5
C4F
330
1A
100
AcDbEntity
  8
B.Cu
  6
CONTINUOUS
100
AcDbLine
 10
121.2649989999999889
 20
-105.877797000000001
 30
0
 11
121.2754999999999939
 21
-105.7750079999999997
 31
0
  0
LINE
  5
C50
330
1A
100
AcDbEntity
  8
B.Cu
  6
CONTINUOUS
100
AcDbLine
 10
121.2754999999999939
 20
-105.7750079999999997
 30
0
 11
121.2754999999999939
 21
-105.6750009999999946
 31
0
  0
LINE
  5
C51
330
1A
100
AcDbEntity
  8
B.Cu
  6
CONTINUOUS
100
AcDbLine
 10
121.2754999999999939
 20
-105.6750009999999946
 30
0
 11
121.2754999999999939
 21
-104.0750189999999975
 31
0
  0
LINE
  5
C52
330
1A
100
AcDbEntity
  8
B.Cu
  6
CONTINUOUS
100
AcDbLine
 10
121.2754999999999939
 20
-104.0750189999999975
 30
0
 11
121.2754999999999939
 21
-104.0749919999999946
 31
0
  0
LINE
  5
C53
330
1A
100
AcDbEntity
  8
B.Cu
  6
CONTINUOUS
100
AcDbLine
 10
121.2754999999999939
 20
-104.0749919999999946
 30
0
 11
121.2649989999999889
 21
-103.9722029999999933
 31
0
  0
LINE
  5
C54
330
1A
100
AcDbEntity
  8
B.Cu
  6
CONTINUOUS
100
AcDbLine
 10
121.2649989999999889
 20
-103.9722029999999933
 30
0
 11
121.2098139999999944
 21
-103.8056660000000022
 31
0
  0
LINE
  5
C55
330
1A
100
AcDbEntity
  8
B.Cu
  6
CONTINUOUS
100
AcDbLine
 10
121.2098139999999944
 20
-103.8056660000000022
 30
0
 11
121.1177109999999999
 21
-103.6563450000000017
 31
0
  0
LINE
  5
C56
330
1A
100
AcDbEntity
  8
B.Cu
  6
CONTINUOUS
100
AcDbLine
 10
121.1177109999999999
 20
-103.6563450000000017
 30
0
 11
120.9936549999999897
 21
-103.5322889999999916
 31
0
  0
LINE
  5
C57
330
1A
100
AcDbEntity
  8
B.Cu
  6
CONTINUOUS
100
AcDbLine
 10
120.9936549999999897
 20
-103.5322889999999916
 30
0
 11
120.8443339999999893
 21
-103.4401859999999971
 31
0
  0
LINE
  5
C58
330
1A
100
AcDbEntity
  8
B.Cu
  6
CONTINUOUS
100
AcDbLine
 10
120.8443339999999893
 20
-103.4401859999999971
 30
0
 11
120.8443350000000009
 21
-103.4401859999999971
 31
0
  0
LINE
  5
C59
330
1A
100
AcDbEntity
  8
B.Cu
  6
CONTINUOUS
100
AcDbLine
 10
120.8443350000000009
 20
-103.4401859999999971
 30
0
 11
120.7610649999999879
 21
-103.4125930000000011
 31
0
  0
LINE
  5
C5A
330
1A
100
AcDbEntity
  8
B.Cu
  6
CONTINUOUS
100
AcDbLine
 10
120.7610649999999879
 20
-103.4125930000000011
 30
0
 11
120.6777969999999982
 21
-103.3850009999999884
 31
0
  0
LINE
  5
C5B
330
1A
100
AcDbEntity
  8
B.Cu
  6
CONTINUOUS
100
AcDbLine
 10
120.6777969999999982
 20
-103.3850009999999884
 30
0
 11
120.6572389999999899
 21
-103.3828999999999922
 31
0
  0
LINE
  5
C5C
330
1A
100
AcDbEntity
  8
B.Cu
  6
CONTINUOUS
100
AcDbLine
 10
120.6572389999999899
 20
-103.3828999999999922
 30
0
 11
120.575012000000001
 21
-103.3744999999999976
 31
0
  0
LINE
  5
C5D
330
1A
100
AcDbEntity
  8
B.Cu
  6
CONTINUOUS
100
AcDbLine
 10
120.575012000000001
 20
-103.3744999999999976
 30
0
 11
120.5750079999999969
 21
-103.3744999999999976
 31
0
  0
LINE
  5
C5E
330
1A
100
AcDbEntity
  8
B.Cu
  6
CONTINUOUS
100
AcDbLine
 10
120.5750079999999969
 20
-103.3744999999999976
 30
0
 11
117.7494999999999976
 21
-103.3744999999999976
 31
0
  0
LINE
  5
C5F
330
1A
100
AcDbEntity
  8
B.Cu
  6
CONTINUOUS
100
AcDbLine
 10
117.7494999999999976
 20
-103.3744999999999976
 30
0
 11
117.6542120000000011
 21
-103.3555459999999897
 31
0
  0
LINE
  5
C60
330
1A
100
AcDbEntity
  8
B.Cu
  6
CONTINUOUS
100
AcDbLine
 10
117.6542120000000011
 20
-103.3555459999999897
 30
0
 11
117.5734299999999877
 21
-103.3015699999999981
 31
0
  0
LINE
  5
C61
330
1A
100
AcDbEntity
  8
B.Cu
  6
CONTINUOUS
100
AcDbLine
 10
117.5734299999999877
 20
-103.3015699999999981
 30
0
 11
117.5194539999999961
 21
-103.2207879999999989
 31
0
  0
LINE
  5
C62
330
1A
100
AcDbEntity
  8
B.Cu
  6
CONTINUOUS
100
AcDbLine
 10
117.5194539999999961
 20
-103.2207879999999989
 30
0
 11
117.5004999999999882
 21
-103.1255000000000024
 31
0
  0
LINE
  5
C63
330
1A
100
AcDbEntity
  8
B.Cu
  6
CONTINUOUS
100
AcDbLine
 10
117.5004999999999882
 20
-103.1255000000000024
 30
0
 11
117.5004999999999882
 21
-99.9994990000000001
 31
0
  0
LINE
  5
C64
330
1A
100
AcDbEntity
  8
B.Cu
  6
CONTINUOUS
100
AcDbLine
 10
117.5004999999999882
 20
-99.9994990000000001
 30
0
 11
117.5194539999999961
 21
-99.9042109999999894
 31
0
  0
LINE
  5
C65
330
1A
100
AcDbEntity
  8
B.Cu
  6
CONTINUOUS
100
AcDbLine
 10
117.5194539999999961
 20
-99.9042109999999894
 30
0
 11
117.5734299999999877
 21
-99.8234289999999902
 31
0
  0
LINE
  5
C66
330
1A
100
AcDbEntity
  8
B.Cu
  6
CONTINUOUS
100
AcDbLine
 10
117.5734299999999877
 20
-99.8234289999999902
 30
0
 11
117.6542120000000011
 21
-99.7694529999999986
 31
0
  0
LINE
  5
C67
330
1A
100
AcDbEntity
  8
B.Cu
  6
CONTINUOUS
100
AcDbLine
 10
117.6542120000000011
 20
-99.7694529999999986
 30
0
 11
117.7494999999999976
 21
-99.7504989999999907
 31
0
  0
LINE
  5
C68
330
1A
100
AcDbEntity
  8
B.Cu
  6
CONTINUOUS
100
AcDbLine
 10
117.7494999999999976
 20
-99.7504989999999907
 30
0
 11
119.8978659999999934
 21
-99.7504989999999907
 31
0
  0
LINE
  5
C69
330
1A
100
AcDbEntity
  8
B.Cu
  6
CONTINUOUS
100
AcDbLine
 10
119.8978659999999934
 20
-99.7504989999999907
 30
0
 11
119.8978719999999925
 21
-99.7504989999999907
 31
0
  0
LINE
  5
C6A
330
1A
100
AcDbEntity
  8
B.Cu
  6
CONTINUOUS
100
AcDbLine
 10
119.8978719999999925
 20
-99.7504989999999907
 30
0
 11
119.9574829999999963
 21
-99.7440909999999974
 31
0
  0
LINE
  5
C6B
330
1A
100
AcDbEntity
  8
B.Cu
  6
CONTINUOUS
100
AcDbLine
 10
119.9574829999999963
 20
-99.7440909999999974
 30
0
 11
120.0923310000000015
 21
-99.6937959999999919
 31
0
  0
LINE
  5
C6C
330
1A
100
AcDbEntity
  8
B.Cu
  6
CONTINUOUS
100
AcDbLine
 10
120.0923310000000015
 20
-99.6937959999999919
 30
0
 11
120.2075459999999936
 21
-99.6075459999999993
 31
0
  0
LINE
  5
C6D
330
1A
100
AcDbEntity
  8
B.Cu
  6
CONTINUOUS
100
AcDbLine
 10
120.2075459999999936
 20
-99.6075459999999993
 30
0
 11
120.2937960000000004
 21
-99.492330999999993
 31
0
  0
LINE
  5
C6E
330
1A
100
AcDbEntity
  8
B.Cu
  6
CONTINUOUS
100
AcDbLine
 10
120.2937960000000004
 20
-99.492330999999993
 30
0
 11
120.3440909999999917
 21
-99.357483000000002
 31
0
  0
LINE
  5
C6F
330
1A
100
AcDbEntity
  8
B.Cu
  6
CONTINUOUS
100
AcDbLine
 10
120.3440909999999917
 20
-99.357483000000002
 30
0
 11
120.3504999999999967
 21
-99.2978729999999956
 31
0
  0
LINE
  5
C70
330
1A
100
AcDbEntity
  8
B.Cu
  6
CONTINUOUS
100
AcDbLine
 10
120.3504999999999967
 20
-99.2978729999999956
 30
0
 11
120.3504989999999992
 21
-97.7500009999999975
 31
0
  0
LINE
  5
C71
330
1A
100
AcDbEntity
  8
B.Cu
  6
CONTINUOUS
100
AcDbLine
 10
120.3504989999999992
 20
-97.7500009999999975
 30
0
 11
120.3504989999999992
 21
-96.25
 31
0
  0
LINE
  5
C72
330
1A
100
AcDbEntity
  8
B.Cu
  6
CONTINUOUS
100
AcDbLine
 10
120.3504989999999992
 20
-96.25
 30
0
 11
120.3504989999999992
 21
-94.7021669999999887
 31
0
  0
LINE
  5
C73
330
1A
100
AcDbEntity
  8
B.Cu
  6
CONTINUOUS
100
AcDbLine
 10
120.3504989999999992
 20
-94.7021669999999887
 30
0
 11
120.3504989999999992
 21
-94.7021340000000009
 31
0
  0
LINE
  5
C74
330
1A
100
AcDbEntity
  8
B.Cu
  6
CONTINUOUS
100
AcDbLine
 10
120.3504989999999992
 20
-94.7021340000000009
 30
0
 11
120.3504989999999992
 21
-94.7021280000000019
 31
0
  0
LINE
  5
C75
330
1A
100
AcDbEntity
  8
B.Cu
  6
CONTINUOUS
100
AcDbLine
 10
120.3504989999999992
 20
-94.7021280000000019
 30
0
 11
120.3440909999999917
 21
-94.642516999999998
 31
0
  0
LINE
  5
C76
330
1A
100
AcDbEntity
  8
B.Cu
  6
CONTINUOUS
100
AcDbLine
 10
120.3440909999999917
 20
-94.642516999999998
 30
0
 11
120.2937960000000004
 21
-94.5076689999999928
 31
0
  0
LINE
  5
C77
330
1A
100
AcDbEntity
  8
B.Cu
  6
CONTINUOUS
100
AcDbLine
 10
120.2937960000000004
 20
-94.5076689999999928
 30
0
 11
120.2075459999999936
 21
-94.3924540000000007
 31
0
  0
LINE
  5
C78
330
1A
100
AcDbEntity
  8
B.Cu
  6
CONTINUOUS
100
AcDbLine
 10
120.2075459999999936
 20
-94.3924540000000007
 30
0
 11
120.0923310000000015
 21
-94.3062039999999939
 31
0
  0
LINE
  5
C79
330
1A
100
AcDbEntity
  8
B.Cu
  6
CONTINUOUS
100
AcDbLine
 10
120.0923310000000015
 20
-94.3062039999999939
 30
0
 11
120.0121169999999893
 21
-94.2762859999999989
 31
0
  0
LINE
  5
C7A
330
1A
100
AcDbEntity
  8
B.Cu
  6
CONTINUOUS
100
AcDbLine
 10
120.0121169999999893
 20
-94.2762859999999989
 30
0
 11
119.9574810000000014
 21
-94.2559079999999909
 31
0
  0
LINE
  5
C7B
330
1A
100
AcDbEntity
  8
B.Cu
  6
CONTINUOUS
100
AcDbLine
 10
119.9574810000000014
 20
-94.2559079999999909
 30
0
 11
119.8978729999999899
 21
-94.2494999999999976
 31
0
  0
LINE
  5
C7C
330
1A
100
AcDbEntity
  8
B.Cu
  6
CONTINUOUS
100
AcDbLine
 10
119.8978729999999899
 20
-94.2494999999999976
 30
0
 11
114.1021339999999924
 21
-94.2494999999999976
 31
0
  0
LINE
  5
C7D
330
1A
100
AcDbEntity
  8
B.Cu
  6
CONTINUOUS
100
AcDbLine
 10
114.1021339999999924
 20
-94.2494999999999976
 30
0
 11
114.1021299999999883
 21
-94.2494999999999976
 31
0
  0
LINE
  5
C7E
330
1A
100
AcDbEntity
  8
B.Cu
  6
CONTINUOUS
100
AcDbLine
 10
114.1021299999999883
 20
-94.2494999999999976
 30
0
 11
114.1021279999999933
 21
-94.2495009999999951
 31
0
  0
LINE
  5
C7F
330
1A
100
AcDbEntity
  8
B.Cu
  6
CONTINUOUS
100
AcDbLine
 10
114.1021279999999933
 20
-94.2495009999999951
 30
0
 11
114.0893140000000017
 21
-94.2508780000000002
 31
0
  0
LINE
  5
C80
330
1A
100
AcDbEntity
  8
B.Cu
  6
CONTINUOUS
100
AcDbLine
 10
114.0893140000000017
 20
-94.2508780000000002
 30
0
 11
114.0425189999999986
 21
-94.2559079999999909
 31
0
  0
LINE
  5
C81
330
1A
100
AcDbEntity
  8
B.Cu
  6
CONTINUOUS
100
AcDbLine
 10
114.0425189999999986
 20
-94.2559079999999909
 30
0
 11
114.0425149999999945
 21
-94.2559090000000026
 31
0
  0
LINE
  5
C82
330
1A
100
AcDbEntity
  8
B.Cu
  6
CONTINUOUS
100
AcDbLine
 10
114.0425149999999945
 20
-94.2559090000000026
 30
0
 11
113.907669999999996
 21
-94.3062029999999965
 31
0
  0
LINE
  5
C83
330
1A
100
AcDbEntity
  8
B.Cu
  6
CONTINUOUS
100
AcDbLine
 10
113.907669999999996
 20
-94.3062029999999965
 30
0
 11
113.7924549999999897
 21
-94.3924529999999891
 31
0
  0
LINE
  5
C84
330
1A
100
AcDbEntity
  8
B.Cu
  6
CONTINUOUS
100
AcDbLine
 10
113.7924549999999897
 20
-94.3924529999999891
 30
0
 11
113.7924529999999947
 21
-94.3924549999999982
 31
0
  0
LINE
  5
C85
330
1A
100
AcDbEntity
  8
B.Cu
  6
CONTINUOUS
100
AcDbLine
 10
113.7924529999999947
 20
-94.3924549999999982
 30
0
 11
113.7062039999999996
 21
-94.5076689999999928
 31
0
  0
LINE
  5
C86
330
1A
100
AcDbEntity
  8
B.Cu
  6
CONTINUOUS
100
AcDbLine
 10
113.7062039999999996
 20
-94.5076689999999928
 30
0
 11
113.6559079999999966
 21
-94.6425179999999955
 31
0
  0
LINE
  5
C87
330
1A
100
AcDbEntity
  8
B.Cu
  6
CONTINUOUS
100
AcDbLine
 10
113.6559079999999966
 20
-94.6425179999999955
 30
0
 11
113.6494999999999891
 21
-94.7021230000000003
 31
0
  0
LINE
  5
C88
330
1A
100
AcDbEntity
  8
B.Cu
  6
CONTINUOUS
100
AcDbLine
 10
113.6494999999999891
 20
-94.7021230000000003
 30
0
 11
113.6494999999999891
 21
-99.2978650000000016
 31
0
  0
LINE
  5
C89
330
1A
100
AcDbEntity
  8
B.Cu
  6
CONTINUOUS
100
AcDbLine
 10
154.0654999999999859
 20
-109.5887259999999941
 30
0
 11
154.0655009999999834
 21
-109.5887409999999988
 31
0
  0
LINE
  5
C8A
330
1A
100
AcDbEntity
  8
B.Cu
  6
CONTINUOUS
100
AcDbLine
 10
154.0655009999999834
 20
-109.5887409999999988
 30
0
 11
154.0963889999999878
 21
-109.7837600000000009
 31
0
  0
LINE
  5
C8B
330
1A
100
AcDbEntity
  8
B.Cu
  6
CONTINUOUS
100
AcDbLine
 10
154.0963889999999878
 20
-109.7837600000000009
 30
0
 11
154.1574070000000063
 21
-109.9715559999999925
 31
0
  0
LINE
  5
C8C
330
1A
100
AcDbEntity
  8
B.Cu
  6
CONTINUOUS
100
AcDbLine
 10
154.1574070000000063
 20
-109.9715559999999925
 30
0
 11
154.1574080000000038
 21
-109.9715599999999966
 31
0
  0
LINE
  5
C8D
330
1A
100
AcDbEntity
  8
B.Cu
  6
CONTINUOUS
100
AcDbLine
 10
154.1574080000000038
 20
-109.9715599999999966
 30
0
 11
154.247052999999994
 21
-110.1474970000000013
 31
0
  0
LINE
  5
C8E
330
1A
100
AcDbEntity
  8
B.Cu
  6
CONTINUOUS
100
AcDbLine
 10
154.247052999999994
 20
-110.1474970000000013
 30
0
 11
154.2470539999999914
 21
-110.1474979999999988
 31
0
  0
LINE
  5
C8F
330
1A
100
AcDbEntity
  8
B.Cu
  6
CONTINUOUS
100
AcDbLine
 10
154.2470539999999914
 20
-110.1474979999999988
 30
0
 11
154.2470559999999864
 21
-110.1475009999999912
 31
0
  0
LINE
  5
C90
330
1A
100
AcDbEntity
  8
B.Cu
  6
CONTINUOUS
100
AcDbLine
 10
154.2470559999999864
 20
-110.1475009999999912
 30
0
 11
154.3631210000000067
 21
-110.3072519999999912
 31
0
  0
LINE
  5
C91
330
1A
100
AcDbEntity
  8
B.Cu
  6
CONTINUOUS
100
AcDbLine
 10
154.3631210000000067
 20
-110.3072519999999912
 30
0
 11
154.5027479999999969
 21
-110.4468789999999956
 31
0
  0
LINE
  5
C92
330
1A
100
AcDbEntity
  8
B.Cu
  6
CONTINUOUS
100
AcDbLine
 10
154.5027479999999969
 20
-110.4468789999999956
 30
0
 11
154.656456999999989
 21
-110.5585540000000009
 31
0
  0
LINE
  5
C93
330
1A
100
AcDbEntity
  8
B.Cu
  6
CONTINUOUS
100
AcDbLine
 10
154.656456999999989
 20
-110.5585540000000009
 30
0
 11
154.7224060000000065
 21
-110.6298969999999997
 31
0
  0
LINE
  5
C94
330
1A
100
AcDbEntity
  8
B.Cu
  6
CONTINUOUS
100
AcDbLine
 10
154.7224060000000065
 20
-110.6298969999999997
 30
0
 11
154.7560330000000022
 21
-110.7210469999999987
 31
0
  0
LINE
  5
C95
330
1A
100
AcDbEntity
  8
B.Cu
  6
CONTINUOUS
100
AcDbLine
 10
154.7560330000000022
 20
-110.7210469999999987
 30
0
 11
154.7522189999999966
 21
-110.8181269999999898
 31
0
  0
LINE
  5
C96
330
1A
100
AcDbEntity
  8
B.Cu
  6
CONTINUOUS
100
AcDbLine
 10
154.7522189999999966
 20
-110.8181269999999898
 30
0
 11
154.711545000000001
 21
-110.9063579999999973
 31
0
  0
LINE
  5
C97
330
1A
100
AcDbEntity
  8
B.Cu
  6
CONTINUOUS
100
AcDbLine
 10
154.711545000000001
 20
-110.9063579999999973
 30
0
 11
154.656456999999989
 21
-110.9614459999999951
 31
0
  0
LINE
  5
C98
330
1A
100
AcDbEntity
  8
B.Cu
  6
CONTINUOUS
100
AcDbLine
 10
154.656456999999989
 20
-110.9614459999999951
 30
0
 11
154.5027460000000019
 21
-111.0731219999999979
 31
0
  0
LINE
  5
C99
330
1A
100
AcDbEntity
  8
B.Cu
  6
CONTINUOUS
100
AcDbLine
 10
154.5027460000000019
 20
-111.0731219999999979
 30
0
 11
154.3631220000000042
 21
-111.2127459999999957
 31
0
  0
LINE
  5
C9A
330
1A
100
AcDbEntity
  8
B.Cu
  6
CONTINUOUS
100
AcDbLine
 10
154.3631220000000042
 20
-111.2127459999999957
 30
0
 11
154.2470549999999889
 21
-111.3724999999999881
 31
0
  0
LINE
  5
C9B
330
1A
100
AcDbEntity
  8
B.Cu
  6
CONTINUOUS
100
AcDbLine
 10
154.2470549999999889
 20
-111.3724999999999881
 30
0
 11
154.247052999999994
 21
-111.3725019999999972
 31
0
  0
LINE
  5
C9C
330
1A
100
AcDbEntity
  8
B.Cu
  6
CONTINUOUS
100
AcDbLine
 10
154.247052999999994
 20
-111.3725019999999972
 30
0
 11
154.1574080000000038
 21
-111.5484390000000019
 31
0
  0
LINE
  5
C9D
330
1A
100
AcDbEntity
  8
B.Cu
  6
CONTINUOUS
100
AcDbLine
 10
154.1574080000000038
 20
-111.5484390000000019
 30
0
 11
154.1574070000000063
 21
-111.5484429999999918
 31
0
  0
LINE
  5
C9E
330
1A
100
AcDbEntity
  8
B.Cu
  6
CONTINUOUS
100
AcDbLine
 10
154.1574070000000063
 20
-111.5484429999999918
 30
0
 11
154.0963889999999878
 21
-111.7362389999999976
 31
0
  0
LINE
  5
C9F
330
1A
100
AcDbEntity
  8
B.Cu
  6
CONTINUOUS
100
AcDbLine
 10
154.0963889999999878
 20
-111.7362389999999976
 30
0
 11
154.0655009999999834
 21
-111.9312579999999997
 31
0
  0
LINE
  5
CA0
330
1A
100
AcDbEntity
  8
B.Cu
  6
CONTINUOUS
100
AcDbLine
 10
154.0655009999999834
 20
-111.9312579999999997
 30
0
 11
154.0654999999999859
 21
-111.9312729999999902
 31
0
  0
LINE
  5
CA1
330
1A
100
AcDbEntity
  8
B.Cu
  6
CONTINUOUS
100
AcDbLine
 10
154.0654999999999859
 20
-111.9312729999999902
 30
0
 11
154.0654999999999859
 21
-112.1287260000000003
 31
0
  0
LINE
  5
CA2
330
1A
100
AcDbEntity
  8
B.Cu
  6
CONTINUOUS
100
AcDbLine
 10
154.0654999999999859
 20
-112.1287260000000003
 30
0
 11
154.0655009999999834
 21
-112.1287409999999909
 31
0
  0
LINE
  5
CA3
330
1A
100
AcDbEntity
  8
B.Cu
  6
CONTINUOUS
100
AcDbLine
 10
154.0655009999999834
 20
-112.1287409999999909
 30
0
 11
154.0963889999999878
 21
-112.3237599999999929
 31
0
  0
LINE
  5
CA4
330
1A
100
AcDbEntity
  8
B.Cu
  6
CONTINUOUS
100
AcDbLine
 10
154.0963889999999878
 20
-112.3237599999999929
 30
0
 11
154.1574070000000063
 21
-112.5115559999999988
 31
0
  0
LINE
  5
CA5
330
1A
100
AcDbEntity
  8
B.Cu
  6
CONTINUOUS
100
AcDbLine
 10
154.1574070000000063
 20
-112.5115559999999988
 30
0
 11
154.1574080000000038
 21
-112.5115599999999887
 31
0
  0
LINE
  5
CA6
330
1A
100
AcDbEntity
  8
B.Cu
  6
CONTINUOUS
100
AcDbLine
 10
154.1574080000000038
 20
-112.5115599999999887
 30
0
 11
154.247052999999994
 21
-112.6874969999999934
 31
0
  0
LINE
  5
CA7
330
1A
100
AcDbEntity
  8
B.Cu
  6
CONTINUOUS
100
AcDbLine
 10
154.247052999999994
 20
-112.6874969999999934
 30
0
 11
154.2470539999999914
 21
-112.6874979999999908
 31
0
  0
LINE
  5
CA8
330
1A
100
AcDbEntity
  8
B.Cu
  6
CONTINUOUS
100
AcDbLine
 10
154.2470539999999914
 20
-112.6874979999999908
 30
0
 11
154.2470559999999864
 21
-112.6875009999999975
 31
0
  0
LINE
  5
CA9
330
1A
100
AcDbEntity
  8
B.Cu
  6
CONTINUOUS
100
AcDbLine
 10
154.2470559999999864
 20
-112.6875009999999975
 30
0
 11
154.3631210000000067
 21
-112.8472519999999975
 31
0
  0
LINE
  5
CAA
330
1A
100
AcDbEntity
  8
B.Cu
  6
CONTINUOUS
100
AcDbLine
 10
154.3631210000000067
 20
-112.8472519999999975
 30
0
 11
154.5027479999999969
 21
-112.9868790000000018
 31
0
  0
LINE
  5
CAB
330
1A
100
AcDbEntity
  8
B.Cu
  6
CONTINUOUS
100
AcDbLine
 10
154.5027479999999969
 20
-112.9868790000000018
 30
0
 11
154.656456999999989
 21
-113.0985539999999929
 31
0
  0
LINE
  5
CAC
330
1A
100
AcDbEntity
  8
B.Cu
  6
CONTINUOUS
100
AcDbLine
 10
154.656456999999989
 20
-113.0985539999999929
 30
0
 11
154.7224060000000065
 21
-113.1698969999999917
 31
0
  0
LINE
  5
CAD
330
1A
100
AcDbEntity
  8
B.Cu
  6
CONTINUOUS
100
AcDbLine
 10
154.7224060000000065
 20
-113.1698969999999917
 30
0
 11
154.7560330000000022
 21
-113.2610469999999907
 31
0
  0
LINE
  5
CAE
330
1A
100
AcDbEntity
  8
B.Cu
  6
CONTINUOUS
100
AcDbLine
 10
154.7560330000000022
 20
-113.2610469999999907
 30
0
 11
154.7522189999999966
 21
-113.3581269999999961
 31
0
  0
LINE
  5
CAF
330
1A
100
AcDbEntity
  8
B.Cu
  6
CONTINUOUS
100
AcDbLine
 10
154.7522189999999966
 20
-113.3581269999999961
 30
0
 11
154.711545000000001
 21
-113.4463579999999894
 31
0
  0
LINE
  5
CB0
330
1A
100
AcDbEntity
  8
B.Cu
  6
CONTINUOUS
100
AcDbLine
 10
154.711545000000001
 20
-113.4463579999999894
 30
0
 11
154.656456999999989
 21
-113.5014460000000014
 31
0
  0
LINE
  5
CB1
330
1A
100
AcDbEntity
  8
B.Cu
  6
CONTINUOUS
100
AcDbLine
 10
154.656456999999989
 20
-113.5014460000000014
 30
0
 11
154.5027460000000019
 21
-113.61312199999999
 31
0
  0
LINE
  5
CB2
330
1A
100
AcDbEntity
  8
B.Cu
  6
CONTINUOUS
100
AcDbLine
 10
154.5027460000000019
 20
-113.61312199999999
 30
0
 11
154.3631220000000042
 21
-113.7527460000000019
 31
0
  0
LINE
  5
CB3
330
1A
100
AcDbEntity
  8
B.Cu
  6
CONTINUOUS
100
AcDbLine
 10
154.3631220000000042
 20
-113.7527460000000019
 30
0
 11
154.2470549999999889
 21
-113.9124999999999943
 31
0
  0
LINE
  5
CB4
330
1A
100
AcDbEntity
  8
B.Cu
  6
CONTINUOUS
100
AcDbLine
 10
154.2470549999999889
 20
-113.9124999999999943
 30
0
 11
154.247052999999994
 21
-113.9125019999999893
 31
0
  0
LINE
  5
CB5
330
1A
100
AcDbEntity
  8
B.Cu
  6
CONTINUOUS
100
AcDbLine
 10
154.247052999999994
 20
-113.9125019999999893
 30
0
 11
154.1574080000000038
 21
-114.0884389999999939
 31
0
  0
LINE
  5
CB6
330
1A
100
AcDbEntity
  8
B.Cu
  6
CONTINUOUS
100
AcDbLine
 10
154.1574080000000038
 20
-114.0884389999999939
 30
0
 11
154.1574070000000063
 21
-114.0884429999999981
 31
0
  0
LINE
  5
CB7
330
1A
100
AcDbEntity
  8
B.Cu
  6
CONTINUOUS
100
AcDbLine
 10
154.1574070000000063
 20
-114.0884429999999981
 30
0
 11
154.0963889999999878
 21
-114.2762389999999897
 31
0
  0
LINE
  5
CB8
330
1A
100
AcDbEntity
  8
B.Cu
  6
CONTINUOUS
100
AcDbLine
 10
154.0963889999999878
 20
-114.2762389999999897
 30
0
 11
154.0655009999999834
 21
-114.4712579999999917
 31
0
  0
LINE
  5
CB9
330
1A
100
AcDbEntity
  8
B.Cu
  6
CONTINUOUS
100
AcDbLine
 10
154.0655009999999834
 20
-114.4712579999999917
 30
0
 11
154.0654999999999859
 21
-114.4712729999999965
 31
0
  0
LINE
  5
CBA
330
1A
100
AcDbEntity
  8
B.Cu
  6
CONTINUOUS
100
AcDbLine
 10
154.0654999999999859
 20
-114.4712729999999965
 30
0
 11
154.0654999999999859
 21
-114.6687259999999924
 31
0
  0
LINE
  5
CBB
330
1A
100
AcDbEntity
  8
B.Cu
  6
CONTINUOUS
100
AcDbLine
 10
154.0654999999999859
 20
-114.6687259999999924
 30
0
 11
154.0655009999999834
 21
-114.6687409999999971
 31
0
  0
LINE
  5
CBC
330
1A
100
AcDbEntity
  8
B.Cu
  6
CONTINUOUS
100
AcDbLine
 10
154.0655009999999834
 20
-114.6687409999999971
 30
0
 11
154.0963889999999878
 21
-114.8637599999999992
 31
0
  0
LINE
  5
CBD
330
1A
100
AcDbEntity
  8
B.Cu
  6
CONTINUOUS
100
AcDbLine
 10
154.0963889999999878
 20
-114.8637599999999992
 30
0
 11
154.1574070000000063
 21
-115.0515559999999908
 31
0
  0
LINE
  5
CBE
330
1A
100
AcDbEntity
  8
B.Cu
  6
CONTINUOUS
100
AcDbLine
 10
154.1574070000000063
 20
-115.0515559999999908
 30
0
 11
154.1574080000000038
 21
-115.0515599999999949
 31
0
  0
LINE
  5
CBF
330
1A
100
AcDbEntity
  8
B.Cu
  6
CONTINUOUS
100
AcDbLine
 10
154.1574080000000038
 20
-115.0515599999999949
 30
0
 11
154.247052999999994
 21
-115.2274969999999996
 31
0
  0
LINE
  5
CC0
330
1A
100
AcDbEntity
  8
B.Cu
  6
CONTINUOUS
100
AcDbLine
 10
154.247052999999994
 20
-115.2274969999999996
 30
0
 11
154.2470539999999914
 21
-115.2274979999999971
 31
0
  0
LINE
  5
CC1
330
1A
100
AcDbEntity
  8
B.Cu
  6
CONTINUOUS
100
AcDbLine
 10
154.2470539999999914
 20
-115.2274979999999971
 30
0
 11
154.2470559999999864
 21
-115.2275009999999895
 31
0
  0
LINE
  5
CC2
330
1A
100
AcDbEntity
  8
B.Cu
  6
CONTINUOUS
100
AcDbLine
 10
154.2470559999999864
 20
-115.2275009999999895
 30
0
 11
154.3631210000000067
 21
-115.3872519999999895
 31
0
  0
LINE
  5
CC3
330
1A
100
AcDbEntity
  8
B.Cu
  6
CONTINUOUS
100
AcDbLine
 10
154.3631210000000067
 20
-115.3872519999999895
 30
0
 11
154.5027479999999969
 21
-115.5268789999999939
 31
0
  0
LINE
  5
CC4
330
1A
100
AcDbEntity
  8
B.Cu
  6
CONTINUOUS
100
AcDbLine
 10
154.5027479999999969
 20
-115.5268789999999939
 30
0
 11
154.5809739999999977
 21
-115.5837129999999888
 31
0
  0
LINE
  5
CC5
330
1A
100
AcDbEntity
  8
B.Cu
  6
CONTINUOUS
100
AcDbLine
 10
154.5809739999999977
 20
-115.5837129999999888
 30
0
 11
154.656456999999989
 21
-115.6385539999999992
 31
0
  0
LINE
  5
CC6
330
1A
100
AcDbEntity
  8
B.Cu
  6
CONTINUOUS
100
AcDbLine
 10
154.656456999999989
 20
-115.6385539999999992
 30
0
 11
154.7224060000000065
 21
-115.709896999999998
 31
0
  0
LINE
  5
CC7
330
1A
100
AcDbEntity
  8
B.Cu
  6
CONTINUOUS
100
AcDbLine
 10
154.7224060000000065
 20
-115.709896999999998
 30
0
 11
154.7560330000000022
 21
-115.801046999999997
 31
0
  0
LINE
  5
CC8
330
1A
100
AcDbEntity
  8
B.Cu
  6
CONTINUOUS
100
AcDbLine
 10
154.7560330000000022
 20
-115.801046999999997
 30
0
 11
154.7522189999999966
 21
-115.8981269999999881
 31
0
  0
LINE
  5
CC9
330
1A
100
AcDbEntity
  8
B.Cu
  6
CONTINUOUS
100
AcDbLine
 10
154.7522189999999966
 20
-115.8981269999999881
 30
0
 11
154.711545000000001
 21
-115.9863579999999956
 31
0
  0
LINE
  5
CCA
330
1A
100
AcDbEntity
  8
B.Cu
  6
CONTINUOUS
100
AcDbLine
 10
154.711545000000001
 20
-115.9863579999999956
 30
0
 11
154.656456999999989
 21
-116.0414459999999934
 31
0
  0
LINE
  5
CCB
330
1A
100
AcDbEntity
  8
B.Cu
  6
CONTINUOUS
100
AcDbLine
 10
154.656456999999989
 20
-116.0414459999999934
 30
0
 11
154.5027460000000019
 21
-116.1531219999999962
 31
0
  0
LINE
  5
CCC
330
1A
100
AcDbEntity
  8
B.Cu
  6
CONTINUOUS
100
AcDbLine
 10
154.5027460000000019
 20
-116.1531219999999962
 30
0
 11
154.3631220000000042
 21
-116.292745999999994
 31
0
  0
LINE
  5
CCD
330
1A
100
AcDbEntity
  8
B.Cu
  6
CONTINUOUS
100
AcDbLine
 10
154.3631220000000042
 20
-116.292745999999994
 30
0
 11
154.2470549999999889
 21
-116.4525000000000006
 31
0
  0
LINE
  5
CCE
330
1A
100
AcDbEntity
  8
B.Cu
  6
CONTINUOUS
100
AcDbLine
 10
154.2470549999999889
 20
-116.4525000000000006
 30
0
 11
154.247052999999994
 21
-116.4525019999999955
 31
0
  0
LINE
  5
CCF
330
1A
100
AcDbEntity
  8
B.Cu
  6
CONTINUOUS
100
AcDbLine
 10
154.247052999999994
 20
-116.4525019999999955
 30
0
 11
154.1574080000000038
 21
-116.6284390000000002
 31
0
  0
LINE
  5
CD0
330
1A
100
AcDbEntity
  8
B.Cu
  6
CONTINUOUS
100
AcDbLine
 10
154.1574080000000038
 20
-116.6284390000000002
 30
0
 11
154.1574070000000063
 21
-116.6284429999999901
 31
0
  0
LINE
  5
CD1
330
1A
100
AcDbEntity
  8
B.Cu
  6
CONTINUOUS
100
AcDbLine
 10
154.1574070000000063
 20
-116.6284429999999901
 30
0
 11
154.0963889999999878
 21
-116.8162389999999959
 31
0
  0
LINE
  5
CD2
330
1A
100
AcDbEntity
  8
B.Cu
  6
CONTINUOUS
100
AcDbLine
 10
154.0963889999999878
 20
-116.8162389999999959
 30
0
 11
154.0655009999999834
 21
-117.011257999999998
 31
0
  0
LINE
  5
CD3
330
1A
100
AcDbEntity
  8
B.Cu
  6
CONTINUOUS
100
AcDbLine
 10
154.0655009999999834
 20
-117.011257999999998
 30
0
 11
154.0654999999999859
 21
-117.0112729999999885
 31
0
  0
LINE
  5
CD4
330
1A
100
AcDbEntity
  8
B.Cu
  6
CONTINUOUS
100
AcDbLine
 10
154.0654999999999859
 20
-117.0112729999999885
 30
0
 11
154.0654999999999859
 21
-117.2087259999999986
 31
0
  0
LINE
  5
CD5
330
1A
100
AcDbEntity
  8
B.Cu
  6
CONTINUOUS
100
AcDbLine
 10
154.0654999999999859
 20
-117.2087259999999986
 30
0
 11
154.0655009999999834
 21
-117.2087409999999892
 31
0
  0
LINE
  5
CD6
330
1A
100
AcDbEntity
  8
B.Cu
  6
CONTINUOUS
100
AcDbLine
 10
154.0655009999999834
 20
-117.2087409999999892
 30
0
 11
154.0963889999999878
 21
-117.4037599999999912
 31
0
  0
LINE
  5
CD7
330
1A
100
AcDbEntity
  8
B.Cu
  6
CONTINUOUS
100
AcDbLine
 10
154.0963889999999878
 20
-117.4037599999999912
 30
0
 11
154.1574070000000063
 21
-117.5915559999999971
 31
0
  0
LINE
  5
CD8
330
1A
100
AcDbEntity
  8
B.Cu
  6
CONTINUOUS
100
AcDbLine
 10
154.1574070000000063
 20
-117.5915559999999971
 30
0
 11
154.1574080000000038
 21
-117.5915600000000012
 31
0
  0
LINE
  5
CD9
330
1A
100
AcDbEntity
  8
B.Cu
  6
CONTINUOUS
100
AcDbLine
 10
154.1574080000000038
 20
-117.5915600000000012
 30
0
 11
154.247052999999994
 21
-117.7674969999999917
 31
0
  0
LINE
  5
CDA
330
1A
100
AcDbEntity
  8
B.Cu
  6
CONTINUOUS
100
AcDbLine
 10
154.247052999999994
 20
-117.7674969999999917
 30
0
 11
154.2470539999999914
 21
-117.7674979999999891
 31
0
  0
LINE
  5
CDB
330
1A
100
AcDbEntity
  8
B.Cu
  6
CONTINUOUS
100
AcDbLine
 10
154.2470539999999914
 20
-117.7674979999999891
 30
0
 11
154.2470559999999864
 21
-117.7675009999999958
 31
0
  0
LINE
  5
CDC
330
1A
100
AcDbEntity
  8
B.Cu
  6
CONTINUOUS
100
AcDbLine
 10
154.2470559999999864
 20
-117.7675009999999958
 30
0
 11
154.3631210000000067
 21
-117.9272519999999957
 31
0
  0
LINE
  5
CDD
330
1A
100
AcDbEntity
  8
B.Cu
  6
CONTINUOUS
100
AcDbLine
 10
154.3631210000000067
 20
-117.9272519999999957
 30
0
 11
154.5027479999999969
 21
-118.0668790000000001
 31
0
  0
LINE
  5
CDE
330
1A
100
AcDbEntity
  8
B.Cu
  6
CONTINUOUS
100
AcDbLine
 10
154.5027479999999969
 20
-118.0668790000000001
 30
0
 11
154.5809739999999977
 21
-118.1237129999999951
 31
0
  0
LINE
  5
CDF
330
1A
100
AcDbEntity
  8
B.Cu
  6
CONTINUOUS
100
AcDbLine
 10
154.5809739999999977
 20
-118.1237129999999951
 30
0
 11
154.656456999999989
 21
-118.1785539999999912
 31
0
  0
LINE
  5
CE0
330
1A
100
AcDbEntity
  8
B.Cu
  6
CONTINUOUS
100
AcDbLine
 10
154.656456999999989
 20
-118.1785539999999912
 30
0
 11
154.7224060000000065
 21
-118.24989699999999
 31
0
  0
LINE
  5
CE1
330
1A
100
AcDbEntity
  8
B.Cu
  6
CONTINUOUS
100
AcDbLine
 10
154.7224060000000065
 20
-118.24989699999999
 30
0
 11
154.7560330000000022
 21
-118.341046999999989
 31
0
  0
LINE
  5
CE2
330
1A
100
AcDbEntity
  8
B.Cu
  6
CONTINUOUS
100
AcDbLine
 10
154.7560330000000022
 20
-118.341046999999989
 30
0
 11
154.7522189999999966
 21
-118.4381269999999944
 31
0
  0
LINE
  5
CE3
330
1A
100
AcDbEntity
  8
B.Cu
  6
CONTINUOUS
100
AcDbLine
 10
154.7522189999999966
 20
-118.4381269999999944
 30
0
 11
154.711545000000001
 21
-118.5263579999999877
 31
0
  0
LINE
  5
CE4
330
1A
100
AcDbEntity
  8
B.Cu
  6
CONTINUOUS
100
AcDbLine
 10
154.711545000000001
 20
-118.5263579999999877
 30
0
 11
154.656456999999989
 21
-118.5814459999999997
 31
0
  0
LINE
  5
CE5
330
1A
100
AcDbEntity
  8
B.Cu
  6
CONTINUOUS
100
AcDbLine
 10
154.656456999999989
 20
-118.5814459999999997
 30
0
 11
154.5027460000000019
 21
-118.6931219999999882
 31
0
  0
LINE
  5
CE6
330
1A
100
AcDbEntity
  8
B.Cu
  6
CONTINUOUS
100
AcDbLine
 10
154.5027460000000019
 20
-118.6931219999999882
 30
0
 11
154.3631220000000042
 21
-118.8327460000000002
 31
0
  0
LINE
  5
CE7
330
1A
100
AcDbEntity
  8
B.Cu
  6
CONTINUOUS
100
AcDbLine
 10
154.3631220000000042
 20
-118.8327460000000002
 30
0
 11
154.2470549999999889
 21
-118.9924999999999926
 31
0
  0
LINE
  5
CE8
330
1A
100
AcDbEntity
  8
B.Cu
  6
CONTINUOUS
100
AcDbLine
 10
154.2470549999999889
 20
-118.9924999999999926
 30
0
 11
154.247052999999994
 21
-118.9925019999999876
 31
0
  0
LINE
  5
CE9
330
1A
100
AcDbEntity
  8
B.Cu
  6
CONTINUOUS
100
AcDbLine
 10
154.247052999999994
 20
-118.9925019999999876
 30
0
 11
154.1574080000000038
 21
-119.1684389999999922
 31
0
  0
LINE
  5
CEA
330
1A
100
AcDbEntity
  8
B.Cu
  6
CONTINUOUS
100
AcDbLine
 10
154.1574080000000038
 20
-119.1684389999999922
 30
0
 11
154.1574070000000063
 21
-119.1684429999999963
 31
0
  0
LINE
  5
CEB
330
1A
100
AcDbEntity
  8
B.Cu
  6
CONTINUOUS
100
AcDbLine
 10
154.1574070000000063
 20
-119.1684429999999963
 30
0
 11
154.0963889999999878
 21
-119.356238999999988
 31
0
  0
LINE
  5
CEC
330
1A
100
AcDbEntity
  8
B.Cu
  6
CONTINUOUS
100
AcDbLine
 10
154.0963889999999878
 20
-119.356238999999988
 30
0
 11
154.0655009999999834
 21
-119.55125799999999
 31
0
  0
LINE
  5
CED
330
1A
100
AcDbEntity
  8
B.Cu
  6
CONTINUOUS
100
AcDbLine
 10
154.0655009999999834
 20
-119.55125799999999
 30
0
 11
154.0654999999999859
 21
-119.5512729999999948
 31
0
  0
LINE
  5
CEE
330
1A
100
AcDbEntity
  8
B.Cu
  6
CONTINUOUS
100
AcDbLine
 10
154.0654999999999859
 20
-119.5512729999999948
 30
0
 11
154.0654999999999859
 21
-119.7487259999999907
 31
0
  0
LINE
  5
CEF
330
1A
100
AcDbEntity
  8
B.Cu
  6
CONTINUOUS
100
AcDbLine
 10
154.0654999999999859
 20
-119.7487259999999907
 30
0
 11
154.0655009999999834
 21
-119.7487409999999954
 31
0
  0
LINE
  5
CF0
330
1A
100
AcDbEntity
  8
B.Cu
  6
CONTINUOUS
100
AcDbLine
 10
154.0655009999999834
 20
-119.7487409999999954
 30
0
 11
154.0963889999999878
 21
-119.9437599999999975
 31
0
  0
LINE
  5
CF1
330
1A
100
AcDbEntity
  8
B.Cu
  6
CONTINUOUS
100
AcDbLine
 10
154.0963889999999878
 20
-119.9437599999999975
 30
0
 11
154.1574070000000063
 21
-120.1315559999999891
 31
0
  0
LINE
  5
CF2
330
1A
100
AcDbEntity
  8
B.Cu
  6
CONTINUOUS
100
AcDbLine
 10
154.1574070000000063
 20
-120.1315559999999891
 30
0
 11
154.1574080000000038
 21
-120.1315599999999932
 31
0
  0
LINE
  5
CF3
330
1A
100
AcDbEntity
  8
B.Cu
  6
CONTINUOUS
100
AcDbLine
 10
154.1574080000000038
 20
-120.1315599999999932
 30
0
 11
154.247052999999994
 21
-120.3074969999999979
 31
0
  0
LINE
  5
CF4
330
1A
100
AcDbEntity
  8
B.Cu
  6
CONTINUOUS
100
AcDbLine
 10
154.247052999999994
 20
-120.3074969999999979
 30
0
 11
154.2470539999999914
 21
-120.3074979999999954
 31
0
  0
LINE
  5
CF5
330
1A
100
AcDbEntity
  8
B.Cu
  6
CONTINUOUS
100
AcDbLine
 10
154.2470539999999914
 20
-120.3074979999999954
 30
0
 11
154.2470559999999864
 21
-120.3075009999999878
 31
0
  0
LINE
  5
CF6
330
1A
100
AcDbEntity
  8
B.Cu
  6
CONTINUOUS
100
AcDbLine
 10
154.2470559999999864
 20
-120.3075009999999878
 30
0
 11
154.3631210000000067
 21
-120.4672519999999878
 31
0
  0
LINE
  5
CF7
330
1A
100
AcDbEntity
  8
B.Cu
  6
CONTINUOUS
100
AcDbLine
 10
154.3631210000000067
 20
-120.4672519999999878
 30
0
 11
154.5027479999999969
 21
-120.6068789999999922
 31
0
  0
LINE
  5
CF8
330
1A
100
AcDbEntity
  8
B.Cu
  6
CONTINUOUS
100
AcDbLine
 10
154.5027479999999969
 20
-120.6068789999999922
 30
0
 11
154.5809739999999977
 21
-120.6637130000000013
 31
0
  0
LINE
  5
CF9
330
1A
100
AcDbEntity
  8
B.Cu
  6
CONTINUOUS
100
AcDbLine
 10
154.5809739999999977
 20
-120.6637130000000013
 30
0
 11
154.656456999999989
 21
-120.7185539999999975
 31
0
  0
LINE
  5
CFA
330
1A
100
AcDbEntity
  8
B.Cu
  6
CONTINUOUS
100
AcDbLine
 10
154.656456999999989
 20
-120.7185539999999975
 30
0
 11
154.7224060000000065
 21
-120.7898969999999963
 31
0
  0
LINE
  5
CFB
330
1A
100
AcDbEntity
  8
B.Cu
  6
CONTINUOUS
100
AcDbLine
 10
154.7224060000000065
 20
-120.7898969999999963
 30
0
 11
154.7560330000000022
 21
-120.8810469999999953
 31
0
  0
LINE
  5
CFC
330
1A
100
AcDbEntity
  8
B.Cu
  6
CONTINUOUS
100
AcDbLine
 10
154.7560330000000022
 20
-120.8810469999999953
 30
0
 11
154.7522189999999966
 21
-120.9781270000000006
 31
0
  0
LINE
  5
CFD
330
1A
100
AcDbEntity
  8
B.Cu
  6
CONTINUOUS
100
AcDbLine
 10
154.7522189999999966
 20
-120.9781270000000006
 30
0
 11
154.711545000000001
 21
-121.0663579999999939
 31
0
  0
LINE
  5
CFE
330
1A
100
AcDbEntity
  8
B.Cu
  6
CONTINUOUS
100
AcDbLine
 10
154.711545000000001
 20
-121.0663579999999939
 30
0
 11
154.656456999999989
 21
-121.1214459999999917
 31
0
  0
LINE
  5
CFF
330
1A
100
AcDbEntity
  8
B.Cu
  6
CONTINUOUS
100
AcDbLine
 10
154.656456999999989
 20
-121.1214459999999917
 30
0
 11
154.5027460000000019
 21
-121.2331219999999945
 31
0
  0
LINE
  5
D00
330
1A
100
AcDbEntity
  8
B.Cu
  6
CONTINUOUS
100
AcDbLine
 10
154.5027460000000019
 20
-121.2331219999999945
 30
0
 11
154.3631220000000042
 21
-121.3727459999999923
 31
0
  0
LINE
  5
D01
330
1A
100
AcDbEntity
  8
B.Cu
  6
CONTINUOUS
100
AcDbLine
 10
154.3631220000000042
 20
-121.3727459999999923
 30
0
 11
154.2470549999999889
 21
-121.5324999999999989
 31
0
  0
LINE
  5
D02
330
1A
100
AcDbEntity
  8
B.Cu
  6
CONTINUOUS
100
AcDbLine
 10
154.2470549999999889
 20
-121.5324999999999989
 30
0
 11
154.247052999999994
 21
-121.5325019999999938
 31
0
  0
LINE
  5
D03
330
1A
100
AcDbEntity
  8
B.Cu
  6
CONTINUOUS
100
AcDbLine
 10
154.247052999999994
 20
-121.5325019999999938
 30
0
 11
154.1574080000000038
 21
-121.7084389999999985
 31
0
  0
LINE
  5
D04
330
1A
100
AcDbEntity
  8
B.Cu
  6
CONTINUOUS
100
AcDbLine
 10
154.1574080000000038
 20
-121.7084389999999985
 30
0
 11
154.1574070000000063
 21
-121.7084429999999884
 31
0
  0
LINE
  5
D05
330
1A
100
AcDbEntity
  8
B.Cu
  6
CONTINUOUS
100
AcDbLine
 10
154.1574070000000063
 20
-121.7084429999999884
 30
0
 11
154.0963889999999878
 21
-121.8962389999999942
 31
0
  0
LINE
  5
D06
330
1A
100
AcDbEntity
  8
B.Cu
  6
CONTINUOUS
100
AcDbLine
 10
154.0963889999999878
 20
-121.8962389999999942
 30
0
 11
154.0655009999999834
 21
-122.0912579999999963
 31
0
  0
LINE
  5
D07
330
1A
100
AcDbEntity
  8
B.Cu
  6
CONTINUOUS
100
AcDbLine
 10
154.0655009999999834
 20
-122.0912579999999963
 30
0
 11
154.0654999999999859
 21
-122.091273000000001
 31
0
  0
LINE
  5
D08
330
1A
100
AcDbEntity
  8
B.Cu
  6
CONTINUOUS
100
AcDbLine
 10
154.0654999999999859
 20
-122.091273000000001
 30
0
 11
154.0654999999999859
 21
-122.2887259999999969
 31
0
  0
LINE
  5
D09
330
1A
100
AcDbEntity
  8
B.Cu
  6
CONTINUOUS
100
AcDbLine
 10
154.0654999999999859
 20
-122.2887259999999969
 30
0
 11
154.0655009999999834
 21
-122.2887409999999875
 31
0
  0
LINE
  5
D0A
330
1A
100
AcDbEntity
  8
B.Cu
  6
CONTINUOUS
100
AcDbLine
 10
154.0655009999999834
 20
-122.2887409999999875
 30
0
 11
154.0963889999999878
 21
-122.4837599999999895
 31
0
  0
LINE
  5
D0B
330
1A
100
AcDbEntity
  8
B.Cu
  6
CONTINUOUS
100
AcDbLine
 10
154.0963889999999878
 20
-122.4837599999999895
 30
0
 11
154.1574070000000063
 21
-122.6715559999999954
 31
0
  0
LINE
  5
D0C
330
1A
100
AcDbEntity
  8
B.Cu
  6
CONTINUOUS
100
AcDbLine
 10
154.1574070000000063
 20
-122.6715559999999954
 30
0
 11
154.1574080000000038
 21
-122.6715599999999995
 31
0
  0
LINE
  5
D0D
330
1A
100
AcDbEntity
  8
B.Cu
  6
CONTINUOUS
100
AcDbLine
 10
154.1574080000000038
 20
-122.6715599999999995
 30
0
 11
154.247052999999994
 21
-122.84749699999999
 31
0
  0
LINE
  5
D0E
330
1A
100
AcDbEntity
  8
B.Cu
  6
CONTINUOUS
100
AcDbLine
 10
154.247052999999994
 20
-122.84749699999999
 30
0
 11
154.2470539999999914
 21
-122.8474979999999874
 31
0
  0
LINE
  5
D0F
330
1A
100
AcDbEntity
  8
B.Cu
  6
CONTINUOUS
100
AcDbLine
 10
154.2470539999999914
 20
-122.8474979999999874
 30
0
 11
154.2470559999999864
 21
-122.8475009999999941
 31
0
  0
LINE
  5
D10
330
1A
100
AcDbEntity
  8
B.Cu
  6
CONTINUOUS
100
AcDbLine
 10
154.2470559999999864
 20
-122.8475009999999941
 30
0
 11
154.3631210000000067
 21
-123.007251999999994
 31
0
  0
LINE
  5
D11
330
1A
100
AcDbEntity
  8
B.Cu
  6
CONTINUOUS
100
AcDbLine
 10
154.3631210000000067
 20
-123.007251999999994
 30
0
 11
154.5027479999999969
 21
-123.1468789999999984
 31
0
  0
LINE
  5
D12
330
1A
100
AcDbEntity
  8
B.Cu
  6
CONTINUOUS
100
AcDbLine
 10
154.5027479999999969
 20
-123.1468789999999984
 30
0
 11
154.656456999999989
 21
-123.2585539999999895
 31
0
  0
LINE
  5
D13
330
1A
100
AcDbEntity
  8
B.Cu
  6
CONTINUOUS
100
AcDbLine
 10
154.656456999999989
 20
-123.2585539999999895
 30
0
 11
154.7224060000000065
 21
-123.3298969999999883
 31
0
  0
LINE
  5
D14
330
1A
100
AcDbEntity
  8
B.Cu
  6
CONTINUOUS
100
AcDbLine
 10
154.7224060000000065
 20
-123.3298969999999883
 30
0
 11
154.7560330000000022
 21
-123.4210470000000015
 31
0
  0
LINE
  5
D15
330
1A
100
AcDbEntity
  8
B.Cu
  6
CONTINUOUS
100
AcDbLine
 10
154.7560330000000022
 20
-123.4210470000000015
 30
0
 11
154.7522189999999966
 21
-123.5181269999999927
 31
0
  0
LINE
  5
D16
330
1A
100
AcDbEntity
  8
B.Cu
  6
CONTINUOUS
100
AcDbLine
 10
154.7522189999999966
 20
-123.5181269999999927
 30
0
 11
154.711545000000001
 21
-123.6063580000000002
 31
0
  0
LINE
  5
D17
330
1A
100
AcDbEntity
  8
B.Cu
  6
CONTINUOUS
100
AcDbLine
 10
154.711545000000001
 20
-123.6063580000000002
 30
0
 11
154.656456999999989
 21
-123.661445999999998
 31
0
  0
LINE
  5
D18
330
1A
100
AcDbEntity
  8
B.Cu
  6
CONTINUOUS
100
AcDbLine
 10
154.656456999999989
 20
-123.661445999999998
 30
0
 11
154.5027460000000019
 21
-123.7731220000000008
 31
0
  0
LINE
  5
D19
330
1A
100
AcDbEntity
  8
B.Cu
  6
CONTINUOUS
100
AcDbLine
 10
154.5027460000000019
 20
-123.7731220000000008
 30
0
 11
154.3631220000000042
 21
-123.9127459999999985
 31
0
  0
LINE
  5
D1A
330
1A
100
AcDbEntity
  8
B.Cu
  6
CONTINUOUS
100
AcDbLine
 10
154.3631220000000042
 20
-123.9127459999999985
 30
0
 11
154.2470549999999889
 21
-124.0724999999999909
 31
0
  0
LINE
  5
D1B
330
1A
100
AcDbEntity
  8
B.Cu
  6
CONTINUOUS
100
AcDbLine
 10
154.2470549999999889
 20
-124.0724999999999909
 30
0
 11
154.247052999999994
 21
-124.0725020000000001
 31
0
  0
LINE
  5
D1C
330
1A
100
AcDbEntity
  8
B.Cu
  6
CONTINUOUS
100
AcDbLine
 10
154.247052999999994
 20
-124.0725020000000001
 30
0
 11
154.1574080000000038
 21
-124.2484389999999905
 31
0
  0
LINE
  5
D1D
330
1A
100
AcDbEntity
  8
B.Cu
  6
CONTINUOUS
100
AcDbLine
 10
154.1574080000000038
 20
-124.2484389999999905
 30
0
 11
154.1574070000000063
 21
-124.2484429999999946
 31
0
  0
LINE
  5
D1E
330
1A
100
AcDbEntity
  8
B.Cu
  6
CONTINUOUS
100
AcDbLine
 10
154.1574070000000063
 20
-124.2484429999999946
 30
0
 11
154.0963889999999878
 21
-124.4362390000000005
 31
0
  0
LINE
  5
D1F
330
1A
100
AcDbEntity
  8
B.Cu
  6
CONTINUOUS
100
AcDbLine
 10
154.0963889999999878
 20
-124.4362390000000005
 30
0
 11
154.0655009999999834
 21
-124.6312579999999883
 31
0
  0
LINE
  5
D20
330
1A
100
AcDbEntity
  8
B.Cu
  6
CONTINUOUS
100
AcDbLine
 10
154.0655009999999834
 20
-124.6312579999999883
 30
0
 11
154.0654999999999859
 21
-124.6312729999999931
 31
0
  0
LINE
  5
D21
330
1A
100
AcDbEntity
  8
B.Cu
  6
CONTINUOUS
100
AcDbLine
 10
154.0654999999999859
 20
-124.6312729999999931
 30
0
 11
154.0654999999999859
 21
-124.828725999999989
 31
0
  0
LINE
  5
D22
330
1A
100
AcDbEntity
  8
B.Cu
  6
CONTINUOUS
100
AcDbLine
 10
154.0654999999999859
 20
-124.828725999999989
 30
0
 11
154.0655009999999834
 21
-124.8287409999999937
 31
0
  0
LINE
  5
D23
330
1A
100
AcDbEntity
  8
B.Cu
  6
CONTINUOUS
100
AcDbLine
 10
154.0655009999999834
 20
-124.8287409999999937
 30
0
 11
154.0963889999999878
 21
-125.0237599999999958
 31
0
  0
LINE
  5
D24
330
1A
100
AcDbEntity
  8
B.Cu
  6
CONTINUOUS
100
AcDbLine
 10
154.0963889999999878
 20
-125.0237599999999958
 30
0
 11
154.1574070000000063
 21
-125.2115559999999874
 31
0
  0
LINE
  5
D25
330
1A
100
AcDbEntity
  8
B.Cu
  6
CONTINUOUS
100
AcDbLine
 10
154.1574070000000063
 20
-125.2115559999999874
 30
0
 11
154.1574080000000038
 21
-125.2115599999999915
 31
0
  0
LINE
  5
D26
330
1A
100
AcDbEntity
  8
B.Cu
  6
CONTINUOUS
100
AcDbLine
 10
154.1574080000000038
 20
-125.2115599999999915
 30
0
 11
154.247052999999994
 21
-125.3874969999999962
 31
0
  0
LINE
  5
D27
330
1A
100
AcDbEntity
  8
B.Cu
  6
CONTINUOUS
100
AcDbLine
 10
154.247052999999994
 20
-125.3874969999999962
 30
0
 11
154.2470539999999914
 21
-125.3874979999999937
 31
0
  0
LINE
  5
D28
330
1A
100
AcDbEntity
  8
B.Cu
  6
CONTINUOUS
100
AcDbLine
 10
154.2470539999999914
 20
-125.3874979999999937
 30
0
 11
154.2470559999999864
 21
-125.3875010000000003
 31
0
  0
LINE
  5
D29
330
1A
100
AcDbEntity
  8
B.Cu
  6
CONTINUOUS
100
AcDbLine
 10
154.2470559999999864
 20
-125.3875010000000003
 30
0
 11
154.3631210000000067
 21
-125.5472520000000003
 31
0
  0
LINE
  5
D2A
330
1A
100
AcDbEntity
  8
B.Cu
  6
CONTINUOUS
100
AcDbLine
 10
154.3631210000000067
 20
-125.5472520000000003
 30
0
 11
154.5027479999999969
 21
-125.6868789999999905
 31
0
  0
LINE
  5
D2B
330
1A
100
AcDbEntity
  8
B.Cu
  6
CONTINUOUS
100
AcDbLine
 10
154.5027479999999969
 20
-125.6868789999999905
 30
0
 11
154.656456999999989
 21
-125.7985539999999958
 31
0
  0
LINE
  5
D2C
330
1A
100
AcDbEntity
  8
B.Cu
  6
CONTINUOUS
100
AcDbLine
 10
154.656456999999989
 20
-125.7985539999999958
 30
0
 11
154.7224060000000065
 21
-125.8698969999999946
 31
0
  0
LINE
  5
D2D
330
1A
100
AcDbEntity
  8
B.Cu
  6
CONTINUOUS
100
AcDbLine
 10
154.7224060000000065
 20
-125.8698969999999946
 30
0
 11
154.7560330000000022
 21
-125.9610469999999935
 31
0
  0
LINE
  5
D2E
330
1A
100
AcDbEntity
  8
B.Cu
  6
CONTINUOUS
100
AcDbLine
 10
154.7560330000000022
 20
-125.9610469999999935
 30
0
 11
154.7522189999999966
 21
-126.0581269999999989
 31
0
  0
LINE
  5
D2F
330
1A
100
AcDbEntity
  8
B.Cu
  6
CONTINUOUS
100
AcDbLine
 10
154.7522189999999966
 20
-126.0581269999999989
 30
0
 11
154.711545000000001
 21
-126.1463579999999922
 31
0
  0
LINE
  5
D30
330
1A
100
AcDbEntity
  8
B.Cu
  6
CONTINUOUS
100
AcDbLine
 10
154.711545000000001
 20
-126.1463579999999922
 30
0
 11
154.656456999999989
 21
-126.20144599999999
 31
0
  0
LINE
  5
D31
330
1A
100
AcDbEntity
  8
B.Cu
  6
CONTINUOUS
100
AcDbLine
 10
154.656456999999989
 20
-126.20144599999999
 30
0
 11
154.5027460000000019
 21
-126.3131219999999928
 31
0
  0
LINE
  5
D32
330
1A
100
AcDbEntity
  8
B.Cu
  6
CONTINUOUS
100
AcDbLine
 10
154.5027460000000019
 20
-126.3131219999999928
 30
0
 11
154.3631220000000042
 21
-126.4527459999999905
 31
0
  0
LINE
  5
D33
330
1A
100
AcDbEntity
  8
B.Cu
  6
CONTINUOUS
100
AcDbLine
 10
154.3631220000000042
 20
-126.4527459999999905
 30
0
 11
154.2470549999999889
 21
-126.6124999999999972
 31
0
  0
LINE
  5
D34
330
1A
100
AcDbEntity
  8
B.Cu
  6
CONTINUOUS
100
AcDbLine
 10
154.2470549999999889
 20
-126.6124999999999972
 30
0
 11
154.247052999999994
 21
-126.6125019999999921
 31
0
  0
LINE
  5
D35
330
1A
100
AcDbEntity
  8
B.Cu
  6
CONTINUOUS
100
AcDbLine
 10
154.247052999999994
 20
-126.6125019999999921
 30
0
 11
154.1574080000000038
 21
-126.7884389999999968
 31
0
  0
LINE
  5
D36
330
1A
100
AcDbEntity
  8
B.Cu
  6
CONTINUOUS
100
AcDbLine
 10
154.1574080000000038
 20
-126.7884389999999968
 30
0
 11
154.1574070000000063
 21
-126.7884430000000009
 31
0
  0
LINE
  5
D37
330
1A
100
AcDbEntity
  8
B.Cu
  6
CONTINUOUS
100
AcDbLine
 10
154.1574070000000063
 20
-126.7884430000000009
 30
0
 11
154.0963889999999878
 21
-126.9762389999999925
 31
0
  0
LINE
  5
D38
330
1A
100
AcDbEntity
  8
B.Cu
  6
CONTINUOUS
100
AcDbLine
 10
154.0963889999999878
 20
-126.9762389999999925
 30
0
 11
154.0655009999999834
 21
-127.1712579999999946
 31
0
  0
LINE
  5
D39
330
1A
100
AcDbEntity
  8
B.Cu
  6
CONTINUOUS
100
AcDbLine
 10
154.0655009999999834
 20
-127.1712579999999946
 30
0
 11
154.0654999999999859
 21
-127.1712729999999993
 31
0
  0
LINE
  5
D3A
330
1A
100
AcDbEntity
  8
B.Cu
  6
CONTINUOUS
100
AcDbLine
 10
154.0654999999999859
 20
-127.1712729999999993
 30
0
 11
154.0654999999999859
 21
-127.3687259999999952
 31
0
  0
LINE
  5
D3B
330
1A
100
AcDbEntity
  8
B.Cu
  6
CONTINUOUS
100
AcDbLine
 10
154.0654999999999859
 20
-127.3687259999999952
 30
0
 11
154.0655009999999834
 21
-127.368741
 31
0
  0
LINE
  5
D3C
330
1A
100
AcDbEntity
  8
B.Cu
  6
CONTINUOUS
100
AcDbLine
 10
154.0655009999999834
 20
-127.368741
 30
0
 11
154.0963889999999878
 21
-127.5637599999999878
 31
0
  0
LINE
  5
D3D
330
1A
100
AcDbEntity
  8
B.Cu
  6
CONTINUOUS
100
AcDbLine
 10
154.0963889999999878
 20
-127.5637599999999878
 30
0
 11
154.1574070000000063
 21
-127.7515559999999937
 31
0
  0
LINE
  5
D3E
330
1A
100
AcDbEntity
  8
B.Cu
  6
CONTINUOUS
100
AcDbLine
 10
154.1574070000000063
 20
-127.7515559999999937
 30
0
 11
154.1574080000000038
 21
-127.7515599999999978
 31
0
  0
LINE
  5
D3F
330
1A
100
AcDbEntity
  8
B.Cu
  6
CONTINUOUS
100
AcDbLine
 10
154.1574080000000038
 20
-127.7515599999999978
 30
0
 11
154.247052999999994
 21
-127.9274969999999882
 31
0
  0
LINE
  5
D40
330
1A
100
AcDbEntity
  8
B.Cu
  6
CONTINUOUS
100
AcDbLine
 10
154.247052999999994
 20
-127.9274969999999882
 30
0
 11
154.2470539999999914
 21
-127.9274979999999999
 31
0
  0
LINE
  5
D41
330
1A
100
AcDbEntity
  8
B.Cu
  6
CONTINUOUS
100
AcDbLine
 10
154.2470539999999914
 20
-127.9274979999999999
 30
0
 11
154.2470559999999864
 21
-127.9275009999999924
 31
0
  0
LINE
  5
D42
330
1A
100
AcDbEntity
  8
B.Cu
  6
CONTINUOUS
100
AcDbLine
 10
154.2470559999999864
 20
-127.9275009999999924
 30
0
 11
154.3631210000000067
 21
-128.0872520000000065
 31
0
  0
LINE
  5
D43
330
1A
100
AcDbEntity
  8
B.Cu
  6
CONTINUOUS
100
AcDbLine
 10
154.3631210000000067
 20
-128.0872520000000065
 30
0
 11
154.5027479999999969
 21
-128.2268789999999967
 31
0
  0
LINE
  5
D44
330
1A
100
AcDbEntity
  8
B.Cu
  6
CONTINUOUS
100
AcDbLine
 10
154.5027479999999969
 20
-128.2268789999999967
 30
0
 11
154.6286360000000002
 21
-128.3183410000000038
 31
0
  0
LINE
  5
D45
330
1A
100
AcDbEntity
  8
B.Cu
  6
CONTINUOUS
100
AcDbLine
 10
154.6286360000000002
 20
-128.3183410000000038
 30
0
 11
154.656456999999989
 21
-128.3385539999999878
 31
0
  0
LINE
  5
D46
330
1A
100
AcDbEntity
  8
B.Cu
  6
CONTINUOUS
100
AcDbLine
 10
154.656456999999989
 20
-128.3385539999999878
 30
0
 11
154.7224060000000065
 21
-128.4098970000000008
 31
0
  0
LINE
  5
D47
330
1A
100
AcDbEntity
  8
B.Cu
  6
CONTINUOUS
100
AcDbLine
 10
154.7224060000000065
 20
-128.4098970000000008
 30
0
 11
154.7560330000000022
 21
-128.5010469999999998
 31
0
  0
LINE
  5
D48
330
1A
100
AcDbEntity
  8
B.Cu
  6
CONTINUOUS
100
AcDbLine
 10
154.7560330000000022
 20
-128.5010469999999998
 30
0
 11
154.7522189999999966
 21
-128.5981270000000052
 31
0
  0
LINE
  5
D49
330
1A
100
AcDbEntity
  8
B.Cu
  6
CONTINUOUS
100
AcDbLine
 10
154.7522189999999966
 20
-128.5981270000000052
 30
0
 11
154.711545000000001
 21
-128.6863579999999843
 31
0
  0
LINE
  5
D4A
330
1A
100
AcDbEntity
  8
B.Cu
  6
CONTINUOUS
100
AcDbLine
 10
154.711545000000001
 20
-128.6863579999999843
 30
0
 11
154.656456999999989
 21
-128.7414459999999963
 31
0
  0
LINE
  5
D4B
330
1A
100
AcDbEntity
  8
B.Cu
  6
CONTINUOUS
100
AcDbLine
 10
154.656456999999989
 20
-128.7414459999999963
 30
0
 11
154.5027460000000019
 21
-128.8531219999999848
 31
0
  0
LINE
  5
D4C
330
1A
100
AcDbEntity
  8
B.Cu
  6
CONTINUOUS
100
AcDbLine
 10
154.5027460000000019
 20
-128.8531219999999848
 30
0
 11
154.3631220000000042
 21
-128.9927459999999826
 31
0
  0
LINE
  5
D4D
330
1A
100
AcDbEntity
  8
B.Cu
  6
CONTINUOUS
100
AcDbLine
 10
154.3631220000000042
 20
-128.9927459999999826
 30
0
 11
154.2470549999999889
 21
-129.1525000000000034
 31
0
  0
LINE
  5
D4E
330
1A
100
AcDbEntity
  8
B.Cu
  6
CONTINUOUS
100
AcDbLine
 10
154.2470549999999889
 20
-129.1525000000000034
 30
0
 11
154.247052999999994
 21
-129.1525019999999984
 31
0
  0
LINE
  5
D4F
330
1A
100
AcDbEntity
  8
B.Cu
  6
CONTINUOUS
100
AcDbLine
 10
154.247052999999994
 20
-129.1525019999999984
 30
0
 11
154.1574080000000038
 21
-129.328439000000003
 31
0
  0
LINE
  5
D50
330
1A
100
AcDbEntity
  8
B.Cu
  6
CONTINUOUS
100
AcDbLine
 10
154.1574080000000038
 20
-129.328439000000003
 30
0
 11
154.1574070000000063
 21
-129.3284429999999929
 31
0
  0
LINE
  5
D51
330
1A
100
AcDbEntity
  8
B.Cu
  6
CONTINUOUS
100
AcDbLine
 10
154.1574070000000063
 20
-129.3284429999999929
 30
0
 11
154.0963889999999878
 21
-129.5162389999999846
 31
0
  0
LINE
  5
D52
330
1A
100
AcDbEntity
  8
B.Cu
  6
CONTINUOUS
100
AcDbLine
 10
154.0963889999999878
 20
-129.5162389999999846
 30
0
 11
154.0655009999999834
 21
-129.7112579999999866
 31
0
  0
LINE
  5
D53
330
1A
100
AcDbEntity
  8
B.Cu
  6
CONTINUOUS
100
AcDbLine
 10
154.0655009999999834
 20
-129.7112579999999866
 30
0
 11
154.0654999999999859
 21
-129.7112730000000056
 31
0
  0
LINE
  5
D54
330
1A
100
AcDbEntity
  8
B.Cu
  6
CONTINUOUS
100
AcDbLine
 10
154.0654999999999859
 20
-129.7112730000000056
 30
0
 11
154.0654999999999859
 21
-129.9087260000000015
 31
0
  0
LINE
  5
D55
330
1A
100
AcDbEntity
  8
B.Cu
  6
CONTINUOUS
100
AcDbLine
 10
154.0654999999999859
 20
-129.9087260000000015
 30
0
 11
154.0655009999999834
 21
-129.908740999999992
 31
0
  0
LINE
  5
D56
330
1A
100
AcDbEntity
  8
B.Cu
  6
CONTINUOUS
100
AcDbLine
 10
154.0655009999999834
 20
-129.908740999999992
 30
0
 11
154.0963889999999878
 21
-130.1037599999999941
 31
0
  0
LINE
  5
D57
330
1A
100
AcDbEntity
  8
B.Cu
  6
CONTINUOUS
100
AcDbLine
 10
154.0963889999999878
 20
-130.1037599999999941
 30
0
 11
154.1574070000000063
 21
-130.2915559999999857
 31
0
  0
LINE
  5
D58
330
1A
100
AcDbEntity
  8
B.Cu
  6
CONTINUOUS
100
AcDbLine
 10
154.1574070000000063
 20
-130.2915559999999857
 30
0
 11
154.1574080000000038
 21
-130.291560000000004
 31
0
  0
LINE
  5
D59
330
1A
100
AcDbEntity
  8
B.Cu
  6
CONTINUOUS
100
AcDbLine
 10
154.1574080000000038
 20
-130.291560000000004
 30
0
 11
154.247052999999994
 21
-130.4674969999999803
 31
0
  0
LINE
  5
D5A
330
1A
100
AcDbEntity
  8
B.Cu
  6
CONTINUOUS
100
AcDbLine
 10
154.247052999999994
 20
-130.4674969999999803
 30
0
 11
154.2470539999999914
 21
-130.4674980000000062
 31
0
  0
LINE
  5
D5B
330
1A
100
AcDbEntity
  8
B.Cu
  6
CONTINUOUS
100
AcDbLine
 10
154.2470539999999914
 20
-130.4674980000000062
 30
0
 11
154.2470559999999864
 21
-130.4675009999999986
 31
0
  0
LINE
  5
D5C
330
1A
100
AcDbEntity
  8
B.Cu
  6
CONTINUOUS
100
AcDbLine
 10
154.2470559999999864
 20
-130.4675009999999986
 30
0
 11
154.3631210000000067
 21
-130.6272519999999986
 31
0
  0
LINE
  5
D5D
330
1A
100
AcDbEntity
  8
B.Cu
  6
CONTINUOUS
100
AcDbLine
 10
154.3631210000000067
 20
-130.6272519999999986
 30
0
 11
154.5027479999999969
 21
-130.7668789999999888
 31
0
  0
LINE
  5
D5E
330
1A
100
AcDbEntity
  8
B.Cu
  6
CONTINUOUS
100
AcDbLine
 10
154.5027479999999969
 20
-130.7668789999999888
 30
0
 11
154.6624989999999968
 21
-130.8829439999999806
 31
0
  0
LINE
  5
D5F
330
1A
100
AcDbEntity
  8
B.Cu
  6
CONTINUOUS
100
AcDbLine
 10
154.6624989999999968
 20
-130.8829439999999806
 30
0
 11
154.6625009999999918
 21
-130.8829450000000065
 31
0
  0
LINE
  5
D60
330
1A
100
AcDbEntity
  8
B.Cu
  6
CONTINUOUS
100
AcDbLine
 10
154.6625009999999918
 20
-130.8829450000000065
 30
0
 11
154.6625019999999893
 21
-130.882946000000004
 31
0
  0
LINE
  5
D61
330
1A
100
AcDbEntity
  8
B.Cu
  6
CONTINUOUS
100
AcDbLine
 10
154.6625019999999893
 20
-130.882946000000004
 30
0
 11
154.8029669999999953
 21
-130.9545169999999814
 31
0
  0
LINE
  5
D62
330
1A
100
AcDbEntity
  8
B.Cu
  6
CONTINUOUS
100
AcDbLine
 10
154.8029669999999953
 20
-130.9545169999999814
 30
0
 11
154.8384389999999939
 21
-130.9725909999999942
 31
0
  0
LINE
  5
D63
330
1A
100
AcDbEntity
  8
B.Cu
  6
CONTINUOUS
100
AcDbLine
 10
154.8384389999999939
 20
-130.9725909999999942
 30
0
 11
155.0262369999999805
 21
-131.0336099999999817
 31
0
  0
LINE
  5
D64
330
1A
100
AcDbEntity
  8
B.Cu
  6
CONTINUOUS
100
AcDbLine
 10
155.0262369999999805
 20
-131.0336099999999817
 30
0
 11
155.2212690000000066
 21
-131.0644999999999811
 31
0
  0
LINE
  5
D65
330
1A
100
AcDbEntity
  8
B.Cu
  6
CONTINUOUS
100
AcDbLine
 10
155.2212690000000066
 20
-131.0644999999999811
 30
0
 11
155.2212729999999965
 21
-131.0644999999999811
 31
0
  0
LINE
  5
D66
330
1A
100
AcDbEntity
  8
B.Cu
  6
CONTINUOUS
100
AcDbLine
 10
155.2212729999999965
 20
-131.0644999999999811
 30
0
 11
155.4187269999999899
 21
-131.0644999999999811
 31
0
  0
LINE
  5
D67
330
1A
100
AcDbEntity
  8
B.Cu
  6
CONTINUOUS
100
AcDbLine
 10
155.4187269999999899
 20
-131.0644999999999811
 30
0
 11
155.4187309999999798
 21
-131.0644999999999811
 31
0
  0
LINE
  5
D68
330
1A
100
AcDbEntity
  8
B.Cu
  6
CONTINUOUS
100
AcDbLine
 10
155.4187309999999798
 20
-131.0644999999999811
 30
0
 11
155.6137630000000058
 21
-131.0336099999999817
 31
0
  0
LINE
  5
D69
330
1A
100
AcDbEntity
  8
B.Cu
  6
CONTINUOUS
100
AcDbLine
 10
155.6137630000000058
 20
-131.0336099999999817
 30
0
 11
155.8015609999999924
 21
-130.9725909999999942
 31
0
  0
LINE
  5
D6A
330
1A
100
AcDbEntity
  8
B.Cu
  6
CONTINUOUS
100
AcDbLine
 10
155.8015609999999924
 20
-130.9725909999999942
 30
0
 11
155.9775009999999895
 21
-130.8829439999999806
 31
0
  0
LINE
  5
D6B
330
1A
100
AcDbEntity
  8
B.Cu
  6
CONTINUOUS
100
AcDbLine
 10
155.9775009999999895
 20
-130.8829439999999806
 30
0
 11
156.1372519999999895
 21
-130.7668789999999888
 31
0
  0
LINE
  5
D6C
330
1A
100
AcDbEntity
  8
B.Cu
  6
CONTINUOUS
100
AcDbLine
 10
156.1372519999999895
 20
-130.7668789999999888
 30
0
 11
156.2768789999999797
 21
-130.6272519999999986
 31
0
  0
LINE
  5
D6D
330
1A
100
AcDbEntity
  8
B.Cu
  6
CONTINUOUS
100
AcDbLine
 10
156.2768789999999797
 20
-130.6272519999999986
 30
0
 11
156.392944
 21
-130.4675009999999986
 31
0
  0
LINE
  5
D6E
330
1A
100
AcDbEntity
  8
B.Cu
  6
CONTINUOUS
100
AcDbLine
 10
156.392944
 20
-130.4675009999999986
 30
0
 11
156.4825909999999851
 21
-130.2915610000000015
 31
0
  0
LINE
  5
D6F
330
1A
100
AcDbEntity
  8
B.Cu
  6
CONTINUOUS
100
AcDbLine
 10
156.4825909999999851
 20
-130.2915610000000015
 30
0
 11
156.543610000000001
 21
-130.1037629999999865
 31
0
  0
LINE
  5
D70
330
1A
100
AcDbEntity
  8
B.Cu
  6
CONTINUOUS
100
AcDbLine
 10
156.543610000000001
 20
-130.1037629999999865
 30
0
 11
156.5745000000000005
 21
-129.9087309999999889
 31
0
  0
LINE
  5
D71
330
1A
100
AcDbEntity
  8
B.Cu
  6
CONTINUOUS
100
AcDbLine
 10
156.5745000000000005
 20
-129.9087309999999889
 30
0
 11
156.5745000000000005
 21
-129.7112689999999873
 31
0
  0
LINE
  5
D72
330
1A
100
AcDbEntity
  8
B.Cu
  6
CONTINUOUS
100
AcDbLine
 10
156.5745000000000005
 20
-129.7112689999999873
 30
0
 11
156.543610000000001
 21
-129.5162369999999896
 31
0
  0
LINE
  5
D73
330
1A
100
AcDbEntity
  8
B.Cu
  6
CONTINUOUS
100
AcDbLine
 10
156.543610000000001
 20
-129.5162369999999896
 30
0
 11
156.4825909999999851
 21
-129.328439000000003
 31
0
  0
LINE
  5
D74
330
1A
100
AcDbEntity
  8
B.Cu
  6
CONTINUOUS
100
AcDbLine
 10
156.4825909999999851
 20
-129.328439000000003
 30
0
 11
156.3929459999999949
 21
-129.1525019999999984
 31
0
  0
LINE
  5
D75
330
1A
100
AcDbEntity
  8
B.Cu
  6
CONTINUOUS
100
AcDbLine
 10
156.3929459999999949
 20
-129.1525019999999984
 30
0
 11
156.3929449999999974
 21
-129.1525010000000009
 31
0
  0
LINE
  5
D76
330
1A
100
AcDbEntity
  8
B.Cu
  6
CONTINUOUS
100
AcDbLine
 10
156.3929449999999974
 20
-129.1525010000000009
 30
0
 11
156.392944
 21
-129.1524990000000059
 31
0
  0
LINE
  5
D77
330
1A
100
AcDbEntity
  8
B.Cu
  6
CONTINUOUS
100
AcDbLine
 10
156.392944
 20
-129.1524990000000059
 30
0
 11
156.2768789999999797
 21
-128.992748000000006
 31
0
  0
LINE
  5
D78
330
1A
100
AcDbEntity
  8
B.Cu
  6
CONTINUOUS
100
AcDbLine
 10
156.2768789999999797
 20
-128.992748000000006
 30
0
 11
156.1372519999999895
 21
-128.8531209999999874
 31
0
  0
LINE
  5
D79
330
1A
100
AcDbEntity
  8
B.Cu
  6
CONTINUOUS
100
AcDbLine
 10
156.1372519999999895
 20
-128.8531209999999874
 30
0
 11
156.1372499999999945
 21
-128.8531189999999924
 31
0
  0
LINE
  5
D7A
330
1A
100
AcDbEntity
  8
B.Cu
  6
CONTINUOUS
100
AcDbLine
 10
156.1372499999999945
 20
-128.8531189999999924
 30
0
 11
155.9835429999999974
 21
-128.7414459999999963
 31
0
  0
LINE
  5
D7B
330
1A
100
AcDbEntity
  8
B.Cu
  6
CONTINUOUS
100
AcDbLine
 10
155.9835429999999974
 20
-128.7414459999999963
 30
0
 11
155.9570799999999906
 21
-128.7128189999999961
 31
0
  0
LINE
  5
D7C
330
1A
100
AcDbEntity
  8
B.Cu
  6
CONTINUOUS
100
AcDbLine
 10
155.9570799999999906
 20
-128.7128189999999961
 30
0
 11
155.9284539999999879
 21
-128.6863569999999868
 31
0
  0
LINE
  5
D7D
330
1A
100
AcDbEntity
  8
B.Cu
  6
CONTINUOUS
100
AcDbLine
 10
155.9284539999999879
 20
-128.6863569999999868
 30
0
 11
155.9243109999999888
 21
-128.6773699999999963
 31
0
  0
LINE
  5
D7E
330
1A
100
AcDbEntity
  8
B.Cu
  6
CONTINUOUS
100
AcDbLine
 10
155.9243109999999888
 20
-128.6773699999999963
 30
0
 11
155.9175929999999823
 21
-128.6701029999999832
 31
0
  0
LINE
  5
D7F
330
1A
100
AcDbEntity
  8
B.Cu
  6
CONTINUOUS
100
AcDbLine
 10
155.9175929999999823
 20
-128.6701029999999832
 30
0
 11
155.9040999999999997
 21
-128.6335289999999816
 31
0
  0
LINE
  5
D80
330
1A
100
AcDbEntity
  8
B.Cu
  6
CONTINUOUS
100
AcDbLine
 10
155.9040999999999997
 20
-128.6335289999999816
 30
0
 11
155.8877789999999948
 21
-128.5981260000000077
 31
0
  0
LINE
  5
D81
330
1A
100
AcDbEntity
  8
B.Cu
  6
CONTINUOUS
100
AcDbLine
 10
155.8877789999999948
 20
-128.5981260000000077
 30
0
 11
155.8873899999999821
 21
-128.5882359999999949
 31
0
  0
LINE
  5
D82
330
1A
100
AcDbEntity
  8
B.Cu
  6
CONTINUOUS
100
AcDbLine
 10
155.8873899999999821
 20
-128.5882359999999949
 30
0
 11
155.8839659999999867
 21
-128.5789539999999818
 31
0
  0
LINE
  5
D83
330
1A
100
AcDbEntity
  8
B.Cu
  6
CONTINUOUS
100
AcDbLine
 10
155.8839659999999867
 20
-128.5789539999999818
 30
0
 11
155.8854959999999892
 21
-128.5400050000000078
 31
0
  0
LINE
  5
D84
330
1A
100
AcDbEntity
  8
B.Cu
  6
CONTINUOUS
100
AcDbLine
 10
155.8854959999999892
 20
-128.5400050000000078
 30
0
 11
155.8839659999999867
 21
-128.5010460000000023
 31
0
  0
LINE
  5
D85
330
1A
100
AcDbEntity
  8
B.Cu
  6
CONTINUOUS
100
AcDbLine
 10
155.8839659999999867
 20
-128.5010460000000023
 30
0
 11
155.8873909999999796
 21
-128.4917599999999993
 31
0
  0
LINE
  5
D86
330
1A
100
AcDbEntity
  8
B.Cu
  6
CONTINUOUS
100
AcDbLine
 10
155.8873909999999796
 20
-128.4917599999999993
 30
0
 11
155.8877799999999922
 21
-128.4818740000000048
 31
0
  0
LINE
  5
D87
330
1A
100
AcDbEntity
  8
B.Cu
  6
CONTINUOUS
100
AcDbLine
 10
155.8877799999999922
 20
-128.4818740000000048
 30
0
 11
155.8915219999999806
 21
-128.4737570000000062
 31
0
  0
LINE
  5
D88
330
1A
100
AcDbEntity
  8
B.Cu
  6
CONTINUOUS
100
AcDbLine
 10
155.8915219999999806
 20
-128.4737570000000062
 30
0
 11
155.9040990000000022
 21
-128.4464729999999975
 31
0
  0
LINE
  5
D89
330
1A
100
AcDbEntity
  8
B.Cu
  6
CONTINUOUS
100
AcDbLine
 10
155.9040990000000022
 20
-128.4464729999999975
 30
0
 11
155.9175939999999798
 21
-128.4098960000000034
 31
0
  0
LINE
  5
D8A
330
1A
100
AcDbEntity
  8
B.Cu
  6
CONTINUOUS
100
AcDbLine
 10
155.9175939999999798
 20
-128.4098960000000034
 30
0
 11
155.9243109999999888
 21
-128.4026289999999904
 31
0
  0
LINE
  5
D8B
330
1A
100
AcDbEntity
  8
B.Cu
  6
CONTINUOUS
100
AcDbLine
 10
155.9243109999999888
 20
-128.4026289999999904
 30
0
 11
155.9284539999999879
 21
-128.3936429999999973
 31
0
  0
LINE
  5
D8C
330
1A
100
AcDbEntity
  8
B.Cu
  6
CONTINUOUS
100
AcDbLine
 10
155.9284539999999879
 20
-128.3936429999999973
 30
0
 11
155.9835429999999974
 21
-128.3385539999999878
 31
0
  0
LINE
  5
D8D
330
1A
100
AcDbEntity
  8
B.Cu
  6
CONTINUOUS
100
AcDbLine
 10
155.9835429999999974
 20
-128.3385539999999878
 30
0
 11
156.0113639999999862
 21
-128.3183410000000038
 31
0
  0
LINE
  5
D8E
330
1A
100
AcDbEntity
  8
B.Cu
  6
CONTINUOUS
100
AcDbLine
 10
156.0113639999999862
 20
-128.3183410000000038
 30
0
 11
156.1372519999999895
 21
-128.2268789999999967
 31
0
  0
LINE
  5
D8F
330
1A
100
AcDbEntity
  8
B.Cu
  6
CONTINUOUS
100
AcDbLine
 10
156.1372519999999895
 20
-128.2268789999999967
 30
0
 11
156.2768789999999797
 21
-128.0872520000000065
 31
0
  0
LINE
  5
D90
330
1A
100
AcDbEntity
  8
B.Cu
  6
CONTINUOUS
100
AcDbLine
 10
156.2768789999999797
 20
-128.0872520000000065
 30
0
 11
156.392944
 21
-127.9275009999999924
 31
0
  0
LINE
  5
D91
330
1A
100
AcDbEntity
  8
B.Cu
  6
CONTINUOUS
100
AcDbLine
 10
156.392944
 20
-127.9275009999999924
 30
0
 11
156.4825909999999851
 21
-127.7515609999999953
 31
0
  0
LINE
  5
D92
330
1A
100
AcDbEntity
  8
B.Cu
  6
CONTINUOUS
100
AcDbLine
 10
156.4825909999999851
 20
-127.7515609999999953
 30
0
 11
156.543610000000001
 21
-127.5637629999999945
 31
0
  0
LINE
  5
D93
330
1A
100
AcDbEntity
  8
B.Cu
  6
CONTINUOUS
100
AcDbLine
 10
156.543610000000001
 20
-127.5637629999999945
 30
0
 11
156.5745000000000005
 21
-127.3687309999999968
 31
0
  0
LINE
  5
D94
330
1A
100
AcDbEntity
  8
B.Cu
  6
CONTINUOUS
100
AcDbLine
 10
156.5745000000000005
 20
-127.3687309999999968
 30
0
 11
156.5745000000000005
 21
-127.1712689999999952
 31
0
  0
LINE
  5
D95
330
1A
100
AcDbEntity
  8
B.Cu
  6
CONTINUOUS
100
AcDbLine
 10
156.5745000000000005
 20
-127.1712689999999952
 30
0
 11
156.543610000000001
 21
-126.9762369999999976
 31
0
  0
LINE
  5
D96
330
1A
100
AcDbEntity
  8
B.Cu
  6
CONTINUOUS
100
AcDbLine
 10
156.543610000000001
 20
-126.9762369999999976
 30
0
 11
156.4825909999999851
 21
-126.7884389999999968
 31
0
  0
LINE
  5
D97
330
1A
100
AcDbEntity
  8
B.Cu
  6
CONTINUOUS
100
AcDbLine
 10
156.4825909999999851
 20
-126.7884389999999968
 30
0
 11
156.441441999999995
 21
-126.7076809999999938
 31
0
  0
LINE
  5
D98
330
1A
100
AcDbEntity
  8
B.Cu
  6
CONTINUOUS
100
AcDbLine
 10
156.441441999999995
 20
-126.7076809999999938
 30
0
 11
156.3929459999999949
 21
-126.6125019999999921
 31
0
  0
LINE
  5
D99
330
1A
100
AcDbEntity
  8
B.Cu
  6
CONTINUOUS
100
AcDbLine
 10
156.3929459999999949
 20
-126.6125019999999921
 30
0
 11
156.3929449999999974
 21
-126.6125009999999946
 31
0
  0
LINE
  5
D9A
330
1A
100
AcDbEntity
  8
B.Cu
  6
CONTINUOUS
100
AcDbLine
 10
156.3929449999999974
 20
-126.6125009999999946
 30
0
 11
156.392944
 21
-126.6124989999999997
 31
0
  0
LINE
  5
D9B
330
1A
100
AcDbEntity
  8
B.Cu
  6
CONTINUOUS
100
AcDbLine
 10
156.392944
 20
-126.6124989999999997
 30
0
 11
156.2768789999999797
 21
-126.4527479999999997
 31
0
  0
LINE
  5
D9C
330
1A
100
AcDbEntity
  8
B.Cu
  6
CONTINUOUS
100
AcDbLine
 10
156.2768789999999797
 20
-126.4527479999999997
 30
0
 11
156.1372519999999895
 21
-126.3131209999999953
 31
0
  0
LINE
  5
D9D
330
1A
100
AcDbEntity
  8
B.Cu
  6
CONTINUOUS
100
AcDbLine
 10
156.1372519999999895
 20
-126.3131209999999953
 30
0
 11
156.1372499999999945
 21
-126.3131190000000004
 31
0
  0
LINE
  5
D9E
330
1A
100
AcDbEntity
  8
B.Cu
  6
CONTINUOUS
100
AcDbLine
 10
156.1372499999999945
 20
-126.3131190000000004
 30
0
 11
155.9835429999999974
 21
-126.20144599999999
 31
0
  0
LINE
  5
D9F
330
1A
100
AcDbEntity
  8
B.Cu
  6
CONTINUOUS
100
AcDbLine
 10
155.9835429999999974
 20
-126.20144599999999
 30
0
 11
155.9175929999999823
 21
-126.1301029999999912
 31
0
  0
LINE
  5
DA0
330
1A
100
AcDbEntity
  8
B.Cu
  6
CONTINUOUS
100
AcDbLine
 10
155.9175929999999823
 20
-126.1301029999999912
 30
0
 11
155.8839659999999867
 21
-126.0389539999999897
 31
0
  0
LINE
  5
DA1
330
1A
100
AcDbEntity
  8
B.Cu
  6
CONTINUOUS
100
AcDbLine
 10
155.8839659999999867
 20
-126.0389539999999897
 30
0
 11
155.8877799999999922
 21
-125.9418739999999985
 31
0
  0
LINE
  5
DA2
330
1A
100
AcDbEntity
  8
B.Cu
  6
CONTINUOUS
100
AcDbLine
 10
155.8877799999999922
 20
-125.9418739999999985
 30
0
 11
155.9284539999999879
 21
-125.853642999999991
 31
0
  0
LINE
  5
DA3
330
1A
100
AcDbEntity
  8
B.Cu
  6
CONTINUOUS
100
AcDbLine
 10
155.9284539999999879
 20
-125.853642999999991
 30
0
 11
155.9835429999999974
 21
-125.7985539999999958
 31
0
  0
LINE
  5
DA4
330
1A
100
AcDbEntity
  8
B.Cu
  6
CONTINUOUS
100
AcDbLine
 10
155.9835429999999974
 20
-125.7985539999999958
 30
0
 11
156.1372519999999895
 21
-125.6868789999999905
 31
0
  0
LINE
  5
DA5
330
1A
100
AcDbEntity
  8
B.Cu
  6
CONTINUOUS
100
AcDbLine
 10
156.1372519999999895
 20
-125.6868789999999905
 30
0
 11
156.2768789999999797
 21
-125.5472520000000003
 31
0
  0
LINE
  5
DA6
330
1A
100
AcDbEntity
  8
B.Cu
  6
CONTINUOUS
100
AcDbLine
 10
156.2768789999999797
 20
-125.5472520000000003
 30
0
 11
156.392944
 21
-125.3875010000000003
 31
0
  0
LINE
  5
DA7
330
1A
100
AcDbEntity
  8
B.Cu
  6
CONTINUOUS
100
AcDbLine
 10
156.392944
 20
-125.3875010000000003
 30
0
 11
156.4825909999999851
 21
-125.211560999999989
 31
0
  0
LINE
  5
DA8
330
1A
100
AcDbEntity
  8
B.Cu
  6
CONTINUOUS
100
AcDbLine
 10
156.4825909999999851
 20
-125.211560999999989
 30
0
 11
156.543610000000001
 21
-125.0237629999999882
 31
0
  0
LINE
  5
DA9
330
1A
100
AcDbEntity
  8
B.Cu
  6
CONTINUOUS
100
AcDbLine
 10
156.543610000000001
 20
-125.0237629999999882
 30
0
 11
156.5745000000000005
 21
-124.8287309999999906
 31
0
  0
LINE
  5
DAA
330
1A
100
AcDbEntity
  8
B.Cu
  6
CONTINUOUS
100
AcDbLine
 10
156.5745000000000005
 20
-124.8287309999999906
 30
0
 11
156.5745000000000005
 21
-124.631268999999989
 31
0
  0
LINE
  5
DAB
330
1A
100
AcDbEntity
  8
B.Cu
  6
CONTINUOUS
100
AcDbLine
 10
156.5745000000000005
 20
-124.631268999999989
 30
0
 11
156.543610000000001
 21
-124.4362369999999913
 31
0
  0
LINE
  5
DAC
330
1A
100
AcDbEntity
  8
B.Cu
  6
CONTINUOUS
100
AcDbLine
 10
156.543610000000001
 20
-124.4362369999999913
 30
0
 11
156.4825909999999851
 21
-124.2484389999999905
 31
0
  0
LINE
  5
DAD
330
1A
100
AcDbEntity
  8
B.Cu
  6
CONTINUOUS
100
AcDbLine
 10
156.4825909999999851
 20
-124.2484389999999905
 30
0
 11
156.3929459999999949
 21
-124.0725020000000001
 31
0
  0
LINE
  5
DAE
330
1A
100
AcDbEntity
  8
B.Cu
  6
CONTINUOUS
100
AcDbLine
 10
156.3929459999999949
 20
-124.0725020000000001
 30
0
 11
156.3929449999999974
 21
-124.0725009999999884
 31
0
  0
LINE
  5
DAF
330
1A
100
AcDbEntity
  8
B.Cu
  6
CONTINUOUS
100
AcDbLine
 10
156.3929449999999974
 20
-124.0725009999999884
 30
0
 11
156.392944
 21
-124.0724989999999934
 31
0
  0
LINE
  5
DB0
330
1A
100
AcDbEntity
  8
B.Cu
  6
CONTINUOUS
100
AcDbLine
 10
156.392944
 20
-124.0724989999999934
 30
0
 11
156.2768789999999797
 21
-123.9127479999999935
 31
0
  0
LINE
  5
DB1
330
1A
100
AcDbEntity
  8
B.Cu
  6
CONTINUOUS
100
AcDbLine
 10
156.2768789999999797
 20
-123.9127479999999935
 30
0
 11
156.1372519999999895
 21
-123.7731209999999891
 31
0
  0
LINE
  5
DB2
330
1A
100
AcDbEntity
  8
B.Cu
  6
CONTINUOUS
100
AcDbLine
 10
156.1372519999999895
 20
-123.7731209999999891
 30
0
 11
156.1372499999999945
 21
-123.7731189999999941
 31
0
  0
LINE
  5
DB3
330
1A
100
AcDbEntity
  8
B.Cu
  6
CONTINUOUS
100
AcDbLine
 10
156.1372499999999945
 20
-123.7731189999999941
 30
0
 11
155.9835429999999974
 21
-123.661445999999998
 31
0
  0
LINE
  5
DB4
330
1A
100
AcDbEntity
  8
B.Cu
  6
CONTINUOUS
100
AcDbLine
 10
155.9835429999999974
 20
-123.661445999999998
 30
0
 11
155.9175929999999823
 21
-123.5901029999999992
 31
0
  0
LINE
  5
DB5
330
1A
100
AcDbEntity
  8
B.Cu
  6
CONTINUOUS
100
AcDbLine
 10
155.9175929999999823
 20
-123.5901029999999992
 30
0
 11
155.8839659999999867
 21
-123.4989539999999977
 31
0
  0
LINE
  5
DB6
330
1A
100
AcDbEntity
  8
B.Cu
  6
CONTINUOUS
100
AcDbLine
 10
155.8839659999999867
 20
-123.4989539999999977
 30
0
 11
155.8877799999999922
 21
-123.4018739999999923
 31
0
  0
LINE
  5
DB7
330
1A
100
AcDbEntity
  8
B.Cu
  6
CONTINUOUS
100
AcDbLine
 10
155.8877799999999922
 20
-123.4018739999999923
 30
0
 11
155.9284539999999879
 21
-123.313642999999999
 31
0
  0
LINE
  5
DB8
330
1A
100
AcDbEntity
  8
B.Cu
  6
CONTINUOUS
100
AcDbLine
 10
155.9284539999999879
 20
-123.313642999999999
 30
0
 11
155.9835429999999974
 21
-123.2585539999999895
 31
0
  0
LINE
  5
DB9
330
1A
100
AcDbEntity
  8
B.Cu
  6
CONTINUOUS
100
AcDbLine
 10
155.9835429999999974
 20
-123.2585539999999895
 30
0
 11
156.1372519999999895
 21
-123.1468789999999984
 31
0
  0
LINE
  5
DBA
330
1A
100
AcDbEntity
  8
B.Cu
  6
CONTINUOUS
100
AcDbLine
 10
156.1372519999999895
 20
-123.1468789999999984
 30
0
 11
156.2768789999999797
 21
-123.007251999999994
 31
0
  0
LINE
  5
DBB
330
1A
100
AcDbEntity
  8
B.Cu
  6
CONTINUOUS
100
AcDbLine
 10
156.2768789999999797
 20
-123.007251999999994
 30
0
 11
156.392944
 21
-122.8475009999999941
 31
0
  0
LINE
  5
DBC
330
1A
100
AcDbEntity
  8
B.Cu
  6
CONTINUOUS
100
AcDbLine
 10
156.392944
 20
-122.8475009999999941
 30
0
 11
156.4825909999999851
 21
-122.671560999999997
 31
0
  0
LINE
  5
DBD
330
1A
100
AcDbEntity
  8
B.Cu
  6
CONTINUOUS
100
AcDbLine
 10
156.4825909999999851
 20
-122.671560999999997
 30
0
 11
156.543610000000001
 21
-122.4837629999999962
 31
0
  0
LINE
  5
DBE
330
1A
100
AcDbEntity
  8
B.Cu
  6
CONTINUOUS
100
AcDbLine
 10
156.543610000000001
 20
-122.4837629999999962
 30
0
 11
156.5745000000000005
 21
-122.2887309999999985
 31
0
  0
LINE
  5
DBF
330
1A
100
AcDbEntity
  8
B.Cu
  6
CONTINUOUS
100
AcDbLine
 10
156.5745000000000005
 20
-122.2887309999999985
 30
0
 11
156.5745000000000005
 21
-122.0912689999999969
 31
0
  0
LINE
  5
DC0
330
1A
100
AcDbEntity
  8
B.Cu
  6
CONTINUOUS
100
AcDbLine
 10
156.5745000000000005
 20
-122.0912689999999969
 30
0
 11
156.543610000000001
 21
-121.8962369999999993
 31
0
  0
LINE
  5
DC1
330
1A
100
AcDbEntity
  8
B.Cu
  6
CONTINUOUS
100
AcDbLine
 10
156.543610000000001
 20
-121.8962369999999993
 30
0
 11
156.4825909999999851
 21
-121.7084389999999985
 31
0
  0
LINE
  5
DC2
330
1A
100
AcDbEntity
  8
B.Cu
  6
CONTINUOUS
100
AcDbLine
 10
156.4825909999999851
 20
-121.7084389999999985
 30
0
 11
156.4527089999999987
 21
-121.6497929999999883
 31
0
  0
LINE
  5
DC3
330
1A
100
AcDbEntity
  8
B.Cu
  6
CONTINUOUS
100
AcDbLine
 10
156.4527089999999987
 20
-121.6497929999999883
 30
0
 11
156.3929459999999949
 21
-121.5325019999999938
 31
0
  0
LINE
  5
DC4
330
1A
100
AcDbEntity
  8
B.Cu
  6
CONTINUOUS
100
AcDbLine
 10
156.3929459999999949
 20
-121.5325019999999938
 30
0
 11
156.3929449999999974
 21
-121.5325009999999963
 31
0
  0
LINE
  5
DC5
330
1A
100
AcDbEntity
  8
B.Cu
  6
CONTINUOUS
100
AcDbLine
 10
156.3929449999999974
 20
-121.5325009999999963
 30
0
 11
156.392944
 21
-121.5324990000000014
 31
0
  0
LINE
  5
DC6
330
1A
100
AcDbEntity
  8
B.Cu
  6
CONTINUOUS
100
AcDbLine
 10
156.392944
 20
-121.5324990000000014
 30
0
 11
156.2768789999999797
 21
-121.3727480000000014
 31
0
  0
LINE
  5
DC7
330
1A
100
AcDbEntity
  8
B.Cu
  6
CONTINUOUS
100
AcDbLine
 10
156.2768789999999797
 20
-121.3727480000000014
 30
0
 11
156.1372519999999895
 21
-121.233120999999997
 31
0
  0
LINE
  5
DC8
330
1A
100
AcDbEntity
  8
B.Cu
  6
CONTINUOUS
100
AcDbLine
 10
156.1372519999999895
 20
-121.233120999999997
 30
0
 11
156.1372499999999945
 21
-121.2331189999999879
 31
0
  0
LINE
  5
DC9
330
1A
100
AcDbEntity
  8
B.Cu
  6
CONTINUOUS
100
AcDbLine
 10
156.1372499999999945
 20
-121.2331189999999879
 30
0
 11
155.9835429999999974
 21
-121.1214459999999917
 31
0
  0
LINE
  5
DCA
330
1A
100
AcDbEntity
  8
B.Cu
  6
CONTINUOUS
100
AcDbLine
 10
155.9835429999999974
 20
-121.1214459999999917
 30
0
 11
155.9175929999999823
 21
-121.0501029999999929
 31
0
  0
LINE
  5
DCB
330
1A
100
AcDbEntity
  8
B.Cu
  6
CONTINUOUS
100
AcDbLine
 10
155.9175929999999823
 20
-121.0501029999999929
 30
0
 11
155.8839659999999867
 21
-120.9589539999999914
 31
0
  0
LINE
  5
DCC
330
1A
100
AcDbEntity
  8
B.Cu
  6
CONTINUOUS
100
AcDbLine
 10
155.8839659999999867
 20
-120.9589539999999914
 30
0
 11
155.8877799999999922
 21
-120.8618740000000003
 31
0
  0
LINE
  5
DCD
330
1A
100
AcDbEntity
  8
B.Cu
  6
CONTINUOUS
100
AcDbLine
 10
155.8877799999999922
 20
-120.8618740000000003
 30
0
 11
155.9284539999999879
 21
-120.7736429999999928
 31
0
  0
LINE
  5
DCE
330
1A
100
AcDbEntity
  8
B.Cu
  6
CONTINUOUS
100
AcDbLine
 10
155.9284539999999879
 20
-120.7736429999999928
 30
0
 11
155.9835429999999974
 21
-120.7185539999999975
 31
0
  0
LINE
  5
DCF
330
1A
100
AcDbEntity
  8
B.Cu
  6
CONTINUOUS
100
AcDbLine
 10
155.9835429999999974
 20
-120.7185539999999975
 30
0
 11
156.0590259999999887
 21
-120.6637130000000013
 31
0
  0
LINE
  5
DD0
330
1A
100
AcDbEntity
  8
B.Cu
  6
CONTINUOUS
100
AcDbLine
 10
156.0590259999999887
 20
-120.6637130000000013
 30
0
 11
156.1372519999999895
 21
-120.6068789999999922
 31
0
  0
LINE
  5
DD1
330
1A
100
AcDbEntity
  8
B.Cu
  6
CONTINUOUS
100
AcDbLine
 10
156.1372519999999895
 20
-120.6068789999999922
 30
0
 11
156.2768789999999797
 21
-120.4672519999999878
 31
0
  0
LINE
  5
DD2
330
1A
100
AcDbEntity
  8
B.Cu
  6
CONTINUOUS
100
AcDbLine
 10
156.2768789999999797
 20
-120.4672519999999878
 30
0
 11
156.392944
 21
-120.3075009999999878
 31
0
  0
LINE
  5
DD3
330
1A
100
AcDbEntity
  8
B.Cu
  6
CONTINUOUS
100
AcDbLine
 10
156.392944
 20
-120.3075009999999878
 30
0
 11
156.4825909999999851
 21
-120.1315609999999907
 31
0
  0
LINE
  5
DD4
330
1A
100
AcDbEntity
  8
B.Cu
  6
CONTINUOUS
100
AcDbLine
 10
156.4825909999999851
 20
-120.1315609999999907
 30
0
 11
156.543610000000001
 21
-119.9437629999999899
 31
0
  0
LINE
  5
DD5
330
1A
100
AcDbEntity
  8
B.Cu
  6
CONTINUOUS
100
AcDbLine
 10
156.543610000000001
 20
-119.9437629999999899
 30
0
 11
156.5745000000000005
 21
-119.7487309999999923
 31
0
  0
LINE
  5
DD6
330
1A
100
AcDbEntity
  8
B.Cu
  6
CONTINUOUS
100
AcDbLine
 10
156.5745000000000005
 20
-119.7487309999999923
 30
0
 11
156.5745000000000005
 21
-119.5512689999999907
 31
0
  0
LINE
  5
DD7
330
1A
100
AcDbEntity
  8
B.Cu
  6
CONTINUOUS
100
AcDbLine
 10
156.5745000000000005
 20
-119.5512689999999907
 30
0
 11
156.543610000000001
 21
-119.356236999999993
 31
0
  0
LINE
  5
DD8
330
1A
100
AcDbEntity
  8
B.Cu
  6
CONTINUOUS
100
AcDbLine
 10
156.543610000000001
 20
-119.356236999999993
 30
0
 11
156.4825909999999851
 21
-119.1684389999999922
 31
0
  0
LINE
  5
DD9
330
1A
100
AcDbEntity
  8
B.Cu
  6
CONTINUOUS
100
AcDbLine
 10
156.4825909999999851
 20
-119.1684389999999922
 30
0
 11
156.4527089999999987
 21
-119.1097929999999963
 31
0
  0
LINE
  5
DDA
330
1A
100
AcDbEntity
  8
B.Cu
  6
CONTINUOUS
100
AcDbLine
 10
156.4527089999999987
 20
-119.1097929999999963
 30
0
 11
156.3929459999999949
 21
-118.9925019999999876
 31
0
  0
LINE
  5
DDB
330
1A
100
AcDbEntity
  8
B.Cu
  6
CONTINUOUS
100
AcDbLine
 10
156.3929459999999949
 20
-118.9925019999999876
 30
0
 11
156.3929449999999974
 21
-118.9925009999999901
 31
0
  0
LINE
  5
DDC
330
1A
100
AcDbEntity
  8
B.Cu
  6
CONTINUOUS
100
AcDbLine
 10
156.3929449999999974
 20
-118.9925009999999901
 30
0
 11
156.392944
 21
-118.9924989999999951
 31
0
  0
LINE
  5
DDD
330
1A
100
AcDbEntity
  8
B.Cu
  6
CONTINUOUS
100
AcDbLine
 10
156.392944
 20
-118.9924989999999951
 30
0
 11
156.2768789999999797
 21
-118.8327479999999952
 31
0
  0
LINE
  5
DDE
330
1A
100
AcDbEntity
  8
B.Cu
  6
CONTINUOUS
100
AcDbLine
 10
156.2768789999999797
 20
-118.8327479999999952
 30
0
 11
156.1372519999999895
 21
-118.6931209999999908
 31
0
  0
LINE
  5
DDF
330
1A
100
AcDbEntity
  8
B.Cu
  6
CONTINUOUS
100
AcDbLine
 10
156.1372519999999895
 20
-118.6931209999999908
 30
0
 11
156.1372499999999945
 21
-118.6931189999999958
 31
0
  0
LINE
  5
DE0
330
1A
100
AcDbEntity
  8
B.Cu
  6
CONTINUOUS
100
AcDbLine
 10
156.1372499999999945
 20
-118.6931189999999958
 30
0
 11
155.9835429999999974
 21
-118.5814459999999997
 31
0
  0
LINE
  5
DE1
330
1A
100
AcDbEntity
  8
B.Cu
  6
CONTINUOUS
100
AcDbLine
 10
155.9835429999999974
 20
-118.5814459999999997
 30
0
 11
155.9175929999999823
 21
-118.5101030000000009
 31
0
  0
LINE
  5
DE2
330
1A
100
AcDbEntity
  8
B.Cu
  6
CONTINUOUS
100
AcDbLine
 10
155.9175929999999823
 20
-118.5101030000000009
 30
0
 11
155.8839659999999867
 21
-118.4189539999999994
 31
0
  0
LINE
  5
DE3
330
1A
100
AcDbEntity
  8
B.Cu
  6
CONTINUOUS
100
AcDbLine
 10
155.8839659999999867
 20
-118.4189539999999994
 30
0
 11
155.8877799999999922
 21
-118.321873999999994
 31
0
  0
LINE
  5
DE4
330
1A
100
AcDbEntity
  8
B.Cu
  6
CONTINUOUS
100
AcDbLine
 10
155.8877799999999922
 20
-118.321873999999994
 30
0
 11
155.9284539999999879
 21
-118.2336430000000007
 31
0
  0
LINE
  5
DE5
330
1A
100
AcDbEntity
  8
B.Cu
  6
CONTINUOUS
100
AcDbLine
 10
155.9284539999999879
 20
-118.2336430000000007
 30
0
 11
155.9835429999999974
 21
-118.1785539999999912
 31
0
  0
LINE
  5
DE6
330
1A
100
AcDbEntity
  8
B.Cu
  6
CONTINUOUS
100
AcDbLine
 10
155.9835429999999974
 20
-118.1785539999999912
 30
0
 11
156.0590259999999887
 21
-118.1237129999999951
 31
0
  0
LINE
  5
DE7
330
1A
100
AcDbEntity
  8
B.Cu
  6
CONTINUOUS
100
AcDbLine
 10
156.0590259999999887
 20
-118.1237129999999951
 30
0
 11
156.1372519999999895
 21
-118.0668790000000001
 31
0
  0
LINE
  5
DE8
330
1A
100
AcDbEntity
  8
B.Cu
  6
CONTINUOUS
100
AcDbLine
 10
156.1372519999999895
 20
-118.0668790000000001
 30
0
 11
156.2768789999999797
 21
-117.9272519999999957
 31
0
  0
LINE
  5
DE9
330
1A
100
AcDbEntity
  8
B.Cu
  6
CONTINUOUS
100
AcDbLine
 10
156.2768789999999797
 20
-117.9272519999999957
 30
0
 11
156.392944
 21
-117.7675009999999958
 31
0
  0
LINE
  5
DEA
330
1A
100
AcDbEntity
  8
B.Cu
  6
CONTINUOUS
100
AcDbLine
 10
156.392944
 20
-117.7675009999999958
 30
0
 11
156.4825909999999851
 21
-117.5915609999999987
 31
0
  0
LINE
  5
DEB
330
1A
100
AcDbEntity
  8
B.Cu
  6
CONTINUOUS
100
AcDbLine
 10
156.4825909999999851
 20
-117.5915609999999987
 30
0
 11
156.5051509999999837
 21
-117.52212999999999
 31
0
  0
LINE
  5
DEC
330
1A
100
AcDbEntity
  8
B.Cu
  6
CONTINUOUS
100
AcDbLine
 10
156.5051509999999837
 20
-117.52212999999999
 30
0
 11
156.5051530000000071
 21
-117.5221229999999935
 31
0
  0
LINE
  5
DED
330
1A
100
AcDbEntity
  8
B.Cu
  6
CONTINUOUS
100
AcDbLine
 10
156.5051530000000071
 20
-117.5221229999999935
 30
0
 11
156.5323190000000011
 21
-117.4385139999999978
 31
0
  0
LINE
  5
DEE
330
1A
100
AcDbEntity
  8
B.Cu
  6
CONTINUOUS
100
AcDbLine
 10
156.5323190000000011
 20
-117.4385139999999978
 30
0
 11
156.5323190000000011
 21
-117.4385130000000004
 31
0
  0
LINE
  5
DEF
330
1A
100
AcDbEntity
  8
B.Cu
  6
CONTINUOUS
100
AcDbLine
 10
156.5323190000000011
 20
-117.4385130000000004
 30
0
 11
156.543610000000001
 21
-117.4037629999999979
 31
0
  0
LINE
  5
DF0
330
1A
100
AcDbEntity
  8
B.Cu
  6
CONTINUOUS
100
AcDbLine
 10
156.543610000000001
 20
-117.4037629999999979
 30
0
 11
156.5745000000000005
 21
-117.2087310000000002
 31
0
  0
LINE
  5
DF1
330
1A
100
AcDbEntity
  8
B.Cu
  6
CONTINUOUS
100
AcDbLine
 10
156.5745000000000005
 20
-117.2087310000000002
 30
0
 11
156.5745000000000005
 21
-117.0112689999999986
 31
0
  0
LINE
  5
DF2
330
1A
100
AcDbEntity
  8
B.Cu
  6
CONTINUOUS
100
AcDbLine
 10
156.5745000000000005
 20
-117.0112689999999986
 30
0
 11
156.543610000000001
 21
-116.816237000000001
 31
0
  0
LINE
  5
DF3
330
1A
100
AcDbEntity
  8
B.Cu
  6
CONTINUOUS
100
AcDbLine
 10
156.543610000000001
 20
-116.816237000000001
 30
0
 11
156.4825909999999851
 21
-116.6284390000000002
 31
0
  0
LINE
  5
DF4
330
1A
100
AcDbEntity
  8
B.Cu
  6
CONTINUOUS
100
AcDbLine
 10
156.4825909999999851
 20
-116.6284390000000002
 30
0
 11
156.4527089999999987
 21
-116.56979299999999
 31
0
  0
LINE
  5
DF5
330
1A
100
AcDbEntity
  8
B.Cu
  6
CONTINUOUS
100
AcDbLine
 10
156.4527089999999987
 20
-116.56979299999999
 30
0
 11
156.3929459999999949
 21
-116.4525019999999955
 31
0
  0
LINE
  5
DF6
330
1A
100
AcDbEntity
  8
B.Cu
  6
CONTINUOUS
100
AcDbLine
 10
156.3929459999999949
 20
-116.4525019999999955
 30
0
 11
156.3929449999999974
 21
-116.452500999999998
 31
0
  0
LINE
  5
DF7
330
1A
100
AcDbEntity
  8
B.Cu
  6
CONTINUOUS
100
AcDbLine
 10
156.3929449999999974
 20
-116.452500999999998
 30
0
 11
156.392944
 21
-116.4524989999999889
 31
0
  0
LINE
  5
DF8
330
1A
100
AcDbEntity
  8
B.Cu
  6
CONTINUOUS
100
AcDbLine
 10
156.392944
 20
-116.4524989999999889
 30
0
 11
156.2768789999999797
 21
-116.2927479999999889
 31
0
  0
LINE
  5
DF9
330
1A
100
AcDbEntity
  8
B.Cu
  6
CONTINUOUS
100
AcDbLine
 10
156.2768789999999797
 20
-116.2927479999999889
 30
0
 11
156.1372519999999895
 21
-116.1531209999999987
 31
0
  0
LINE
  5
DFA
330
1A
100
AcDbEntity
  8
B.Cu
  6
CONTINUOUS
100
AcDbLine
 10
156.1372519999999895
 20
-116.1531209999999987
 30
0
 11
156.1372499999999945
 21
-116.1531189999999896
 31
0
  0
LINE
  5
DFB
330
1A
100
AcDbEntity
  8
B.Cu
  6
CONTINUOUS
100
AcDbLine
 10
156.1372499999999945
 20
-116.1531189999999896
 30
0
 11
155.9835429999999974
 21
-116.0414459999999934
 31
0
  0
LINE
  5
DFC
330
1A
100
AcDbEntity
  8
B.Cu
  6
CONTINUOUS
100
AcDbLine
 10
155.9835429999999974
 20
-116.0414459999999934
 30
0
 11
155.9175929999999823
 21
-115.9701029999999946
 31
0
  0
LINE
  5
DFD
330
1A
100
AcDbEntity
  8
B.Cu
  6
CONTINUOUS
100
AcDbLine
 10
155.9175929999999823
 20
-115.9701029999999946
 30
0
 11
155.8839659999999867
 21
-115.8789539999999931
 31
0
  0
LINE
  5
DFE
330
1A
100
AcDbEntity
  8
B.Cu
  6
CONTINUOUS
100
AcDbLine
 10
155.8839659999999867
 20
-115.8789539999999931
 30
0
 11
155.8877799999999922
 21
-115.7818739999999877
 31
0
  0
LINE
  5
DFF
330
1A
100
AcDbEntity
  8
B.Cu
  6
CONTINUOUS
100
AcDbLine
 10
155.8877799999999922
 20
-115.7818739999999877
 30
0
 11
155.9284539999999879
 21
-115.6936429999999945
 31
0
  0
LINE
  5
E00
330
1A
100
AcDbEntity
  8
B.Cu
  6
CONTINUOUS
100
AcDbLine
 10
155.9284539999999879
 20
-115.6936429999999945
 30
0
 11
155.9835429999999974
 21
-115.6385539999999992
 31
0
  0
LINE
  5
E01
330
1A
100
AcDbEntity
  8
B.Cu
  6
CONTINUOUS
100
AcDbLine
 10
155.9835429999999974
 20
-115.6385539999999992
 30
0
 11
156.0590259999999887
 21
-115.5837129999999888
 31
0
  0
LINE
  5
E02
330
1A
100
AcDbEntity
  8
B.Cu
  6
CONTINUOUS
100
AcDbLine
 10
156.0590259999999887
 20
-115.5837129999999888
 30
0
 11
156.1372519999999895
 21
-115.5268789999999939
 31
0
  0
LINE
  5
E03
330
1A
100
AcDbEntity
  8
B.Cu
  6
CONTINUOUS
100
AcDbLine
 10
156.1372519999999895
 20
-115.5268789999999939
 30
0
 11
156.2768789999999797
 21
-115.3872519999999895
 31
0
  0
LINE
  5
E04
330
1A
100
AcDbEntity
  8
B.Cu
  6
CONTINUOUS
100
AcDbLine
 10
156.2768789999999797
 20
-115.3872519999999895
 30
0
 11
156.392944
 21
-115.2275009999999895
 31
0
  0
LINE
  5
E05
330
1A
100
AcDbEntity
  8
B.Cu
  6
CONTINUOUS
100
AcDbLine
 10
156.392944
 20
-115.2275009999999895
 30
0
 11
156.4825909999999851
 21
-115.0515609999999924
 31
0
  0
LINE
  5
E06
330
1A
100
AcDbEntity
  8
B.Cu
  6
CONTINUOUS
100
AcDbLine
 10
156.4825909999999851
 20
-115.0515609999999924
 30
0
 11
156.543610000000001
 21
-114.8637629999999916
 31
0
  0
LINE
  5
E07
330
1A
100
AcDbEntity
  8
B.Cu
  6
CONTINUOUS
100
AcDbLine
 10
156.543610000000001
 20
-114.8637629999999916
 30
0
 11
156.5745000000000005
 21
-114.668730999999994
 31
0
  0
LINE
  5
E08
330
1A
100
AcDbEntity
  8
B.Cu
  6
CONTINUOUS
100
AcDbLine
 10
156.5745000000000005
 20
-114.668730999999994
 30
0
 11
156.5745000000000005
 21
-114.4712689999999924
 31
0
  0
LINE
  5
E09
330
1A
100
AcDbEntity
  8
B.Cu
  6
CONTINUOUS
100
AcDbLine
 10
156.5745000000000005
 20
-114.4712689999999924
 30
0
 11
156.543610000000001
 21
-114.2762369999999947
 31
0
  0
LINE
  5
E0A
330
1A
100
AcDbEntity
  8
B.Cu
  6
CONTINUOUS
100
AcDbLine
 10
156.543610000000001
 20
-114.2762369999999947
 30
0
 11
156.4825909999999851
 21
-114.0884389999999939
 31
0
  0
LINE
  5
E0B
330
1A
100
AcDbEntity
  8
B.Cu
  6
CONTINUOUS
100
AcDbLine
 10
156.4825909999999851
 20
-114.0884389999999939
 30
0
 11
156.4469100000000026
 21
-114.0184119999999979
 31
0
  0
LINE
  5
E0C
330
1A
100
AcDbEntity
  8
B.Cu
  6
CONTINUOUS
100
AcDbLine
 10
156.4469100000000026
 20
-114.0184119999999979
 30
0
 11
156.3929459999999949
 21
-113.9125019999999893
 31
0
  0
LINE
  5
E0D
330
1A
100
AcDbEntity
  8
B.Cu
  6
CONTINUOUS
100
AcDbLine
 10
156.3929459999999949
 20
-113.9125019999999893
 30
0
 11
156.3929449999999974
 21
-113.9125009999999918
 31
0
  0
LINE
  5
E0E
330
1A
100
AcDbEntity
  8
B.Cu
  6
CONTINUOUS
100
AcDbLine
 10
156.3929449999999974
 20
-113.9125009999999918
 30
0
 11
156.392944
 21
-113.9124989999999968
 31
0
  0
LINE
  5
E0F
330
1A
100
AcDbEntity
  8
B.Cu
  6
CONTINUOUS
100
AcDbLine
 10
156.392944
 20
-113.9124989999999968
 30
0
 11
156.2768789999999797
 21
-113.7527479999999969
 31
0
  0
LINE
  5
E10
330
1A
100
AcDbEntity
  8
B.Cu
  6
CONTINUOUS
100
AcDbLine
 10
156.2768789999999797
 20
-113.7527479999999969
 30
0
 11
156.1372519999999895
 21
-113.6131209999999925
 31
0
  0
LINE
  5
E11
330
1A
100
AcDbEntity
  8
B.Cu
  6
CONTINUOUS
100
AcDbLine
 10
156.1372519999999895
 20
-113.6131209999999925
 30
0
 11
156.1372499999999945
 21
-113.6131189999999975
 31
0
  0
LINE
  5
E12
330
1A
100
AcDbEntity
  8
B.Cu
  6
CONTINUOUS
100
AcDbLine
 10
156.1372499999999945
 20
-113.6131189999999975
 30
0
 11
155.9835429999999974
 21
-113.5014460000000014
 31
0
  0
LINE
  5
E13
330
1A
100
AcDbEntity
  8
B.Cu
  6
CONTINUOUS
100
AcDbLine
 10
155.9835429999999974
 20
-113.5014460000000014
 30
0
 11
155.9175929999999823
 21
-113.4301029999999884
 31
0
  0
LINE
  5
E14
330
1A
100
AcDbEntity
  8
B.Cu
  6
CONTINUOUS
100
AcDbLine
 10
155.9175929999999823
 20
-113.4301029999999884
 30
0
 11
155.8839659999999867
 21
-113.3389540000000011
 31
0
  0
LINE
  5
E15
330
1A
100
AcDbEntity
  8
B.Cu
  6
CONTINUOUS
100
AcDbLine
 10
155.8839659999999867
 20
-113.3389540000000011
 30
0
 11
155.8877799999999922
 21
-113.2418739999999957
 31
0
  0
LINE
  5
E16
330
1A
100
AcDbEntity
  8
B.Cu
  6
CONTINUOUS
100
AcDbLine
 10
155.8877799999999922
 20
-113.2418739999999957
 30
0
 11
155.9284539999999879
 21
-113.1536429999999882
 31
0
  0
LINE
  5
E17
330
1A
100
AcDbEntity
  8
B.Cu
  6
CONTINUOUS
100
AcDbLine
 10
155.9284539999999879
 20
-113.1536429999999882
 30
0
 11
155.9835429999999974
 21
-113.0985539999999929
 31
0
  0
LINE
  5
E18
330
1A
100
AcDbEntity
  8
B.Cu
  6
CONTINUOUS
100
AcDbLine
 10
155.9835429999999974
 20
-113.0985539999999929
 30
0
 11
156.1372519999999895
 21
-112.9868790000000018
 31
0
  0
LINE
  5
E19
330
1A
100
AcDbEntity
  8
B.Cu
  6
CONTINUOUS
100
AcDbLine
 10
156.1372519999999895
 20
-112.9868790000000018
 30
0
 11
156.2768789999999797
 21
-112.8472519999999975
 31
0
  0
LINE
  5
E1A
330
1A
100
AcDbEntity
  8
B.Cu
  6
CONTINUOUS
100
AcDbLine
 10
156.2768789999999797
 20
-112.8472519999999975
 30
0
 11
156.392944
 21
-112.6875009999999975
 31
0
  0
LINE
  5
E1B
330
1A
100
AcDbEntity
  8
B.Cu
  6
CONTINUOUS
100
AcDbLine
 10
156.392944
 20
-112.6875009999999975
 30
0
 11
156.4364469999999869
 21
-112.6021229999999917
 31
0
  0
LINE
  5
E1C
330
1A
100
AcDbEntity
  8
B.Cu
  6
CONTINUOUS
100
AcDbLine
 10
156.4364469999999869
 20
-112.6021229999999917
 30
0
 11
156.4825909999999851
 21
-112.5115610000000004
 31
0
  0
LINE
  5
E1D
330
1A
100
AcDbEntity
  8
B.Cu
  6
CONTINUOUS
100
AcDbLine
 10
156.4825909999999851
 20
-112.5115610000000004
 30
0
 11
156.4961289999999963
 21
-112.4698969999999889
 31
0
  0
LINE
  5
E1E
330
1A
100
AcDbEntity
  8
B.Cu
  6
CONTINUOUS
100
AcDbLine
 10
156.4961289999999963
 20
-112.4698969999999889
 30
0
 11
156.543610000000001
 21
-112.3237629999999996
 31
0
  0
LINE
  5
E1F
330
1A
100
AcDbEntity
  8
B.Cu
  6
CONTINUOUS
100
AcDbLine
 10
156.543610000000001
 20
-112.3237629999999996
 30
0
 11
156.543610000000001
 21
-112.3237599999999929
 31
0
  0
LINE
  5
E20
330
1A
100
AcDbEntity
  8
B.Cu
  6
CONTINUOUS
100
AcDbLine
 10
156.543610000000001
 20
-112.3237599999999929
 30
0
 11
156.5485689999999863
 21
-112.2924549999999897
 31
0
  0
LINE
  5
E21
330
1A
100
AcDbEntity
  8
B.Cu
  6
CONTINUOUS
100
AcDbLine
 10
156.5485689999999863
 20
-112.2924549999999897
 30
0
 11
156.5745000000000005
 21
-112.1287310000000019
 31
0
  0
LINE
  5
E22
330
1A
100
AcDbEntity
  8
B.Cu
  6
CONTINUOUS
100
AcDbLine
 10
156.5745000000000005
 20
-112.1287310000000019
 30
0
 11
156.5745000000000005
 21
-111.9312690000000003
 31
0
  0
LINE
  5
E23
330
1A
100
AcDbEntity
  8
B.Cu
  6
CONTINUOUS
100
AcDbLine
 10
156.5745000000000005
 20
-111.9312690000000003
 30
0
 11
156.543610000000001
 21
-111.7362369999999885
 31
0
  0
LINE
  5
E24
330
1A
100
AcDbEntity
  8
B.Cu
  6
CONTINUOUS
100
AcDbLine
 10
156.543610000000001
 20
-111.7362369999999885
 30
0
 11
156.4825909999999851
 21
-111.5484390000000019
 31
0
  0
LINE
  5
E25
330
1A
100
AcDbEntity
  8
B.Cu
  6
CONTINUOUS
100
AcDbLine
 10
156.4825909999999851
 20
-111.5484390000000019
 30
0
 11
156.392944
 21
-111.3724989999999906
 31
0
  0
LINE
  5
E26
330
1A
100
AcDbEntity
  8
B.Cu
  6
CONTINUOUS
100
AcDbLine
 10
156.392944
 20
-111.3724989999999906
 30
0
 11
156.2768789999999797
 21
-111.2127479999999906
 31
0
  0
LINE
  5
E27
330
1A
100
AcDbEntity
  8
B.Cu
  6
CONTINUOUS
100
AcDbLine
 10
156.2768789999999797
 20
-111.2127479999999906
 30
0
 11
156.1372519999999895
 21
-111.0731210000000004
 31
0
  0
LINE
  5
E28
330
1A
100
AcDbEntity
  8
B.Cu
  6
CONTINUOUS
100
AcDbLine
 10
156.1372519999999895
 20
-111.0731210000000004
 30
0
 11
156.1372499999999945
 21
-111.0731189999999913
 31
0
  0
LINE
  5
E29
330
1A
100
AcDbEntity
  8
B.Cu
  6
CONTINUOUS
100
AcDbLine
 10
156.1372499999999945
 20
-111.0731189999999913
 30
0
 11
155.9835429999999974
 21
-110.9614459999999951
 31
0
  0
LINE
  5
E2A
330
1A
100
AcDbEntity
  8
B.Cu
  6
CONTINUOUS
100
AcDbLine
 10
155.9835429999999974
 20
-110.9614459999999951
 30
0
 11
155.9175929999999823
 21
-110.8901029999999963
 31
0
  0
LINE
  5
E2B
330
1A
100
AcDbEntity
  8
B.Cu
  6
CONTINUOUS
100
AcDbLine
 10
155.9175929999999823
 20
-110.8901029999999963
 30
0
 11
155.8839659999999867
 21
-110.7989539999999948
 31
0
  0
LINE
  5
E2C
330
1A
100
AcDbEntity
  8
B.Cu
  6
CONTINUOUS
100
AcDbLine
 10
155.8839659999999867
 20
-110.7989539999999948
 30
0
 11
155.8877799999999922
 21
-110.7018739999999895
 31
0
  0
LINE
  5
E2D
330
1A
100
AcDbEntity
  8
B.Cu
  6
CONTINUOUS
100
AcDbLine
 10
155.8877799999999922
 20
-110.7018739999999895
 30
0
 11
155.9284539999999879
 21
-110.6136429999999962
 31
0
  0
LINE
  5
E2E
330
1A
100
AcDbEntity
  8
B.Cu
  6
CONTINUOUS
100
AcDbLine
 10
155.9284539999999879
 20
-110.6136429999999962
 30
0
 11
155.9835429999999974
 21
-110.5585540000000009
 31
0
  0
LINE
  5
E2F
330
1A
100
AcDbEntity
  8
B.Cu
  6
CONTINUOUS
100
AcDbLine
 10
155.9835429999999974
 20
-110.5585540000000009
 30
0
 11
156.1372519999999895
 21
-110.4468789999999956
 31
0
  0
LINE
  5
E30
330
1A
100
AcDbEntity
  8
B.Cu
  6
CONTINUOUS
100
AcDbLine
 10
156.1372519999999895
 20
-110.4468789999999956
 30
0
 11
156.2768789999999797
 21
-110.3072519999999912
 31
0
  0
LINE
  5
E31
330
1A
100
AcDbEntity
  8
B.Cu
  6
CONTINUOUS
100
AcDbLine
 10
156.2768789999999797
 20
-110.3072519999999912
 30
0
 11
156.392944
 21
-110.1475009999999912
 31
0
  0
LINE
  5
E32
330
1A
100
AcDbEntity
  8
B.Cu
  6
CONTINUOUS
100
AcDbLine
 10
156.392944
 20
-110.1475009999999912
 30
0
 11
156.4825909999999851
 21
-109.9715609999999941
 31
0
  0
LINE
  5
E33
330
1A
100
AcDbEntity
  8
B.Cu
  6
CONTINUOUS
100
AcDbLine
 10
156.4825909999999851
 20
-109.9715609999999941
 30
0
 11
156.543610000000001
 21
-109.7837629999999933
 31
0
  0
LINE
  5
E34
330
1A
100
AcDbEntity
  8
B.Cu
  6
CONTINUOUS
100
AcDbLine
 10
156.543610000000001
 20
-109.7837629999999933
 30
0
 11
156.5745000000000005
 21
-109.5887309999999957
 31
0
  0
LINE
  5
E35
330
1A
100
AcDbEntity
  8
B.Cu
  6
CONTINUOUS
100
AcDbLine
 10
156.5745000000000005
 20
-109.5887309999999957
 30
0
 11
156.5745000000000005
 21
-109.3912689999999941
 31
0
  0
LINE
  5
E36
330
1A
100
AcDbEntity
  8
B.Cu
  6
CONTINUOUS
100
AcDbLine
 10
156.5745000000000005
 20
-109.3912689999999941
 30
0
 11
156.543610000000001
 21
-109.1962369999999964
 31
0
  0
LINE
  5
E37
330
1A
100
AcDbEntity
  8
B.Cu
  6
CONTINUOUS
100
AcDbLine
 10
156.543610000000001
 20
-109.1962369999999964
 30
0
 11
156.4825909999999851
 21
-109.0084389999999956
 31
0
  0
LINE
  5
E38
330
1A
100
AcDbEntity
  8
B.Cu
  6
CONTINUOUS
100
AcDbLine
 10
156.4825909999999851
 20
-109.0084389999999956
 30
0
 11
156.392944
 21
-108.8324989999999985
 31
0
  0
LINE
  5
E39
330
1A
100
AcDbEntity
  8
B.Cu
  6
CONTINUOUS
100
AcDbLine
 10
156.392944
 20
-108.8324989999999985
 30
0
 11
156.2768789999999797
 21
-108.6727479999999986
 31
0
  0
LINE
  5
E3A
330
1A
100
AcDbEntity
  8
B.Cu
  6
CONTINUOUS
100
AcDbLine
 10
156.2768789999999797
 20
-108.6727479999999986
 30
0
 11
156.1372519999999895
 21
-108.5331209999999942
 31
0
  0
LINE
  5
E3B
330
1A
100
AcDbEntity
  8
B.Cu
  6
CONTINUOUS
100
AcDbLine
 10
156.1372519999999895
 20
-108.5331209999999942
 30
0
 11
155.9775009999999895
 21
-108.4170559999999881
 31
0
  0
LINE
  5
E3C
330
1A
100
AcDbEntity
  8
B.Cu
  6
CONTINUOUS
100
AcDbLine
 10
155.9775009999999895
 20
-108.4170559999999881
 30
0
 11
155.9774979999999971
 21
-108.4170539999999932
 31
0
  0
LINE
  5
E3D
330
1A
100
AcDbEntity
  8
B.Cu
  6
CONTINUOUS
100
AcDbLine
 10
155.9774979999999971
 20
-108.4170539999999932
 30
0
 11
155.9774969999999996
 21
-108.4170529999999957
 31
0
  0
LINE
  5
E3E
330
1A
100
AcDbEntity
  8
B.Cu
  6
CONTINUOUS
100
AcDbLine
 10
155.9774969999999996
 20
-108.4170529999999957
 30
0
 11
155.8015599999999949
 21
-108.3274079999999913
 31
0
  0
LINE
  5
E3F
330
1A
100
AcDbEntity
  8
B.Cu
  6
CONTINUOUS
100
AcDbLine
 10
155.8015599999999949
 20
-108.3274079999999913
 30
0
 11
155.801556000000005
 21
-108.3274069999999938
 31
0
  0
LINE
  5
E40
330
1A
100
AcDbEntity
  8
B.Cu
  6
CONTINUOUS
100
AcDbLine
 10
155.801556000000005
 20
-108.3274069999999938
 30
0
 11
155.613759999999985
 21
-108.2663889999999896
 31
0
  0
LINE
  5
E41
330
1A
100
AcDbEntity
  8
B.Cu
  6
CONTINUOUS
100
AcDbLine
 10
155.613759999999985
 20
-108.2663889999999896
 30
0
 11
155.4187409999999829
 21
-108.2355009999999993
 31
0
  0
LINE
  5
E42
330
1A
100
AcDbEntity
  8
B.Cu
  6
CONTINUOUS
100
AcDbLine
 10
155.4187409999999829
 20
-108.2355009999999993
 30
0
 11
155.4187340000000006
 21
-108.2355000000000018
 31
0
  0
LINE
  5
E43
330
1A
100
AcDbEntity
  8
B.Cu
  6
CONTINUOUS
100
AcDbLine
 10
155.4187340000000006
 20
-108.2355000000000018
 30
0
 11
155.4187309999999798
 21
-108.2355000000000018
 31
0
  0
LINE
  5
E44
330
1A
100
AcDbEntity
  8
B.Cu
  6
CONTINUOUS
100
AcDbLine
 10
155.4187309999999798
 20
-108.2355000000000018
 30
0
 11
155.2212690000000066
 21
-108.2355000000000018
 31
0
  0
LINE
  5
E45
330
1A
100
AcDbEntity
  8
B.Cu
  6
CONTINUOUS
100
AcDbLine
 10
155.2212690000000066
 20
-108.2355000000000018
 30
0
 11
155.2212659999999858
 21
-108.2355000000000018
 31
0
  0
LINE
  5
E46
330
1A
100
AcDbEntity
  8
B.Cu
  6
CONTINUOUS
100
AcDbLine
 10
155.2212659999999858
 20
-108.2355000000000018
 30
0
 11
155.2212580000000059
 21
-108.2355009999999993
 31
0
  0
LINE
  5
E47
330
1A
100
AcDbEntity
  8
B.Cu
  6
CONTINUOUS
100
AcDbLine
 10
155.2212580000000059
 20
-108.2355009999999993
 30
0
 11
155.0262390000000039
 21
-108.2663889999999896
 31
0
  0
LINE
  5
E48
330
1A
100
AcDbEntity
  8
B.Cu
  6
CONTINUOUS
100
AcDbLine
 10
155.0262390000000039
 20
-108.2663889999999896
 30
0
 11
154.8384429999999838
 21
-108.3274069999999938
 31
0
  0
LINE
  5
E49
330
1A
100
AcDbEntity
  8
B.Cu
  6
CONTINUOUS
100
AcDbLine
 10
154.8384429999999838
 20
-108.3274069999999938
 30
0
 11
154.8384389999999939
 21
-108.3274079999999913
 31
0
  0
LINE
  5
E4A
330
1A
100
AcDbEntity
  8
B.Cu
  6
CONTINUOUS
100
AcDbLine
 10
154.8384389999999939
 20
-108.3274079999999913
 30
0
 11
154.6625019999999893
 21
-108.4170529999999957
 31
0
  0
LINE
  5
E4B
330
1A
100
AcDbEntity
  8
B.Cu
  6
CONTINUOUS
100
AcDbLine
 10
154.6625019999999893
 20
-108.4170529999999957
 30
0
 11
154.6624999999999943
 21
-108.4170549999999906
 31
0
  0
LINE
  5
E4C
330
1A
100
AcDbEntity
  8
B.Cu
  6
CONTINUOUS
100
AcDbLine
 10
154.6624999999999943
 20
-108.4170549999999906
 30
0
 11
154.5027460000000019
 21
-108.5331219999999917
 31
0
  0
LINE
  5
E4D
330
1A
100
AcDbEntity
  8
B.Cu
  6
CONTINUOUS
100
AcDbLine
 10
154.5027460000000019
 20
-108.5331219999999917
 30
0
 11
154.3631220000000042
 21
-108.6727459999999894
 31
0
  0
LINE
  5
E4E
330
1A
100
AcDbEntity
  8
B.Cu
  6
CONTINUOUS
100
AcDbLine
 10
154.3631220000000042
 20
-108.6727459999999894
 30
0
 11
154.2470549999999889
 21
-108.832499999999996
 31
0
  0
LINE
  5
E4F
330
1A
100
AcDbEntity
  8
B.Cu
  6
CONTINUOUS
100
AcDbLine
 10
154.2470549999999889
 20
-108.832499999999996
 30
0
 11
154.247052999999994
 21
-108.832501999999991
 31
0
  0
LINE
  5
E50
330
1A
100
AcDbEntity
  8
B.Cu
  6
CONTINUOUS
100
AcDbLine
 10
154.247052999999994
 20
-108.832501999999991
 30
0
 11
154.1574080000000038
 21
-109.0084389999999956
 31
0
  0
LINE
  5
E51
330
1A
100
AcDbEntity
  8
B.Cu
  6
CONTINUOUS
100
AcDbLine
 10
154.1574080000000038
 20
-109.0084389999999956
 30
0
 11
154.1574070000000063
 21
-109.0084429999999998
 31
0
  0
LINE
  5
E52
330
1A
100
AcDbEntity
  8
B.Cu
  6
CONTINUOUS
100
AcDbLine
 10
154.1574070000000063
 20
-109.0084429999999998
 30
0
 11
154.0963889999999878
 21
-109.1962389999999914
 31
0
  0
LINE
  5
E53
330
1A
100
AcDbEntity
  8
B.Cu
  6
CONTINUOUS
100
AcDbLine
 10
154.0963889999999878
 20
-109.1962389999999914
 30
0
 11
154.0655009999999834
 21
-109.3912579999999934
 31
0
  0
LINE
  5
E54
330
1A
100
AcDbEntity
  8
B.Cu
  6
CONTINUOUS
100
AcDbLine
 10
154.0655009999999834
 20
-109.3912579999999934
 30
0
 11
154.0654999999999859
 21
-109.3912729999999982
 31
0
  0
LINE
  5
E55
330
1A
100
AcDbEntity
  8
B.Cu
  6
CONTINUOUS
100
AcDbLine
 10
154.0654999999999859
 20
-109.3912729999999982
 30
0
 11
154.0654999999999859
 21
-109.5887259999999941
 31
0
  0
LINE
  5
E56
330
1A
100
AcDbEntity
  8
B.Cu
  6
CONTINUOUS
100
AcDbLine
 10
143.8000240000000076
 20
-126.4499999999999886
 30
0
 11
143.6972999999999843
 21
-126.4604939999999971
 31
0
  0
LINE
  5
E57
330
1A
100
AcDbEntity
  8
B.Cu
  6
CONTINUOUS
100
AcDbLine
 10
143.6972999999999843
 20
-126.4604939999999971
 30
0
 11
143.6972969999999918
 21
-126.4604949999999945
 31
0
  0
LINE
  5
E58
330
1A
100
AcDbEntity
  8
B.Cu
  6
CONTINUOUS
100
AcDbLine
 10
143.6972969999999918
 20
-126.4604949999999945
 30
0
 11
143.5308799999999962
 21
-126.5156399999999906
 31
0
  0
LINE
  5
E59
330
1A
100
AcDbEntity
  8
B.Cu
  6
CONTINUOUS
100
AcDbLine
 10
143.5308799999999962
 20
-126.5156399999999906
 30
0
 11
143.5308780000000013
 21
-126.515640999999988
 31
0
  0
LINE
  5
E5A
330
1A
100
AcDbEntity
  8
B.Cu
  6
CONTINUOUS
100
AcDbLine
 10
143.5308780000000013
 20
-126.515640999999988
 30
0
 11
143.3816579999999874
 21
-126.6076809999999995
 31
0
  0
LINE
  5
E5B
330
1A
100
AcDbEntity
  8
B.Cu
  6
CONTINUOUS
100
AcDbLine
 10
143.3816579999999874
 20
-126.6076809999999995
 30
0
 11
143.3816539999999975
 21
-126.6076839999999919
 31
0
  0
LINE
  5
E5C
330
1A
100
AcDbEntity
  8
B.Cu
  6
CONTINUOUS
100
AcDbLine
 10
143.3816539999999975
 20
-126.6076839999999919
 30
0
 11
143.2885699999999929
 21
-126.700768999999994
 31
0
  0
LINE
  5
E5D
330
1A
100
AcDbEntity
  8
B.Cu
  6
CONTINUOUS
100
AcDbLine
 10
143.2885699999999929
 20
-126.700768999999994
 30
0
 11
143.2077879999999936
 21
-126.7547449999999998
 31
0
  0
LINE
  5
E5E
330
1A
100
AcDbEntity
  8
B.Cu
  6
CONTINUOUS
100
AcDbLine
 10
143.2077879999999936
 20
-126.7547449999999998
 30
0
 11
143.1124999999999829
 21
-126.7736989999999935
 31
0
  0
LINE
  5
E5F
330
1A
100
AcDbEntity
  8
B.Cu
  6
CONTINUOUS
100
AcDbLine
 10
143.1124999999999829
 20
-126.7736989999999935
 30
0
 11
143.0172120000000007
 21
-126.7547449999999998
 31
0
  0
LINE
  5
E60
330
1A
100
AcDbEntity
  8
B.Cu
  6
CONTINUOUS
100
AcDbLine
 10
143.0172120000000007
 20
-126.7547449999999998
 30
0
 11
142.9566319999999848
 21
-126.7142669999999924
 31
0
  0
LINE
  5
E61
330
1A
100
AcDbEntity
  8
B.Cu
  6
CONTINUOUS
100
AcDbLine
 10
142.9566319999999848
 20
-126.7142669999999924
 30
0
 11
142.9547239999999988
 21
-126.7166809999999941
 31
0
  0
LINE
  5
E62
330
1A
100
AcDbEntity
  8
B.Cu
  6
CONTINUOUS
100
AcDbLine
 10
142.9547239999999988
 20
-126.7166809999999941
 30
0
 11
142.9433410000000038
 21
-126.7076809999999938
 31
0
  0
LINE
  5
E63
330
1A
100
AcDbEntity
  8
B.Cu
  6
CONTINUOUS
100
AcDbLine
 10
142.9433410000000038
 20
-126.7076809999999938
 30
0
 11
142.7941209999999899
 21
-126.6156409999999966
 31
0
  0
LINE
  5
E64
330
1A
100
AcDbEntity
  8
B.Cu
  6
CONTINUOUS
100
AcDbLine
 10
142.7941209999999899
 20
-126.6156409999999966
 30
0
 11
142.7941199999999924
 21
-126.6156399999999991
 31
0
  0
LINE
  5
E65
330
1A
100
AcDbEntity
  8
B.Cu
  6
CONTINUOUS
100
AcDbLine
 10
142.7941199999999924
 20
-126.6156399999999991
 30
0
 11
142.6277010000000018
 21
-126.5604949999999889
 31
0
  0
LINE
  5
E66
330
1A
100
AcDbEntity
  8
B.Cu
  6
CONTINUOUS
100
AcDbLine
 10
142.6277010000000018
 20
-126.5604949999999889
 30
0
 11
142.6276939999999911
 21
-126.5604939999999914
 31
0
  0
LINE
  5
E67
330
1A
100
AcDbEntity
  8
B.Cu
  6
CONTINUOUS
100
AcDbLine
 10
142.6276939999999911
 20
-126.5604939999999914
 30
0
 11
142.5249809999999968
 21
-126.5499999999999972
 31
0
  0
LINE
  5
E68
330
1A
100
AcDbEntity
  8
B.Cu
  6
CONTINUOUS
100
AcDbLine
 10
142.5249809999999968
 20
-126.5499999999999972
 30
0
 11
142.5000009999999975
 21
-126.5499999999999972
 31
0
  0
LINE
  5
E69
330
1A
100
AcDbEntity
  8
B.Cu
  6
CONTINUOUS
100
AcDbLine
 10
142.5000009999999975
 20
-126.5499999999999972
 30
0
 11
142.5
 21
-126.5500009999999946
 31
0
  0
LINE
  5
E6A
330
1A
100
AcDbEntity
  8
B.Cu
  6
CONTINUOUS
100
AcDbLine
 10
142.5
 20
-126.5500009999999946
 30
0
 11
142.5
 21
-127.0499989999999997
 31
0
  0
LINE
  5
E6B
330
1A
100
AcDbEntity
  8
B.Cu
  6
CONTINUOUS
100
AcDbLine
 10
142.5
 20
-127.0499989999999997
 30
0
 11
142.5000009999999975
 21
-127.0499999999999972
 31
0
  0
LINE
  5
E6C
330
1A
100
AcDbEntity
  8
B.Cu
  6
CONTINUOUS
100
AcDbLine
 10
142.5000009999999975
 20
-127.0499999999999972
 30
0
 11
142.8449990000000014
 21
-127.0499999999999972
 31
0
  0
LINE
  5
E6D
330
1A
100
AcDbEntity
  8
B.Cu
  6
CONTINUOUS
100
AcDbLine
 10
142.8449990000000014
 20
-127.0499999999999972
 30
0
 11
142.872068999999982
 21
-127.0229299999999881
 31
0
  0
LINE
  5
E6E
330
1A
100
AcDbEntity
  8
B.Cu
  6
CONTINUOUS
100
AcDbLine
 10
142.872068999999982
 20
-127.0229299999999881
 30
0
 11
142.9528509999999812
 21
-126.9689539999999965
 31
0
  0
LINE
  5
E6F
330
1A
100
AcDbEntity
  8
B.Cu
  6
CONTINUOUS
100
AcDbLine
 10
142.9528509999999812
 20
-126.9689539999999965
 30
0
 11
143.0481389999999919
 21
-126.9499999999999886
 31
0
  0
LINE
  5
E70
330
1A
100
AcDbEntity
  8
B.Cu
  6
CONTINUOUS
100
AcDbLine
 10
143.0481389999999919
 20
-126.9499999999999886
 30
0
 11
143.9249989999999855
 21
-126.9499999999999886
 31
0
  0
LINE
  5
E71
330
1A
100
AcDbEntity
  8
B.Cu
  6
CONTINUOUS
100
AcDbLine
 10
143.9249989999999855
 20
-126.9499999999999886
 30
0
 11
143.9249999999999829
 21
-126.9499989999999912
 31
0
  0
LINE
  5
E72
330
1A
100
AcDbEntity
  8
B.Cu
  6
CONTINUOUS
100
AcDbLine
 10
143.9249999999999829
 20
-126.9499989999999912
 30
0
 11
143.9249999999999829
 21
-126.4500010000000003
 31
0
  0
LINE
  5
E73
330
1A
100
AcDbEntity
  8
B.Cu
  6
CONTINUOUS
100
AcDbLine
 10
143.9249999999999829
 20
-126.4500010000000003
 30
0
 11
143.9249999999999829
 21
-126.4499989999999912
 31
0
  0
LINE
  5
E74
330
1A
100
AcDbEntity
  8
B.Cu
  6
CONTINUOUS
100
AcDbLine
 10
143.9249999999999829
 20
-126.4499989999999912
 30
0
 11
143.8000240000000076
 21
-126.4499999999999886
 31
0
  0
LINE
  5
E75
330
1A
100
AcDbEntity
  8
B.Cu
  6
CONTINUOUS
100
AcDbLine
 10
161.1494999999999891
 20
-119.3178649999999976
 30
0
 11
161.1494999999999891
 21
-119.31786799999999
 31
0
  0
LINE
  5
E76
330
1A
100
AcDbEntity
  8
B.Cu
  6
CONTINUOUS
100
AcDbLine
 10
161.1494999999999891
 20
-119.31786799999999
 30
0
 11
161.1495009999999866
 21
-119.3178719999999942
 31
0
  0
LINE
  5
E77
330
1A
100
AcDbEntity
  8
B.Cu
  6
CONTINUOUS
100
AcDbLine
 10
161.1495009999999866
 20
-119.3178719999999942
 30
0
 11
161.151567
 21
-119.3370929999999959
 31
0
  0
LINE
  5
E78
330
1A
100
AcDbEntity
  8
B.Cu
  6
CONTINUOUS
100
AcDbLine
 10
161.151567
 20
-119.3370929999999959
 30
0
 11
161.1559079999999824
 21
-119.3774799999999914
 31
0
  0
LINE
  5
E79
330
1A
100
AcDbEntity
  8
B.Cu
  6
CONTINUOUS
100
AcDbLine
 10
161.1559079999999824
 20
-119.3774799999999914
 30
0
 11
161.1559089999999799
 21
-119.3774839999999955
 31
0
  0
LINE
  5
E7A
330
1A
100
AcDbEntity
  8
B.Cu
  6
CONTINUOUS
100
AcDbLine
 10
161.1559089999999799
 20
-119.3774839999999955
 30
0
 11
161.2062029999999879
 21
-119.512328999999994
 31
0
  0
LINE
  5
E7B
330
1A
100
AcDbEntity
  8
B.Cu
  6
CONTINUOUS
100
AcDbLine
 10
161.2062029999999879
 20
-119.512328999999994
 30
0
 11
161.2062039999999854
 21
-119.512330999999989
 31
0
  0
LINE
  5
E7C
330
1A
100
AcDbEntity
  8
B.Cu
  6
CONTINUOUS
100
AcDbLine
 10
161.2062039999999854
 20
-119.512330999999989
 30
0
 11
161.2924539999999922
 21
-119.6275459999999953
 31
0
  0
LINE
  5
E7D
330
1A
100
AcDbEntity
  8
B.Cu
  6
CONTINUOUS
100
AcDbLine
 10
161.2924539999999922
 20
-119.6275459999999953
 30
0
 11
161.4076689999999985
 21
-119.7137959999999879
 31
0
  0
LINE
  5
E7E
330
1A
100
AcDbEntity
  8
B.Cu
  6
CONTINUOUS
100
AcDbLine
 10
161.4076689999999985
 20
-119.7137959999999879
 30
0
 11
161.407669999999996
 21
-119.7137959999999879
 31
0
  0
LINE
  5
E7F
330
1A
100
AcDbEntity
  8
B.Cu
  6
CONTINUOUS
100
AcDbLine
 10
161.407669999999996
 20
-119.7137959999999879
 30
0
 11
161.4219269999999824
 21
-119.7244689999999991
 31
0
  0
LINE
  5
E80
330
1A
100
AcDbEntity
  8
B.Cu
  6
CONTINUOUS
100
AcDbLine
 10
161.4219269999999824
 20
-119.7244689999999991
 30
0
 11
161.4195719999999881
 21
-119.7276139999999884
 31
0
  0
LINE
  5
E81
330
1A
100
AcDbEntity
  8
B.Cu
  6
CONTINUOUS
100
AcDbLine
 10
161.4195719999999881
 20
-119.7276139999999884
 30
0
 11
161.4688689999999838
 21
-119.7688249999999925
 31
0
  0
LINE
  5
E82
330
1A
100
AcDbEntity
  8
B.Cu
  6
CONTINUOUS
100
AcDbLine
 10
161.4688689999999838
 20
-119.7688249999999925
 30
0
 11
161.513889000000006
 21
-119.8549189999999953
 31
0
  0
LINE
  5
E83
330
1A
100
AcDbEntity
  8
B.Cu
  6
CONTINUOUS
100
AcDbLine
 10
161.513889000000006
 20
-119.8549189999999953
 30
0
 11
161.5225360000000023
 21
-119.9516889999999876
 31
0
  0
LINE
  5
E84
330
1A
100
AcDbEntity
  8
B.Cu
  6
CONTINUOUS
100
AcDbLine
 10
161.5225360000000023
 20
-119.9516889999999876
 30
0
 11
161.4934920000000034
 21
-120.0444009999999935
 31
0
  0
LINE
  5
E85
330
1A
100
AcDbEntity
  8
B.Cu
  6
CONTINUOUS
100
AcDbLine
 10
161.4934920000000034
 20
-120.0444009999999935
 30
0
 11
161.4747389999999996
 21
-120.0716329999999914
 31
0
  0
LINE
  5
E86
330
1A
100
AcDbEntity
  8
B.Cu
  6
CONTINUOUS
100
AcDbLine
 10
161.4747389999999996
 20
-120.0716329999999914
 30
0
 11
161.4756469999999808
 21
-120.0722929999999877
 31
0
  0
LINE
  5
E87
330
1A
100
AcDbEntity
  8
B.Cu
  6
CONTINUOUS
100
AcDbLine
 10
161.4756469999999808
 20
-120.0722929999999877
 30
0
 11
161.344949999999983
 21
-120.2521819999999906
 31
0
  0
LINE
  5
E88
330
1A
100
AcDbEntity
  8
B.Cu
  6
CONTINUOUS
100
AcDbLine
 10
161.344949999999983
 20
-120.2521819999999906
 30
0
 11
161.2484409999999855
 21
-120.441592
 31
0
  0
LINE
  5
E89
330
1A
100
AcDbEntity
  8
B.Cu
  6
CONTINUOUS
100
AcDbLine
 10
161.2484409999999855
 20
-120.441592
 30
0
 11
161.1827529999999911
 21
-120.6437589999999886
 31
0
  0
LINE
  5
E8A
330
1A
100
AcDbEntity
  8
B.Cu
  6
CONTINUOUS
100
AcDbLine
 10
161.1827529999999911
 20
-120.6437589999999886
 30
0
 11
161.1494999999999891
 21
-120.8537029999999959
 31
0
  0
LINE
  5
E8B
330
1A
100
AcDbEntity
  8
B.Cu
  6
CONTINUOUS
100
AcDbLine
 10
161.1494999999999891
 20
-120.8537029999999959
 30
0
 11
161.1494999999999891
 21
-121.0662959999999941
 31
0
  0
LINE
  5
E8C
330
1A
100
AcDbEntity
  8
B.Cu
  6
CONTINUOUS
100
AcDbLine
 10
161.1494999999999891
 20
-121.0662959999999941
 30
0
 11
161.1827529999999911
 21
-121.2762400000000014
 31
0
  0
LINE
  5
E8D
330
1A
100
AcDbEntity
  8
B.Cu
  6
CONTINUOUS
100
AcDbLine
 10
161.1827529999999911
 20
-121.2762400000000014
 30
0
 11
161.2482489999999871
 21
-121.4778169999999875
 31
0
  0
LINE
  5
E8E
330
1A
100
AcDbEntity
  8
B.Cu
  6
CONTINUOUS
100
AcDbLine
 10
161.2482489999999871
 20
-121.4778169999999875
 30
0
 11
161.2484429999999804
 21
-121.4784119999999916
 31
0
  0
LINE
  5
E8F
330
1A
100
AcDbEntity
  8
B.Cu
  6
CONTINUOUS
100
AcDbLine
 10
161.2484429999999804
 20
-121.4784119999999916
 30
0
 11
161.3449489999999855
 21
-121.6678159999999878
 31
0
  0
LINE
  5
E90
330
1A
100
AcDbEntity
  8
B.Cu
  6
CONTINUOUS
100
AcDbLine
 10
161.3449489999999855
 20
-121.6678159999999878
 30
0
 11
161.4689979999999991
 21
-121.8385549999999995
 31
0
  0
LINE
  5
E91
330
1A
100
AcDbEntity
  8
B.Cu
  6
CONTINUOUS
100
AcDbLine
 10
161.4689979999999991
 20
-121.8385549999999995
 30
0
 11
161.4698970000000031
 21
-121.8397930000000002
 31
0
  0
LINE
  5
E92
330
1A
100
AcDbEntity
  8
B.Cu
  6
CONTINUOUS
100
AcDbLine
 10
161.4698970000000031
 20
-121.8397930000000002
 30
0
 11
161.6202069999999935
 21
-121.9901029999999906
 31
0
  0
LINE
  5
E93
330
1A
100
AcDbEntity
  8
B.Cu
  6
CONTINUOUS
100
AcDbLine
 10
161.6202069999999935
 20
-121.9901029999999906
 30
0
 11
161.6731309999999837
 21
-122.0285549999999972
 31
0
  0
LINE
  5
E94
330
1A
100
AcDbEntity
  8
B.Cu
  6
CONTINUOUS
100
AcDbLine
 10
161.6731309999999837
 20
-122.0285549999999972
 30
0
 11
161.7390800000000013
 21
-122.0998989999999935
 31
0
  0
LINE
  5
E95
330
1A
100
AcDbEntity
  8
B.Cu
  6
CONTINUOUS
100
AcDbLine
 10
161.7390800000000013
 20
-122.0998989999999935
 30
0
 11
161.7727069999999969
 21
-122.1910489999999925
 31
0
  0
LINE
  5
E96
330
1A
100
AcDbEntity
  8
B.Cu
  6
CONTINUOUS
100
AcDbLine
 10
161.7727069999999969
 20
-122.1910489999999925
 30
0
 11
161.7688919999999939
 21
-122.2881289999999979
 31
0
  0
LINE
  5
E97
330
1A
100
AcDbEntity
  8
B.Cu
  6
CONTINUOUS
100
AcDbLine
 10
161.7688919999999939
 20
-122.2881289999999979
 30
0
 11
161.7282170000000008
 21
-122.3763589999999937
 31
0
  0
LINE
  5
E98
330
1A
100
AcDbEntity
  8
B.Cu
  6
CONTINUOUS
100
AcDbLine
 10
161.7282170000000008
 20
-122.3763589999999937
 30
0
 11
161.6731309999999837
 21
-122.4314449999999965
 31
0
  0
LINE
  5
E99
330
1A
100
AcDbEntity
  8
B.Cu
  6
CONTINUOUS
100
AcDbLine
 10
161.6731309999999837
 20
-122.4314449999999965
 30
0
 11
161.6202069999999935
 21
-122.4698959999999914
 31
0
  0
LINE
  5
E9A
330
1A
100
AcDbEntity
  8
B.Cu
  6
CONTINUOUS
100
AcDbLine
 10
161.6202069999999935
 20
-122.4698959999999914
 30
0
 11
161.4698970000000031
 21
-122.620205999999996
 31
0
  0
LINE
  5
E9B
330
1A
100
AcDbEntity
  8
B.Cu
  6
CONTINUOUS
100
AcDbLine
 10
161.4698970000000031
 20
-122.620205999999996
 30
0
 11
161.344949999999983
 21
-122.7921819999999968
 31
0
  0
LINE
  5
E9C
330
1A
100
AcDbEntity
  8
B.Cu
  6
CONTINUOUS
100
AcDbLine
 10
161.344949999999983
 20
-122.7921819999999968
 30
0
 11
161.2484409999999855
 21
-122.981591999999992
 31
0
  0
LINE
  5
E9D
330
1A
100
AcDbEntity
  8
B.Cu
  6
CONTINUOUS
100
AcDbLine
 10
161.2484409999999855
 20
-122.981591999999992
 30
0
 11
161.1827529999999911
 21
-123.1837589999999949
 31
0
  0
LINE
  5
E9E
330
1A
100
AcDbEntity
  8
B.Cu
  6
CONTINUOUS
100
AcDbLine
 10
161.1827529999999911
 20
-123.1837589999999949
 30
0
 11
161.1494999999999891
 21
-123.3937029999999879
 31
0
  0
LINE
  5
E9F
330
1A
100
AcDbEntity
  8
B.Cu
  6
CONTINUOUS
100
AcDbLine
 10
161.1494999999999891
 20
-123.3937029999999879
 30
0
 11
161.1494999999999891
 21
-123.6062960000000004
 31
0
  0
LINE
  5
EA0
330
1A
100
AcDbEntity
  8
B.Cu
  6
CONTINUOUS
100
AcDbLine
 10
161.1494999999999891
 20
-123.6062960000000004
 30
0
 11
161.1827529999999911
 21
-123.8162399999999934
 31
0
  0
LINE
  5
EA1
330
1A
100
AcDbEntity
  8
B.Cu
  6
CONTINUOUS
100
AcDbLine
 10
161.1827529999999911
 20
-123.8162399999999934
 30
0
 11
161.2482489999999871
 21
-124.0178169999999938
 31
0
  0
LINE
  5
EA2
330
1A
100
AcDbEntity
  8
B.Cu
  6
CONTINUOUS
100
AcDbLine
 10
161.2482489999999871
 20
-124.0178169999999938
 30
0
 11
161.2484429999999804
 21
-124.0184119999999979
 31
0
  0
LINE
  5
EA3
330
1A
100
AcDbEntity
  8
B.Cu
  6
CONTINUOUS
100
AcDbLine
 10
161.2484429999999804
 20
-124.0184119999999979
 30
0
 11
161.3449489999999855
 21
-124.207815999999994
 31
0
  0
LINE
  5
EA4
330
1A
100
AcDbEntity
  8
B.Cu
  6
CONTINUOUS
100
AcDbLine
 10
161.3449489999999855
 20
-124.207815999999994
 30
0
 11
161.4698960000000056
 21
-124.3797919999999948
 31
0
  0
LINE
  5
EA5
330
1A
100
AcDbEntity
  8
B.Cu
  6
CONTINUOUS
100
AcDbLine
 10
161.4698960000000056
 20
-124.3797919999999948
 30
0
 11
161.620207999999991
 21
-124.5301039999999944
 31
0
  0
LINE
  5
EA6
330
1A
100
AcDbEntity
  8
B.Cu
  6
CONTINUOUS
100
AcDbLine
 10
161.620207999999991
 20
-124.5301039999999944
 30
0
 11
161.6371139999999968
 21
-124.5423869999999908
 31
0
  0
LINE
  5
EA7
330
1A
100
AcDbEntity
  8
B.Cu
  6
CONTINUOUS
100
AcDbLine
 10
161.6371139999999968
 20
-124.5423869999999908
 30
0
 11
161.6731309999999837
 21
-124.5685549999999893
 31
0
  0
LINE
  5
EA8
330
1A
100
AcDbEntity
  8
B.Cu
  6
CONTINUOUS
100
AcDbLine
 10
161.6731309999999837
 20
-124.5685549999999893
 30
0
 11
161.7390800000000013
 21
-124.6398989999999998
 31
0
  0
LINE
  5
EA9
330
1A
100
AcDbEntity
  8
B.Cu
  6
CONTINUOUS
100
AcDbLine
 10
161.7390800000000013
 20
-124.6398989999999998
 30
0
 11
161.7727069999999969
 21
-124.7310489999999987
 31
0
  0
LINE
  5
EAA
330
1A
100
AcDbEntity
  8
B.Cu
  6
CONTINUOUS
100
AcDbLine
 10
161.7727069999999969
 20
-124.7310489999999987
 30
0
 11
161.7688919999999939
 21
-124.8281289999999899
 31
0
  0
LINE
  5
EAB
330
1A
100
AcDbEntity
  8
B.Cu
  6
CONTINUOUS
100
AcDbLine
 10
161.7688919999999939
 20
-124.8281289999999899
 30
0
 11
161.7282170000000008
 21
-124.9163589999999999
 31
0
  0
LINE
  5
EAC
330
1A
100
AcDbEntity
  8
B.Cu
  6
CONTINUOUS
100
AcDbLine
 10
161.7282170000000008
 20
-124.9163589999999999
 30
0
 11
161.6731309999999837
 21
-124.9714449999999886
 31
0
  0
LINE
  5
EAD
330
1A
100
AcDbEntity
  8
B.Cu
  6
CONTINUOUS
100
AcDbLine
 10
161.6731309999999837
 20
-124.9714449999999886
 30
0
 11
161.6202069999999935
 21
-125.0098959999999977
 31
0
  0
LINE
  5
EAE
330
1A
100
AcDbEntity
  8
B.Cu
  6
CONTINUOUS
100
AcDbLine
 10
161.6202069999999935
 20
-125.0098959999999977
 30
0
 11
161.4698970000000031
 21
-125.1602059999999881
 31
0
  0
LINE
  5
EAF
330
1A
100
AcDbEntity
  8
B.Cu
  6
CONTINUOUS
100
AcDbLine
 10
161.4698970000000031
 20
-125.1602059999999881
 30
0
 11
161.344949999999983
 21
-125.3321819999999889
 31
0
  0
LINE
  5
EB0
330
1A
100
AcDbEntity
  8
B.Cu
  6
CONTINUOUS
100
AcDbLine
 10
161.344949999999983
 20
-125.3321819999999889
 30
0
 11
161.2484409999999855
 21
-125.5215919999999983
 31
0
  0
LINE
  5
EB1
330
1A
100
AcDbEntity
  8
B.Cu
  6
CONTINUOUS
100
AcDbLine
 10
161.2484409999999855
 20
-125.5215919999999983
 30
0
 11
161.1827529999999911
 21
-125.7237590000000012
 31
0
  0
LINE
  5
EB2
330
1A
100
AcDbEntity
  8
B.Cu
  6
CONTINUOUS
100
AcDbLine
 10
161.1827529999999911
 20
-125.7237590000000012
 30
0
 11
161.1494999999999891
 21
-125.9337029999999942
 31
0
  0
LINE
  5
EB3
330
1A
100
AcDbEntity
  8
B.Cu
  6
CONTINUOUS
100
AcDbLine
 10
161.1494999999999891
 20
-125.9337029999999942
 30
0
 11
161.1494999999999891
 21
-126.1462959999999924
 31
0
  0
LINE
  5
EB4
330
1A
100
AcDbEntity
  8
B.Cu
  6
CONTINUOUS
100
AcDbLine
 10
161.1494999999999891
 20
-126.1462959999999924
 30
0
 11
161.1827529999999911
 21
-126.3562399999999997
 31
0
  0
LINE
  5
EB5
330
1A
100
AcDbEntity
  8
B.Cu
  6
CONTINUOUS
100
AcDbLine
 10
161.1827529999999911
 20
-126.3562399999999997
 30
0
 11
161.2457090000000051
 21
-126.5499999999999972
 31
0
  0
LINE
  5
EB6
330
1A
100
AcDbEntity
  8
B.Cu
  6
CONTINUOUS
100
AcDbLine
 10
161.2457090000000051
 20
-126.5499999999999972
 30
0
 11
161.2484429999999804
 21
-126.5584119999999899
 31
0
  0
LINE
  5
EB7
330
1A
100
AcDbEntity
  8
B.Cu
  6
CONTINUOUS
100
AcDbLine
 10
161.2484429999999804
 20
-126.5584119999999899
 30
0
 11
161.3449489999999855
 21
-126.7478160000000003
 31
0
  0
LINE
  5
EB8
330
1A
100
AcDbEntity
  8
B.Cu
  6
CONTINUOUS
100
AcDbLine
 10
161.3449489999999855
 20
-126.7478160000000003
 30
0
 11
161.4698960000000056
 21
-126.9197920000000011
 31
0
  0
LINE
  5
EB9
330
1A
100
AcDbEntity
  8
B.Cu
  6
CONTINUOUS
100
AcDbLine
 10
161.4698960000000056
 20
-126.9197920000000011
 30
0
 11
161.620207999999991
 21
-127.0701040000000006
 31
0
  0
LINE
  5
EBA
330
1A
100
AcDbEntity
  8
B.Cu
  6
CONTINUOUS
100
AcDbLine
 10
161.620207999999991
 20
-127.0701040000000006
 30
0
 11
161.7921839999999918
 21
-127.1950509999999923
 31
0
  0
LINE
  5
EBB
330
1A
100
AcDbEntity
  8
B.Cu
  6
CONTINUOUS
100
AcDbLine
 10
161.7921839999999918
 20
-127.1950509999999923
 30
0
 11
161.9815879999999879
 21
-127.2915569999999974
 31
0
  0
LINE
  5
EBC
330
1A
100
AcDbEntity
  8
B.Cu
  6
CONTINUOUS
100
AcDbLine
 10
161.9815879999999879
 20
-127.2915569999999974
 30
0
 11
162.1837569999999857
 21
-127.3572459999999893
 31
0
  0
LINE
  5
EBD
330
1A
100
AcDbEntity
  8
B.Cu
  6
CONTINUOUS
100
AcDbLine
 10
162.1837569999999857
 20
-127.3572459999999893
 30
0
 11
162.2870089999999834
 21
-127.3735989999999987
 31
0
  0
LINE
  5
EBE
330
1A
100
AcDbEntity
  8
B.Cu
  6
CONTINUOUS
100
AcDbLine
 10
162.2870089999999834
 20
-127.3735989999999987
 30
0
 11
162.3781529999999975
 21
-127.4072229999999877
 31
0
  0
LINE
  5
EBF
330
1A
100
AcDbEntity
  8
B.Cu
  6
CONTINUOUS
100
AcDbLine
 10
162.3781529999999975
 20
-127.4072229999999877
 30
0
 11
162.4241229999999803
 21
-127.4434619999999967
 31
0
  0
LINE
  5
EC0
330
1A
100
AcDbEntity
  8
B.Cu
  6
CONTINUOUS
100
AcDbLine
 10
162.4241229999999803
 20
-127.4434619999999967
 30
0
 11
162.5
 21
-127.519338999999988
 31
0
  0
LINE
  5
EC1
330
1A
100
AcDbEntity
  8
B.Cu
  6
CONTINUOUS
100
AcDbLine
 10
162.5
 20
-127.519338999999988
 30
0
 11
162.5758730000000014
 21
-127.4434649999999891
 31
0
  0
LINE
  5
EC2
330
1A
100
AcDbEntity
  8
B.Cu
  6
CONTINUOUS
100
AcDbLine
 10
162.5758730000000014
 20
-127.4434649999999891
 30
0
 11
162.6566540000000032
 21
-127.3894880000000001
 31
0
  0
LINE
  5
EC3
330
1A
100
AcDbEntity
  8
B.Cu
  6
CONTINUOUS
100
AcDbLine
 10
162.6566540000000032
 20
-127.3894880000000001
 30
0
 11
162.7129840000000058
 21
-127.3735999999999962
 31
0
  0
LINE
  5
EC4
330
1A
100
AcDbEntity
  8
B.Cu
  6
CONTINUOUS
100
AcDbLine
 10
162.7129840000000058
 20
-127.3735999999999962
 30
0
 11
162.8162429999999858
 21
-127.3572459999999893
 31
0
  0
LINE
  5
EC5
330
1A
100
AcDbEntity
  8
B.Cu
  6
CONTINUOUS
100
AcDbLine
 10
162.8162429999999858
 20
-127.3572459999999893
 30
0
 11
163.0184119999999837
 21
-127.2915569999999974
 31
0
  0
LINE
  5
EC6
330
1A
100
AcDbEntity
  8
B.Cu
  6
CONTINUOUS
100
AcDbLine
 10
163.0184119999999837
 20
-127.2915569999999974
 30
0
 11
163.2078159999999798
 21
-127.1950509999999923
 31
0
  0
LINE
  5
EC7
330
1A
100
AcDbEntity
  8
B.Cu
  6
CONTINUOUS
100
AcDbLine
 10
163.2078159999999798
 20
-127.1950509999999923
 30
0
 11
163.3797919999999806
 21
-127.0701040000000006
 31
0
  0
LINE
  5
EC8
330
1A
100
AcDbEntity
  8
B.Cu
  6
CONTINUOUS
100
AcDbLine
 10
163.3797919999999806
 20
-127.0701040000000006
 30
0
 11
163.5301039999999944
 21
-126.9197920000000011
 31
0
  0
LINE
  5
EC9
330
1A
100
AcDbEntity
  8
B.Cu
  6
CONTINUOUS
100
AcDbLine
 10
163.5301039999999944
 20
-126.9197920000000011
 30
0
 11
163.6550509999999861
 21
-126.7478160000000003
 31
0
  0
LINE
  5
ECA
330
1A
100
AcDbEntity
  8
B.Cu
  6
CONTINUOUS
100
AcDbLine
 10
163.6550509999999861
 20
-126.7478160000000003
 30
0
 11
163.7515569999999911
 21
-126.5584119999999899
 31
0
  0
LINE
  5
ECB
330
1A
100
AcDbEntity
  8
B.Cu
  6
CONTINUOUS
100
AcDbLine
 10
163.7515569999999911
 20
-126.5584119999999899
 30
0
 11
163.817245999999983
 21
-126.3562429999999921
 31
0
  0
LINE
  5
ECC
330
1A
100
AcDbEntity
  8
B.Cu
  6
CONTINUOUS
100
AcDbLine
 10
163.817245999999983
 20
-126.3562429999999921
 30
0
 11
163.8504999999999825
 21
-126.1462870000000009
 31
0
  0
LINE
  5
ECD
330
1A
100
AcDbEntity
  8
B.Cu
  6
CONTINUOUS
100
AcDbLine
 10
163.8504999999999825
 20
-126.1462870000000009
 30
0
 11
163.8504999999999825
 21
-125.9337129999999974
 31
0
  0
LINE
  5
ECE
330
1A
100
AcDbEntity
  8
B.Cu
  6
CONTINUOUS
100
AcDbLine
 10
163.8504999999999825
 20
-125.9337129999999974
 30
0
 11
163.850498999999985
 21
-125.9337099999999907
 31
0
  0
LINE
  5
ECF
330
1A
100
AcDbEntity
  8
B.Cu
  6
CONTINUOUS
100
AcDbLine
 10
163.850498999999985
 20
-125.9337099999999907
 30
0
 11
163.850498999999985
 21
-125.9337029999999942
 31
0
  0
LINE
  5
ED0
330
1A
100
AcDbEntity
  8
B.Cu
  6
CONTINUOUS
100
AcDbLine
 10
163.850498999999985
 20
-125.9337029999999942
 30
0
 11
163.817245999999983
 21
-125.7237590000000012
 31
0
  0
LINE
  5
ED1
330
1A
100
AcDbEntity
  8
B.Cu
  6
CONTINUOUS
100
AcDbLine
 10
163.817245999999983
 20
-125.7237590000000012
 30
0
 11
163.817245999999983
 21
-125.723756999999992
 31
0
  0
LINE
  5
ED2
330
1A
100
AcDbEntity
  8
B.Cu
  6
CONTINUOUS
100
AcDbLine
 10
163.817245999999983
 20
-125.723756999999992
 30
0
 11
163.7515569999999911
 21
-125.5215879999999942
 31
0
  0
LINE
  5
ED3
330
1A
100
AcDbEntity
  8
B.Cu
  6
CONTINUOUS
100
AcDbLine
 10
163.7515569999999911
 20
-125.5215879999999942
 30
0
 11
163.6550509999999861
 21
-125.332183999999998
 31
0
  0
LINE
  5
ED4
330
1A
100
AcDbEntity
  8
B.Cu
  6
CONTINUOUS
100
AcDbLine
 10
163.6550509999999861
 20
-125.332183999999998
 30
0
 11
163.5301039999999944
 21
-125.1602079999999972
 31
0
  0
LINE
  5
ED5
330
1A
100
AcDbEntity
  8
B.Cu
  6
CONTINUOUS
100
AcDbLine
 10
163.5301039999999944
 20
-125.1602079999999972
 30
0
 11
163.3797919999999806
 21
-125.0098959999999977
 31
0
  0
LINE
  5
ED6
330
1A
100
AcDbEntity
  8
B.Cu
  6
CONTINUOUS
100
AcDbLine
 10
163.3797919999999806
 20
-125.0098959999999977
 30
0
 11
163.3268669999999929
 21
-124.9714439999999911
 31
0
  0
LINE
  5
ED7
330
1A
100
AcDbEntity
  8
B.Cu
  6
CONTINUOUS
100
AcDbLine
 10
163.3268669999999929
 20
-124.9714439999999911
 30
0
 11
163.2609199999999987
 21
-124.9001030000000014
 31
0
  0
LINE
  5
ED8
330
1A
100
AcDbEntity
  8
B.Cu
  6
CONTINUOUS
100
AcDbLine
 10
163.2609199999999987
 20
-124.9001030000000014
 30
0
 11
163.2272930000000031
 21
-124.8089529999999883
 31
0
  0
LINE
  5
ED9
330
1A
100
AcDbEntity
  8
B.Cu
  6
CONTINUOUS
100
AcDbLine
 10
163.2272930000000031
 20
-124.8089529999999883
 30
0
 11
163.2311069999999802
 21
-124.7118729999999971
 31
0
  0
LINE
  5
EDA
330
1A
100
AcDbEntity
  8
B.Cu
  6
CONTINUOUS
100
AcDbLine
 10
163.2311069999999802
 20
-124.7118729999999971
 30
0
 11
163.2717810000000043
 21
-124.6236419999999896
 31
0
  0
LINE
  5
EDB
330
1A
100
AcDbEntity
  8
B.Cu
  6
CONTINUOUS
100
AcDbLine
 10
163.2717810000000043
 20
-124.6236419999999896
 30
0
 11
163.3268669999999929
 21
-124.5685549999999893
 31
0
  0
LINE
  5
EDC
330
1A
100
AcDbEntity
  8
B.Cu
  6
CONTINUOUS
100
AcDbLine
 10
163.3268669999999929
 20
-124.5685549999999893
 30
0
 11
163.3797919999999806
 21
-124.5301039999999944
 31
0
  0
LINE
  5
EDD
330
1A
100
AcDbEntity
  8
B.Cu
  6
CONTINUOUS
100
AcDbLine
 10
163.3797919999999806
 20
-124.5301039999999944
 30
0
 11
163.5301039999999944
 21
-124.3797919999999948
 31
0
  0
LINE
  5
EDE
330
1A
100
AcDbEntity
  8
B.Cu
  6
CONTINUOUS
100
AcDbLine
 10
163.5301039999999944
 20
-124.3797919999999948
 30
0
 11
163.6550509999999861
 21
-124.207815999999994
 31
0
  0
LINE
  5
EDF
330
1A
100
AcDbEntity
  8
B.Cu
  6
CONTINUOUS
100
AcDbLine
 10
163.6550509999999861
 20
-124.207815999999994
 30
0
 11
163.7515569999999911
 21
-124.0184119999999979
 31
0
  0
LINE
  5
EE0
330
1A
100
AcDbEntity
  8
B.Cu
  6
CONTINUOUS
100
AcDbLine
 10
163.7515569999999911
 20
-124.0184119999999979
 30
0
 11
163.817245999999983
 21
-123.8162430000000001
 31
0
  0
LINE
  5
EE1
330
1A
100
AcDbEntity
  8
B.Cu
  6
CONTINUOUS
100
AcDbLine
 10
163.817245999999983
 20
-123.8162430000000001
 30
0
 11
163.8449310000000025
 21
-123.6414499999999919
 31
0
  0
LINE
  5
EE2
330
1A
100
AcDbEntity
  8
B.Cu
  6
CONTINUOUS
100
AcDbLine
 10
163.8449310000000025
 20
-123.6414499999999919
 30
0
 11
163.850498999999985
 21
-123.6062960000000004
 31
0
  0
LINE
  5
EE3
330
1A
100
AcDbEntity
  8
B.Cu
  6
CONTINUOUS
100
AcDbLine
 10
163.850498999999985
 20
-123.6062960000000004
 30
0
 11
163.8504999999999825
 21
-123.6062839999999881
 31
0
  0
LINE
  5
EE4
330
1A
100
AcDbEntity
  8
B.Cu
  6
CONTINUOUS
100
AcDbLine
 10
163.8504999999999825
 20
-123.6062839999999881
 30
0
 11
163.8504999999999825
 21
-123.3937150000000003
 31
0
  0
LINE
  5
EE5
330
1A
100
AcDbEntity
  8
B.Cu
  6
CONTINUOUS
100
AcDbLine
 10
163.8504999999999825
 20
-123.3937150000000003
 30
0
 11
163.850498999999985
 21
-123.3937029999999879
 31
0
  0
LINE
  5
EE6
330
1A
100
AcDbEntity
  8
B.Cu
  6
CONTINUOUS
100
AcDbLine
 10
163.850498999999985
 20
-123.3937029999999879
 30
0
 11
163.817245999999983
 21
-123.1837589999999949
 31
0
  0
LINE
  5
EE7
330
1A
100
AcDbEntity
  8
B.Cu
  6
CONTINUOUS
100
AcDbLine
 10
163.817245999999983
 20
-123.1837589999999949
 30
0
 11
163.817245999999983
 21
-123.1837569999999999
 31
0
  0
LINE
  5
EE8
330
1A
100
AcDbEntity
  8
B.Cu
  6
CONTINUOUS
100
AcDbLine
 10
163.817245999999983
 20
-123.1837569999999999
 30
0
 11
163.7515569999999911
 21
-122.9815879999999879
 31
0
  0
LINE
  5
EE9
330
1A
100
AcDbEntity
  8
B.Cu
  6
CONTINUOUS
100
AcDbLine
 10
163.7515569999999911
 20
-122.9815879999999879
 30
0
 11
163.6550509999999861
 21
-122.7921839999999918
 31
0
  0
LINE
  5
EEA
330
1A
100
AcDbEntity
  8
B.Cu
  6
CONTINUOUS
100
AcDbLine
 10
163.6550509999999861
 20
-122.7921839999999918
 30
0
 11
163.5301039999999944
 21
-122.620207999999991
 31
0
  0
LINE
  5
EEB
330
1A
100
AcDbEntity
  8
B.Cu
  6
CONTINUOUS
100
AcDbLine
 10
163.5301039999999944
 20
-122.620207999999991
 30
0
 11
163.3797919999999806
 21
-122.4698959999999914
 31
0
  0
LINE
  5
EEC
330
1A
100
AcDbEntity
  8
B.Cu
  6
CONTINUOUS
100
AcDbLine
 10
163.3797919999999806
 20
-122.4698959999999914
 30
0
 11
163.3268669999999929
 21
-122.4314439999999991
 31
0
  0
LINE
  5
EED
330
1A
100
AcDbEntity
  8
B.Cu
  6
CONTINUOUS
100
AcDbLine
 10
163.3268669999999929
 20
-122.4314439999999991
 30
0
 11
163.2609199999999987
 21
-122.3601029999999952
 31
0
  0
LINE
  5
EEE
330
1A
100
AcDbEntity
  8
B.Cu
  6
CONTINUOUS
100
AcDbLine
 10
163.2609199999999987
 20
-122.3601029999999952
 30
0
 11
163.2272930000000031
 21
-122.2689529999999962
 31
0
  0
LINE
  5
EEF
330
1A
100
AcDbEntity
  8
B.Cu
  6
CONTINUOUS
100
AcDbLine
 10
163.2272930000000031
 20
-122.2689529999999962
 30
0
 11
163.2311069999999802
 21
-122.1718729999999908
 31
0
  0
LINE
  5
EF0
330
1A
100
AcDbEntity
  8
B.Cu
  6
CONTINUOUS
100
AcDbLine
 10
163.2311069999999802
 20
-122.1718729999999908
 30
0
 11
163.2717810000000043
 21
-122.0836419999999976
 31
0
  0
LINE
  5
EF1
330
1A
100
AcDbEntity
  8
B.Cu
  6
CONTINUOUS
100
AcDbLine
 10
163.2717810000000043
 20
-122.0836419999999976
 30
0
 11
163.3268669999999929
 21
-122.0285549999999972
 31
0
  0
LINE
  5
EF2
330
1A
100
AcDbEntity
  8
B.Cu
  6
CONTINUOUS
100
AcDbLine
 10
163.3268669999999929
 20
-122.0285549999999972
 30
0
 11
163.3797919999999806
 21
-121.9901039999999881
 31
0
  0
LINE
  5
EF3
330
1A
100
AcDbEntity
  8
B.Cu
  6
CONTINUOUS
100
AcDbLine
 10
163.3797919999999806
 20
-121.9901039999999881
 30
0
 11
163.5301039999999944
 21
-121.8397919999999885
 31
0
  0
LINE
  5
EF4
330
1A
100
AcDbEntity
  8
B.Cu
  6
CONTINUOUS
100
AcDbLine
 10
163.5301039999999944
 20
-121.8397919999999885
 30
0
 11
163.6550509999999861
 21
-121.6678159999999878
 31
0
  0
LINE
  5
EF5
330
1A
100
AcDbEntity
  8
B.Cu
  6
CONTINUOUS
100
AcDbLine
 10
163.6550509999999861
 20
-121.6678159999999878
 30
0
 11
163.7515569999999911
 21
-121.4784119999999916
 31
0
  0
LINE
  5
EF6
330
1A
100
AcDbEntity
  8
B.Cu
  6
CONTINUOUS
100
AcDbLine
 10
163.7515569999999911
 20
-121.4784119999999916
 30
0
 11
163.817245999999983
 21
-121.2762429999999938
 31
0
  0
LINE
  5
EF7
330
1A
100
AcDbEntity
  8
B.Cu
  6
CONTINUOUS
100
AcDbLine
 10
163.817245999999983
 20
-121.2762429999999938
 30
0
 11
163.842458999999991
 21
-121.1170559999999909
 31
0
  0
LINE
  5
EF8
330
1A
100
AcDbEntity
  8
B.Cu
  6
CONTINUOUS
100
AcDbLine
 10
163.842458999999991
 20
-121.1170559999999909
 30
0
 11
163.850498999999985
 21
-121.0662959999999941
 31
0
  0
LINE
  5
EF9
330
1A
100
AcDbEntity
  8
B.Cu
  6
CONTINUOUS
100
AcDbLine
 10
163.850498999999985
 20
-121.0662959999999941
 30
0
 11
163.8504999999999825
 21
-121.066283999999996
 31
0
  0
LINE
  5
EFA
330
1A
100
AcDbEntity
  8
B.Cu
  6
CONTINUOUS
100
AcDbLine
 10
163.8504999999999825
 20
-121.066283999999996
 30
0
 11
163.8504999999999825
 21
-120.853714999999994
 31
0
  0
LINE
  5
EFB
330
1A
100
AcDbEntity
  8
B.Cu
  6
CONTINUOUS
100
AcDbLine
 10
163.8504999999999825
 20
-120.853714999999994
 30
0
 11
163.850498999999985
 21
-120.8537029999999959
 31
0
  0
LINE
  5
EFC
330
1A
100
AcDbEntity
  8
B.Cu
  6
CONTINUOUS
100
AcDbLine
 10
163.850498999999985
 20
-120.8537029999999959
 30
0
 11
163.817245999999983
 21
-120.6437589999999886
 31
0
  0
LINE
  5
EFD
330
1A
100
AcDbEntity
  8
B.Cu
  6
CONTINUOUS
100
AcDbLine
 10
163.817245999999983
 20
-120.6437589999999886
 30
0
 11
163.817245999999983
 21
-120.6437569999999937
 31
0
  0
LINE
  5
EFE
330
1A
100
AcDbEntity
  8
B.Cu
  6
CONTINUOUS
100
AcDbLine
 10
163.817245999999983
 20
-120.6437569999999937
 30
0
 11
163.7515569999999911
 21
-120.4415879999999959
 31
0
  0
LINE
  5
EFF
330
1A
100
AcDbEntity
  8
B.Cu
  6
CONTINUOUS
100
AcDbLine
 10
163.7515569999999911
 20
-120.4415879999999959
 30
0
 11
163.6550509999999861
 21
-120.2521839999999997
 31
0
  0
LINE
  5
F00
330
1A
100
AcDbEntity
  8
B.Cu
  6
CONTINUOUS
100
AcDbLine
 10
163.6550509999999861
 20
-120.2521839999999997
 30
0
 11
163.5301039999999944
 21
-120.0802079999999989
 31
0
  0
LINE
  5
F01
330
1A
100
AcDbEntity
  8
B.Cu
  6
CONTINUOUS
100
AcDbLine
 10
163.5301039999999944
 20
-120.0802079999999989
 30
0
 11
163.5301019999999994
 21
-120.0802059999999898
 31
0
  0
LINE
  5
F02
330
1A
100
AcDbEntity
  8
B.Cu
  6
CONTINUOUS
100
AcDbLine
 10
163.5301019999999994
 20
-120.0802059999999898
 30
0
 11
163.5243529999999907
 21
-120.0722929999999877
 31
0
  0
LINE
  5
F03
330
1A
100
AcDbEntity
  8
B.Cu
  6
CONTINUOUS
100
AcDbLine
 10
163.5243529999999907
 20
-120.0722929999999877
 30
0
 11
163.5266550000000052
 21
-120.070619999999991
 31
0
  0
LINE
  5
F04
330
1A
100
AcDbEntity
  8
B.Cu
  6
CONTINUOUS
100
AcDbLine
 10
163.5266550000000052
 20
-120.070619999999991
 30
0
 11
163.4882139999999993
 21
-120.0019659999999959
 31
0
  0
LINE
  5
F05
330
1A
100
AcDbEntity
  8
B.Cu
  6
CONTINUOUS
100
AcDbLine
 10
163.4882139999999993
 20
-120.0019659999999959
 30
0
 11
163.4768019999999922
 21
-119.9054840000000013
 31
0
  0
LINE
  5
F06
330
1A
100
AcDbEntity
  8
B.Cu
  6
CONTINUOUS
100
AcDbLine
 10
163.4768019999999922
 20
-119.9054840000000013
 30
0
 11
163.5031799999999862
 21
-119.8119789999999938
 31
0
  0
LINE
  5
F07
330
1A
100
AcDbEntity
  8
B.Cu
  6
CONTINUOUS
100
AcDbLine
 10
163.5031799999999862
 20
-119.8119789999999938
 30
0
 11
163.5633339999999976
 21
-119.7356849999999895
 31
0
  0
LINE
  5
F08
330
1A
100
AcDbEntity
  8
B.Cu
  6
CONTINUOUS
100
AcDbLine
 10
163.5633339999999976
 20
-119.7356849999999895
 30
0
 11
163.578597000000002
 21
-119.725168999999994
 31
0
  0
LINE
  5
F09
330
1A
100
AcDbEntity
  8
B.Cu
  6
CONTINUOUS
100
AcDbLine
 10
163.578597000000002
 20
-119.725168999999994
 30
0
 11
163.5780729999999892
 21
-119.7244689999999991
 31
0
  0
LINE
  5
F0A
330
1A
100
AcDbEntity
  8
B.Cu
  6
CONTINUOUS
100
AcDbLine
 10
163.5780729999999892
 20
-119.7244689999999991
 30
0
 11
163.5923290000000065
 21
-119.7137959999999879
 31
0
  0
LINE
  5
F0B
330
1A
100
AcDbEntity
  8
B.Cu
  6
CONTINUOUS
100
AcDbLine
 10
163.5923290000000065
 20
-119.7137959999999879
 30
0
 11
163.5923310000000015
 21
-119.7137959999999879
 31
0
  0
LINE
  5
F0C
330
1A
100
AcDbEntity
  8
B.Cu
  6
CONTINUOUS
100
AcDbLine
 10
163.5923310000000015
 20
-119.7137959999999879
 30
0
 11
163.7075459999999794
 21
-119.6275459999999953
 31
0
  0
LINE
  5
F0D
330
1A
100
AcDbEntity
  8
B.Cu
  6
CONTINUOUS
100
AcDbLine
 10
163.7075459999999794
 20
-119.6275459999999953
 30
0
 11
163.7937959999999862
 21
-119.512330999999989
 31
0
  0
LINE
  5
F0E
330
1A
100
AcDbEntity
  8
B.Cu
  6
CONTINUOUS
100
AcDbLine
 10
163.7937959999999862
 20
-119.512330999999989
 30
0
 11
163.8440909999999917
 21
-119.377482999999998
 31
0
  0
LINE
  5
F0F
330
1A
100
AcDbEntity
  8
B.Cu
  6
CONTINUOUS
100
AcDbLine
 10
163.8440909999999917
 20
-119.377482999999998
 30
0
 11
163.8504999999999825
 21
-119.3178729999999916
 31
0
  0
LINE
  5
F10
330
1A
100
AcDbEntity
  8
B.Cu
  6
CONTINUOUS
100
AcDbLine
 10
163.8504999999999825
 20
-119.3178729999999916
 30
0
 11
163.850498999999985
 21
-117.522127999999995
 31
0
  0
LINE
  5
F11
330
1A
100
AcDbEntity
  8
B.Cu
  6
CONTINUOUS
100
AcDbLine
 10
163.850498999999985
 20
-117.522127999999995
 30
0
 11
163.8440909999999917
 21
-117.4625169999999912
 31
0
  0
LINE
  5
F12
330
1A
100
AcDbEntity
  8
B.Cu
  6
CONTINUOUS
100
AcDbLine
 10
163.8440909999999917
 20
-117.4625169999999912
 30
0
 11
163.7937959999999862
 21
-117.3276690000000002
 31
0
  0
LINE
  5
F13
330
1A
100
AcDbEntity
  8
B.Cu
  6
CONTINUOUS
100
AcDbLine
 10
163.7937959999999862
 20
-117.3276690000000002
 30
0
 11
163.7075459999999794
 21
-117.2124539999999939
 31
0
  0
LINE
  5
F14
330
1A
100
AcDbEntity
  8
B.Cu
  6
CONTINUOUS
100
AcDbLine
 10
163.7075459999999794
 20
-117.2124539999999939
 30
0
 11
163.5923310000000015
 21
-117.1262040000000013
 31
0
  0
LINE
  5
F15
330
1A
100
AcDbEntity
  8
B.Cu
  6
CONTINUOUS
100
AcDbLine
 10
163.5923310000000015
 20
-117.1262040000000013
 30
0
 11
163.4955389999999795
 21
-117.0901029999999992
 31
0
  0
LINE
  5
F16
330
1A
100
AcDbEntity
  8
B.Cu
  6
CONTINUOUS
100
AcDbLine
 10
163.4955389999999795
 20
-117.0901029999999992
 30
0
 11
163.4574810000000014
 21
-117.0759079999999983
 31
0
  0
LINE
  5
F17
330
1A
100
AcDbEntity
  8
B.Cu
  6
CONTINUOUS
100
AcDbLine
 10
163.4574810000000014
 20
-117.0759079999999983
 30
0
 11
163.3978730000000041
 21
-117.0694999999999908
 31
0
  0
LINE
  5
F18
330
1A
100
AcDbEntity
  8
B.Cu
  6
CONTINUOUS
100
AcDbLine
 10
163.3978730000000041
 20
-117.0694999999999908
 30
0
 11
161.6021340000000066
 21
-117.0694999999999908
 31
0
  0
LINE
  5
F19
330
1A
100
AcDbEntity
  8
B.Cu
  6
CONTINUOUS
100
AcDbLine
 10
161.6021340000000066
 20
-117.0694999999999908
 30
0
 11
161.6021299999999883
 21
-117.0694999999999908
 31
0
  0
LINE
  5
F1A
330
1A
100
AcDbEntity
  8
B.Cu
  6
CONTINUOUS
100
AcDbLine
 10
161.6021299999999883
 20
-117.0694999999999908
 30
0
 11
161.6021279999999933
 21
-117.0695009999999883
 31
0
  0
LINE
  5
F1B
330
1A
100
AcDbEntity
  8
B.Cu
  6
CONTINUOUS
100
AcDbLine
 10
161.6021279999999933
 20
-117.0695009999999883
 30
0
 11
161.5893140000000017
 21
-117.0708779999999933
 31
0
  0
LINE
  5
F1C
330
1A
100
AcDbEntity
  8
B.Cu
  6
CONTINUOUS
100
AcDbLine
 10
161.5893140000000017
 20
-117.0708779999999933
 30
0
 11
161.5425189999999986
 21
-117.0759079999999983
 31
0
  0
LINE
  5
F1D
330
1A
100
AcDbEntity
  8
B.Cu
  6
CONTINUOUS
100
AcDbLine
 10
161.5425189999999986
 20
-117.0759079999999983
 30
0
 11
161.5425149999999803
 21
-117.0759089999999958
 31
0
  0
LINE
  5
F1E
330
1A
100
AcDbEntity
  8
B.Cu
  6
CONTINUOUS
100
AcDbLine
 10
161.5425149999999803
 20
-117.0759089999999958
 30
0
 11
161.407669999999996
 21
-117.1262029999999896
 31
0
  0
LINE
  5
F1F
330
1A
100
AcDbEntity
  8
B.Cu
  6
CONTINUOUS
100
AcDbLine
 10
161.407669999999996
 20
-117.1262029999999896
 30
0
 11
161.2924549999999897
 21
-117.2124529999999965
 31
0
  0
LINE
  5
F20
330
1A
100
AcDbEntity
  8
B.Cu
  6
CONTINUOUS
100
AcDbLine
 10
161.2924549999999897
 20
-117.2124529999999965
 30
0
 11
161.2924529999999947
 21
-117.2124549999999914
 31
0
  0
LINE
  5
F21
330
1A
100
AcDbEntity
  8
B.Cu
  6
CONTINUOUS
100
AcDbLine
 10
161.2924529999999947
 20
-117.2124549999999914
 30
0
 11
161.2062039999999854
 21
-117.3276690000000002
 31
0
  0
LINE
  5
F22
330
1A
100
AcDbEntity
  8
B.Cu
  6
CONTINUOUS
100
AcDbLine
 10
161.2062039999999854
 20
-117.3276690000000002
 30
0
 11
161.1559079999999824
 21
-117.4625179999999887
 31
0
  0
LINE
  5
F23
330
1A
100
AcDbEntity
  8
B.Cu
  6
CONTINUOUS
100
AcDbLine
 10
161.1559079999999824
 20
-117.4625179999999887
 30
0
 11
161.1494999999999891
 21
-117.5221229999999935
 31
0
  0
LINE
  5
F24
330
1A
100
AcDbEntity
  8
B.Cu
  6
CONTINUOUS
100
AcDbLine
 10
161.1494999999999891
 20
-117.5221229999999935
 30
0
 11
161.1494999999999891
 21
-119.3178649999999976
 31
0
  0
LINE
  5
F25
330
1A
100
AcDbEntity
  8
B.Cu
  6
CONTINUOUS
100
AcDbLine
 10
159.4894999999999925
 20
-114.3978649999999959
 30
0
 11
159.48950099999999
 21
-114.397869
 31
0
  0
LINE
  5
F26
330
1A
100
AcDbEntity
  8
B.Cu
  6
CONTINUOUS
100
AcDbLine
 10
159.48950099999999
 20
-114.397869
 30
0
 11
159.4959079999999858
 21
-114.4574799999999897
 31
0
  0
LINE
  5
F27
330
1A
100
AcDbEntity
  8
B.Cu
  6
CONTINUOUS
100
AcDbLine
 10
159.4959079999999858
 20
-114.4574799999999897
 30
0
 11
159.4959089999999833
 21
-114.4574839999999938
 31
0
  0
LINE
  5
F28
330
1A
100
AcDbEntity
  8
B.Cu
  6
CONTINUOUS
100
AcDbLine
 10
159.4959089999999833
 20
-114.4574839999999938
 30
0
 11
159.5208499999999958
 21
-114.5243529999999907
 31
0
  0
LINE
  5
F29
330
1A
100
AcDbEntity
  8
B.Cu
  6
CONTINUOUS
100
AcDbLine
 10
159.5208499999999958
 20
-114.5243529999999907
 30
0
 11
159.5462039999999888
 21
-114.5923310000000015
 31
0
  0
LINE
  5
F2A
330
1A
100
AcDbEntity
  8
B.Cu
  6
CONTINUOUS
100
AcDbLine
 10
159.5462039999999888
 20
-114.5923310000000015
 30
0
 11
159.6324539999999956
 21
-114.7075459999999936
 31
0
  0
LINE
  5
F2B
330
1A
100
AcDbEntity
  8
B.Cu
  6
CONTINUOUS
100
AcDbLine
 10
159.6324539999999956
 20
-114.7075459999999936
 30
0
 11
159.7476690000000019
 21
-114.7937960000000004
 31
0
  0
LINE
  5
F2C
330
1A
100
AcDbEntity
  8
B.Cu
  6
CONTINUOUS
100
AcDbLine
 10
159.7476690000000019
 20
-114.7937960000000004
 30
0
 11
159.8825169999999787
 21
-114.8440909999999917
 31
0
  0
LINE
  5
F2D
330
1A
100
AcDbEntity
  8
B.Cu
  6
CONTINUOUS
100
AcDbLine
 10
159.8825169999999787
 20
-114.8440909999999917
 30
0
 11
159.9421269999999993
 21
-114.8504999999999967
 31
0
  0
LINE
  5
F2E
330
1A
100
AcDbEntity
  8
B.Cu
  6
CONTINUOUS
100
AcDbLine
 10
159.9421269999999993
 20
-114.8504999999999967
 30
0
 11
161.7378719999999817
 21
-114.8504989999999992
 31
0
  0
LINE
  5
F2F
330
1A
100
AcDbEntity
  8
B.Cu
  6
CONTINUOUS
100
AcDbLine
 10
161.7378719999999817
 20
-114.8504989999999992
 30
0
 11
161.7974829999999997
 21
-114.8440909999999917
 31
0
  0
LINE
  5
F30
330
1A
100
AcDbEntity
  8
B.Cu
  6
CONTINUOUS
100
AcDbLine
 10
161.7974829999999997
 20
-114.8440909999999917
 30
0
 11
161.9323310000000049
 21
-114.7937960000000004
 31
0
  0
LINE
  5
F31
330
1A
100
AcDbEntity
  8
B.Cu
  6
CONTINUOUS
100
AcDbLine
 10
161.9323310000000049
 20
-114.7937960000000004
 30
0
 11
162.0475459999999828
 21
-114.7075459999999936
 31
0
  0
LINE
  5
F32
330
1A
100
AcDbEntity
  8
B.Cu
  6
CONTINUOUS
100
AcDbLine
 10
162.0475459999999828
 20
-114.7075459999999936
 30
0
 11
162.1337959999999896
 21
-114.5923310000000015
 31
0
  0
LINE
  5
F33
330
1A
100
AcDbEntity
  8
B.Cu
  6
CONTINUOUS
100
AcDbLine
 10
162.1337959999999896
 20
-114.5923310000000015
 30
0
 11
162.1337959999999896
 21
-114.5923289999999923
 31
0
  0
LINE
  5
F34
330
1A
100
AcDbEntity
  8
B.Cu
  6
CONTINUOUS
100
AcDbLine
 10
162.1337959999999896
 20
-114.5923289999999923
 30
0
 11
162.1444689999999866
 21
-114.5780729999999892
 31
0
  0
LINE
  5
F35
330
1A
100
AcDbEntity
  8
B.Cu
  6
CONTINUOUS
100
AcDbLine
 10
162.1444689999999866
 20
-114.5780729999999892
 30
0
 11
162.1476159999999993
 21
-114.5804289999999952
 31
0
  0
LINE
  5
F36
330
1A
100
AcDbEntity
  8
B.Cu
  6
CONTINUOUS
100
AcDbLine
 10
162.1476159999999993
 20
-114.5804289999999952
 30
0
 11
162.1887889999999857
 21
-114.5311589999999882
 31
0
  0
LINE
  5
F37
330
1A
100
AcDbEntity
  8
B.Cu
  6
CONTINUOUS
100
AcDbLine
 10
162.1887889999999857
 20
-114.5311589999999882
 30
0
 11
162.2748749999999802
 21
-114.4861229999999921
 31
0
  0
LINE
  5
F38
330
1A
100
AcDbEntity
  8
B.Cu
  6
CONTINUOUS
100
AcDbLine
 10
162.2748749999999802
 20
-114.4861229999999921
 30
0
 11
162.3716430000000059
 21
-114.4774579999999986
 31
0
  0
LINE
  5
F39
330
1A
100
AcDbEntity
  8
B.Cu
  6
CONTINUOUS
100
AcDbLine
 10
162.3716430000000059
 20
-114.4774579999999986
 30
0
 11
162.4643599999999992
 21
-114.5064849999999979
 31
0
  0
LINE
  5
F3A
330
1A
100
AcDbEntity
  8
B.Cu
  6
CONTINUOUS
100
AcDbLine
 10
162.4643599999999992
 20
-114.5064849999999979
 30
0
 11
162.4916259999999966
 21
-114.5252699999999919
 31
0
  0
LINE
  5
F3B
330
1A
100
AcDbEntity
  8
B.Cu
  6
CONTINUOUS
100
AcDbLine
 10
162.4916259999999966
 20
-114.5252699999999919
 30
0
 11
162.4922929999999894
 21
-114.5243529999999907
 31
0
  0
LINE
  5
F3C
330
1A
100
AcDbEntity
  8
B.Cu
  6
CONTINUOUS
100
AcDbLine
 10
162.4922929999999894
 20
-114.5243529999999907
 30
0
 11
162.5002059999999915
 21
-114.5301019999999994
 31
0
  0
LINE
  5
F3D
330
1A
100
AcDbEntity
  8
B.Cu
  6
CONTINUOUS
100
AcDbLine
 10
162.5002059999999915
 20
-114.5301019999999994
 30
0
 11
162.5002079999999864
 21
-114.5301039999999944
 31
0
  0
LINE
  5
F3E
330
1A
100
AcDbEntity
  8
B.Cu
  6
CONTINUOUS
100
AcDbLine
 10
162.5002079999999864
 20
-114.5301039999999944
 30
0
 11
162.6721839999999872
 21
-114.6550510000000003
 31
0
  0
LINE
  5
F3F
330
1A
100
AcDbEntity
  8
B.Cu
  6
CONTINUOUS
100
AcDbLine
 10
162.6721839999999872
 20
-114.6550510000000003
 30
0
 11
162.8615879999999834
 21
-114.7515569999999911
 31
0
  0
LINE
  5
F40
330
1A
100
AcDbEntity
  8
B.Cu
  6
CONTINUOUS
100
AcDbLine
 10
162.8615879999999834
 20
-114.7515569999999911
 30
0
 11
163.0637569999999812
 21
-114.8172459999999973
 31
0
  0
LINE
  5
F41
330
1A
100
AcDbEntity
  8
B.Cu
  6
CONTINUOUS
100
AcDbLine
 10
163.0637569999999812
 20
-114.8172459999999973
 30
0
 11
163.1124930000000006
 21
-114.8249649999999917
 31
0
  0
LINE
  5
F42
330
1A
100
AcDbEntity
  8
B.Cu
  6
CONTINUOUS
100
AcDbLine
 10
163.1124930000000006
 20
-114.8249649999999917
 30
0
 11
163.2737029999999834
 21
-114.8504989999999992
 31
0
  0
LINE
  5
F43
330
1A
100
AcDbEntity
  8
B.Cu
  6
CONTINUOUS
100
AcDbLine
 10
163.2737029999999834
 20
-114.8504989999999992
 30
0
 11
163.2737099999999941
 21
-114.8504989999999992
 31
0
  0
LINE
  5
F44
330
1A
100
AcDbEntity
  8
B.Cu
  6
CONTINUOUS
100
AcDbLine
 10
163.2737099999999941
 20
-114.8504989999999992
 30
0
 11
163.2737129999999866
 21
-114.8504999999999967
 31
0
  0
LINE
  5
F45
330
1A
100
AcDbEntity
  8
B.Cu
  6
CONTINUOUS
100
AcDbLine
 10
163.2737129999999866
 20
-114.8504999999999967
 30
0
 11
163.273715999999979
 21
-114.8504999999999967
 31
0
  0
LINE
  5
F46
330
1A
100
AcDbEntity
  8
B.Cu
  6
CONTINUOUS
100
AcDbLine
 10
163.273715999999979
 20
-114.8504999999999967
 30
0
 11
163.4862839999999835
 21
-114.8504999999999967
 31
0
  0
LINE
  5
F47
330
1A
100
AcDbEntity
  8
B.Cu
  6
CONTINUOUS
100
AcDbLine
 10
163.4862839999999835
 20
-114.8504999999999967
 30
0
 11
163.4862870000000044
 21
-114.8504999999999967
 31
0
  0
LINE
  5
F48
330
1A
100
AcDbEntity
  8
B.Cu
  6
CONTINUOUS
100
AcDbLine
 10
163.4862870000000044
 20
-114.8504999999999967
 30
0
 11
163.4862899999999968
 21
-114.8504989999999992
 31
0
  0
LINE
  5
F49
330
1A
100
AcDbEntity
  8
B.Cu
  6
CONTINUOUS
100
AcDbLine
 10
163.4862899999999968
 20
-114.8504989999999992
 30
0
 11
163.4862959999999816
 21
-114.8504989999999992
 31
0
  0
LINE
  5
F4A
330
1A
100
AcDbEntity
  8
B.Cu
  6
CONTINUOUS
100
AcDbLine
 10
163.4862959999999816
 20
-114.8504989999999992
 30
0
 11
163.5854759999999999
 21
-114.8347890000000007
 31
0
  0
LINE
  5
F4B
330
1A
100
AcDbEntity
  8
B.Cu
  6
CONTINUOUS
100
AcDbLine
 10
163.5854759999999999
 20
-114.8347890000000007
 30
0
 11
163.6962429999999813
 21
-114.8172459999999973
 31
0
  0
LINE
  5
F4C
330
1A
100
AcDbEntity
  8
B.Cu
  6
CONTINUOUS
100
AcDbLine
 10
163.6962429999999813
 20
-114.8172459999999973
 30
0
 11
163.8984119999999791
 21
-114.7515569999999911
 31
0
  0
LINE
  5
F4D
330
1A
100
AcDbEntity
  8
B.Cu
  6
CONTINUOUS
100
AcDbLine
 10
163.8984119999999791
 20
-114.7515569999999911
 30
0
 11
164.0878160000000037
 21
-114.6550510000000003
 31
0
  0
LINE
  5
F4E
330
1A
100
AcDbEntity
  8
B.Cu
  6
CONTINUOUS
100
AcDbLine
 10
164.0878160000000037
 20
-114.6550510000000003
 30
0
 11
164.2597920000000045
 21
-114.5301039999999944
 31
0
  0
LINE
  5
F4F
330
1A
100
AcDbEntity
  8
B.Cu
  6
CONTINUOUS
100
AcDbLine
 10
164.2597920000000045
 20
-114.5301039999999944
 30
0
 11
164.4101039999999898
 21
-114.3797919999999948
 31
0
  0
LINE
  5
F50
330
1A
100
AcDbEntity
  8
B.Cu
  6
CONTINUOUS
100
AcDbLine
 10
164.4101039999999898
 20
-114.3797919999999948
 30
0
 11
164.4485549999999989
 21
-114.3268669999999929
 31
0
  0
LINE
  5
F51
330
1A
100
AcDbEntity
  8
B.Cu
  6
CONTINUOUS
100
AcDbLine
 10
164.4485549999999989
 20
-114.3268669999999929
 30
0
 11
164.5198969999999861
 21
-114.2609199999999987
 31
0
  0
LINE
  5
F52
330
1A
100
AcDbEntity
  8
B.Cu
  6
CONTINUOUS
100
AcDbLine
 10
164.5198969999999861
 20
-114.2609199999999987
 30
0
 11
164.611046999999985
 21
-114.2272929999999889
 31
0
  0
LINE
  5
F53
330
1A
100
AcDbEntity
  8
B.Cu
  6
CONTINUOUS
100
AcDbLine
 10
164.611046999999985
 20
-114.2272929999999889
 30
0
 11
164.7081269999999904
 21
-114.2311069999999944
 31
0
  0
LINE
  5
F54
330
1A
100
AcDbEntity
  8
B.Cu
  6
CONTINUOUS
100
AcDbLine
 10
164.7081269999999904
 20
-114.2311069999999944
 30
0
 11
164.7963579999999979
 21
-114.2717809999999901
 31
0
  0
LINE
  5
F55
330
1A
100
AcDbEntity
  8
B.Cu
  6
CONTINUOUS
100
AcDbLine
 10
164.7963579999999979
 20
-114.2717809999999901
 30
0
 11
164.8514439999999865
 21
-114.3268669999999929
 31
0
  0
LINE
  5
F56
330
1A
100
AcDbEntity
  8
B.Cu
  6
CONTINUOUS
100
AcDbLine
 10
164.8514439999999865
 20
-114.3268669999999929
 30
0
 11
164.8898959999999931
 21
-114.3797919999999948
 31
0
  0
LINE
  5
F57
330
1A
100
AcDbEntity
  8
B.Cu
  6
CONTINUOUS
100
AcDbLine
 10
164.8898959999999931
 20
-114.3797919999999948
 30
0
 11
165.0402079999999785
 21
-114.5301039999999944
 31
0
  0
LINE
  5
F58
330
1A
100
AcDbEntity
  8
B.Cu
  6
CONTINUOUS
100
AcDbLine
 10
165.0402079999999785
 20
-114.5301039999999944
 30
0
 11
165.2121839999999793
 21
-114.6550510000000003
 31
0
  0
LINE
  5
F59
330
1A
100
AcDbEntity
  8
B.Cu
  6
CONTINUOUS
100
AcDbLine
 10
165.2121839999999793
 20
-114.6550510000000003
 30
0
 11
165.4015880000000038
 21
-114.7515569999999911
 31
0
  0
LINE
  5
F5A
330
1A
100
AcDbEntity
  8
B.Cu
  6
CONTINUOUS
100
AcDbLine
 10
165.4015880000000038
 20
-114.7515569999999911
 30
0
 11
165.6037570000000017
 21
-114.8172459999999973
 31
0
  0
LINE
  5
F5B
330
1A
100
AcDbEntity
  8
B.Cu
  6
CONTINUOUS
100
AcDbLine
 10
165.6037570000000017
 20
-114.8172459999999973
 30
0
 11
165.6524929999999927
 21
-114.8249649999999917
 31
0
  0
LINE
  5
F5C
330
1A
100
AcDbEntity
  8
B.Cu
  6
CONTINUOUS
100
AcDbLine
 10
165.6524929999999927
 20
-114.8249649999999917
 30
0
 11
165.8137030000000038
 21
-114.8504989999999992
 31
0
  0
LINE
  5
F5D
330
1A
100
AcDbEntity
  8
B.Cu
  6
CONTINUOUS
100
AcDbLine
 10
165.8137030000000038
 20
-114.8504989999999992
 30
0
 11
165.8137099999999862
 21
-114.8504989999999992
 31
0
  0
LINE
  5
F5E
330
1A
100
AcDbEntity
  8
B.Cu
  6
CONTINUOUS
100
AcDbLine
 10
165.8137099999999862
 20
-114.8504989999999992
 30
0
 11
165.8137129999999786
 21
-114.8504999999999967
 31
0
  0
LINE
  5
F5F
330
1A
100
AcDbEntity
  8
B.Cu
  6
CONTINUOUS
100
AcDbLine
 10
165.8137129999999786
 20
-114.8504999999999967
 30
0
 11
165.8137159999999994
 21
-114.8504999999999967
 31
0
  0
LINE
  5
F60
330
1A
100
AcDbEntity
  8
B.Cu
  6
CONTINUOUS
100
AcDbLine
 10
165.8137159999999994
 20
-114.8504999999999967
 30
0
 11
166.026284000000004
 21
-114.8504999999999967
 31
0
  0
LINE
  5
F61
330
1A
100
AcDbEntity
  8
B.Cu
  6
CONTINUOUS
100
AcDbLine
 10
166.026284000000004
 20
-114.8504999999999967
 30
0
 11
166.0262869999999964
 21
-114.8504999999999967
 31
0
  0
LINE
  5
F62
330
1A
100
AcDbEntity
  8
B.Cu
  6
CONTINUOUS
100
AcDbLine
 10
166.0262869999999964
 20
-114.8504999999999967
 30
0
 11
166.0262899999999888
 21
-114.8504989999999992
 31
0
  0
LINE
  5
F63
330
1A
100
AcDbEntity
  8
B.Cu
  6
CONTINUOUS
100
AcDbLine
 10
166.0262899999999888
 20
-114.8504989999999992
 30
0
 11
166.0262960000000021
 21
-114.8504989999999992
 31
0
  0
LINE
  5
F64
330
1A
100
AcDbEntity
  8
B.Cu
  6
CONTINUOUS
100
AcDbLine
 10
166.0262960000000021
 20
-114.8504989999999992
 30
0
 11
166.1254759999999919
 21
-114.8347890000000007
 31
0
  0
LINE
  5
F65
330
1A
100
AcDbEntity
  8
B.Cu
  6
CONTINUOUS
100
AcDbLine
 10
166.1254759999999919
 20
-114.8347890000000007
 30
0
 11
166.2362430000000018
 21
-114.8172459999999973
 31
0
  0
LINE
  5
F66
330
1A
100
AcDbEntity
  8
B.Cu
  6
CONTINUOUS
100
AcDbLine
 10
166.2362430000000018
 20
-114.8172459999999973
 30
0
 11
166.4384119999999996
 21
-114.7515569999999911
 31
0
  0
LINE
  5
F67
330
1A
100
AcDbEntity
  8
B.Cu
  6
CONTINUOUS
100
AcDbLine
 10
166.4384119999999996
 20
-114.7515569999999911
 30
0
 11
166.6278159999999957
 21
-114.6550510000000003
 31
0
  0
LINE
  5
F68
330
1A
100
AcDbEntity
  8
B.Cu
  6
CONTINUOUS
100
AcDbLine
 10
166.6278159999999957
 20
-114.6550510000000003
 30
0
 11
166.7997919999999965
 21
-114.5301039999999944
 31
0
  0
LINE
  5
F69
330
1A
100
AcDbEntity
  8
B.Cu
  6
CONTINUOUS
100
AcDbLine
 10
166.7997919999999965
 20
-114.5301039999999944
 30
0
 11
166.9501039999999819
 21
-114.3797919999999948
 31
0
  0
LINE
  5
F6A
330
1A
100
AcDbEntity
  8
B.Cu
  6
CONTINUOUS
100
AcDbLine
 10
166.9501039999999819
 20
-114.3797919999999948
 30
0
 11
166.988554999999991
 21
-114.3268669999999929
 31
0
  0
LINE
  5
F6B
330
1A
100
AcDbEntity
  8
B.Cu
  6
CONTINUOUS
100
AcDbLine
 10
166.988554999999991
 20
-114.3268669999999929
 30
0
 11
167.0598970000000065
 21
-114.2609199999999987
 31
0
  0
LINE
  5
F6C
330
1A
100
AcDbEntity
  8
B.Cu
  6
CONTINUOUS
100
AcDbLine
 10
167.0598970000000065
 20
-114.2609199999999987
 30
0
 11
167.1510470000000055
 21
-114.2272929999999889
 31
0
  0
LINE
  5
F6D
330
1A
100
AcDbEntity
  8
B.Cu
  6
CONTINUOUS
100
AcDbLine
 10
167.1510470000000055
 20
-114.2272929999999889
 30
0
 11
167.2481269999999824
 21
-114.2311069999999944
 31
0
  0
LINE
  5
F6E
330
1A
100
AcDbEntity
  8
B.Cu
  6
CONTINUOUS
100
AcDbLine
 10
167.2481269999999824
 20
-114.2311069999999944
 30
0
 11
167.3363579999999899
 21
-114.2717809999999901
 31
0
  0
LINE
  5
F6F
330
1A
100
AcDbEntity
  8
B.Cu
  6
CONTINUOUS
100
AcDbLine
 10
167.3363579999999899
 20
-114.2717809999999901
 30
0
 11
167.3914439999999786
 21
-114.3268669999999929
 31
0
  0
LINE
  5
F70
330
1A
100
AcDbEntity
  8
B.Cu
  6
CONTINUOUS
100
AcDbLine
 10
167.3914439999999786
 20
-114.3268669999999929
 30
0
 11
167.4298959999999852
 21
-114.3797919999999948
 31
0
  0
LINE
  5
F71
330
1A
100
AcDbEntity
  8
B.Cu
  6
CONTINUOUS
100
AcDbLine
 10
167.4298959999999852
 20
-114.3797919999999948
 30
0
 11
167.5802079999999989
 21
-114.5301039999999944
 31
0
  0
LINE
  5
F72
330
1A
100
AcDbEntity
  8
B.Cu
  6
CONTINUOUS
100
AcDbLine
 10
167.5802079999999989
 20
-114.5301039999999944
 30
0
 11
167.7521839999999997
 21
-114.6550510000000003
 31
0
  0
LINE
  5
F73
330
1A
100
AcDbEntity
  8
B.Cu
  6
CONTINUOUS
100
AcDbLine
 10
167.7521839999999997
 20
-114.6550510000000003
 30
0
 11
167.9415879999999959
 21
-114.7515569999999911
 31
0
  0
LINE
  5
F74
330
1A
100
AcDbEntity
  8
B.Cu
  6
CONTINUOUS
100
AcDbLine
 10
167.9415879999999959
 20
-114.7515569999999911
 30
0
 11
168.1437569999999937
 21
-114.8172459999999973
 31
0
  0
LINE
  5
F75
330
1A
100
AcDbEntity
  8
B.Cu
  6
CONTINUOUS
100
AcDbLine
 10
168.1437569999999937
 20
-114.8172459999999973
 30
0
 11
168.1924929999999847
 21
-114.8249649999999917
 31
0
  0
LINE
  5
F76
330
1A
100
AcDbEntity
  8
B.Cu
  6
CONTINUOUS
100
AcDbLine
 10
168.1924929999999847
 20
-114.8249649999999917
 30
0
 11
168.3537029999999959
 21
-114.8504989999999992
 31
0
  0
LINE
  5
F77
330
1A
100
AcDbEntity
  8
B.Cu
  6
CONTINUOUS
100
AcDbLine
 10
168.3537029999999959
 20
-114.8504989999999992
 30
0
 11
168.3537099999999782
 21
-114.8504989999999992
 31
0
  0
LINE
  5
F78
330
1A
100
AcDbEntity
  8
B.Cu
  6
CONTINUOUS
100
AcDbLine
 10
168.3537099999999782
 20
-114.8504989999999992
 30
0
 11
168.3537129999999991
 21
-114.8504999999999967
 31
0
  0
LINE
  5
F79
330
1A
100
AcDbEntity
  8
B.Cu
  6
CONTINUOUS
100
AcDbLine
 10
168.3537129999999991
 20
-114.8504999999999967
 30
0
 11
168.3537159999999915
 21
-114.8504999999999967
 31
0
  0
LINE
  5
F7A
330
1A
100
AcDbEntity
  8
B.Cu
  6
CONTINUOUS
100
AcDbLine
 10
168.3537159999999915
 20
-114.8504999999999967
 30
0
 11
168.566283999999996
 21
-114.8504999999999967
 31
0
  0
LINE
  5
F7B
330
1A
100
AcDbEntity
  8
B.Cu
  6
CONTINUOUS
100
AcDbLine
 10
168.566283999999996
 20
-114.8504999999999967
 30
0
 11
168.5662869999999884
 21
-114.8504999999999967
 31
0
  0
LINE
  5
F7C
330
1A
100
AcDbEntity
  8
B.Cu
  6
CONTINUOUS
100
AcDbLine
 10
168.5662869999999884
 20
-114.8504999999999967
 30
0
 11
168.5662899999999809
 21
-114.8504989999999992
 31
0
  0
LINE
  5
F7D
330
1A
100
AcDbEntity
  8
B.Cu
  6
CONTINUOUS
100
AcDbLine
 10
168.5662899999999809
 20
-114.8504989999999992
 30
0
 11
168.5662959999999941
 21
-114.8504989999999992
 31
0
  0
LINE
  5
F7E
330
1A
100
AcDbEntity
  8
B.Cu
  6
CONTINUOUS
100
AcDbLine
 10
168.5662959999999941
 20
-114.8504989999999992
 30
0
 11
168.665475999999984
 21
-114.8347890000000007
 31
0
  0
LINE
  5
F7F
330
1A
100
AcDbEntity
  8
B.Cu
  6
CONTINUOUS
100
AcDbLine
 10
168.665475999999984
 20
-114.8347890000000007
 30
0
 11
168.7762429999999938
 21
-114.8172459999999973
 31
0
  0
LINE
  5
F80
330
1A
100
AcDbEntity
  8
B.Cu
  6
CONTINUOUS
100
AcDbLine
 10
168.7762429999999938
 20
-114.8172459999999973
 30
0
 11
168.9784119999999916
 21
-114.7515569999999911
 31
0
  0
LINE
  5
F81
330
1A
100
AcDbEntity
  8
B.Cu
  6
CONTINUOUS
100
AcDbLine
 10
168.9784119999999916
 20
-114.7515569999999911
 30
0
 11
169.1678159999999878
 21
-114.6550510000000003
 31
0
  0
LINE
  5
F82
330
1A
100
AcDbEntity
  8
B.Cu
  6
CONTINUOUS
100
AcDbLine
 10
169.1678159999999878
 20
-114.6550510000000003
 30
0
 11
169.3397919999999885
 21
-114.5301039999999944
 31
0
  0
LINE
  5
F83
330
1A
100
AcDbEntity
  8
B.Cu
  6
CONTINUOUS
100
AcDbLine
 10
169.3397919999999885
 20
-114.5301039999999944
 30
0
 11
169.4901040000000023
 21
-114.3797919999999948
 31
0
  0
LINE
  5
F84
330
1A
100
AcDbEntity
  8
B.Cu
  6
CONTINUOUS
100
AcDbLine
 10
169.4901040000000023
 20
-114.3797919999999948
 30
0
 11
169.528554999999983
 21
-114.3268669999999929
 31
0
  0
LINE
  5
F85
330
1A
100
AcDbEntity
  8
B.Cu
  6
CONTINUOUS
100
AcDbLine
 10
169.528554999999983
 20
-114.3268669999999929
 30
0
 11
169.5998969999999986
 21
-114.2609199999999987
 31
0
  0
LINE
  5
F86
330
1A
100
AcDbEntity
  8
B.Cu
  6
CONTINUOUS
100
AcDbLine
 10
169.5998969999999986
 20
-114.2609199999999987
 30
0
 11
169.6910469999999975
 21
-114.2272929999999889
 31
0
  0
LINE
  5
F87
330
1A
100
AcDbEntity
  8
B.Cu
  6
CONTINUOUS
100
AcDbLine
 10
169.6910469999999975
 20
-114.2272929999999889
 30
0
 11
169.7881270000000029
 21
-114.2311069999999944
 31
0
  0
LINE
  5
F88
330
1A
100
AcDbEntity
  8
B.Cu
  6
CONTINUOUS
100
AcDbLine
 10
169.7881270000000029
 20
-114.2311069999999944
 30
0
 11
169.876357999999982
 21
-114.2717809999999901
 31
0
  0
LINE
  5
F89
330
1A
100
AcDbEntity
  8
B.Cu
  6
CONTINUOUS
100
AcDbLine
 10
169.876357999999982
 20
-114.2717809999999901
 30
0
 11
169.9314439999999991
 21
-114.3268669999999929
 31
0
  0
LINE
  5
F8A
330
1A
100
AcDbEntity
  8
B.Cu
  6
CONTINUOUS
100
AcDbLine
 10
169.9314439999999991
 20
-114.3268669999999929
 30
0
 11
169.9698960000000056
 21
-114.3797919999999948
 31
0
  0
LINE
  5
F8B
330
1A
100
AcDbEntity
  8
B.Cu
  6
CONTINUOUS
100
AcDbLine
 10
169.9698960000000056
 20
-114.3797919999999948
 30
0
 11
170.120207999999991
 21
-114.5301039999999944
 31
0
  0
LINE
  5
F8C
330
1A
100
AcDbEntity
  8
B.Cu
  6
CONTINUOUS
100
AcDbLine
 10
170.120207999999991
 20
-114.5301039999999944
 30
0
 11
170.2921839999999918
 21
-114.6550510000000003
 31
0
  0
LINE
  5
F8D
330
1A
100
AcDbEntity
  8
B.Cu
  6
CONTINUOUS
100
AcDbLine
 10
170.2921839999999918
 20
-114.6550510000000003
 30
0
 11
170.4815879999999879
 21
-114.7515569999999911
 31
0
  0
LINE
  5
F8E
330
1A
100
AcDbEntity
  8
B.Cu
  6
CONTINUOUS
100
AcDbLine
 10
170.4815879999999879
 20
-114.7515569999999911
 30
0
 11
170.6837569999999857
 21
-114.8172459999999973
 31
0
  0
LINE
  5
F8F
330
1A
100
AcDbEntity
  8
B.Cu
  6
CONTINUOUS
100
AcDbLine
 10
170.6837569999999857
 20
-114.8172459999999973
 30
0
 11
170.7324930000000052
 21
-114.8249649999999917
 31
0
  0
LINE
  5
F90
330
1A
100
AcDbEntity
  8
B.Cu
  6
CONTINUOUS
100
AcDbLine
 10
170.7324930000000052
 20
-114.8249649999999917
 30
0
 11
170.8937029999999879
 21
-114.8504989999999992
 31
0
  0
LINE
  5
F91
330
1A
100
AcDbEntity
  8
B.Cu
  6
CONTINUOUS
100
AcDbLine
 10
170.8937029999999879
 20
-114.8504989999999992
 30
0
 11
170.8937099999999987
 21
-114.8504989999999992
 31
0
  0
LINE
  5
F92
330
1A
100
AcDbEntity
  8
B.Cu
  6
CONTINUOUS
100
AcDbLine
 10
170.8937099999999987
 20
-114.8504989999999992
 30
0
 11
170.8937129999999911
 21
-114.8504999999999967
 31
0
  0
LINE
  5
F93
330
1A
100
AcDbEntity
  8
B.Cu
  6
CONTINUOUS
100
AcDbLine
 10
170.8937129999999911
 20
-114.8504999999999967
 30
0
 11
170.8937159999999835
 21
-114.8504999999999967
 31
0
  0
LINE
  5
F94
330
1A
100
AcDbEntity
  8
B.Cu
  6
CONTINUOUS
100
AcDbLine
 10
170.8937159999999835
 20
-114.8504999999999967
 30
0
 11
171.1062839999999881
 21
-114.8504999999999967
 31
0
  0
LINE
  5
F95
330
1A
100
AcDbEntity
  8
B.Cu
  6
CONTINUOUS
100
AcDbLine
 10
171.1062839999999881
 20
-114.8504999999999967
 30
0
 11
171.1062869999999805
 21
-114.8504999999999967
 31
0
  0
LINE
  5
F96
330
1A
100
AcDbEntity
  8
B.Cu
  6
CONTINUOUS
100
AcDbLine
 10
171.1062869999999805
 20
-114.8504999999999967
 30
0
 11
171.1062900000000013
 21
-114.8504989999999992
 31
0
  0
LINE
  5
F97
330
1A
100
AcDbEntity
  8
B.Cu
  6
CONTINUOUS
100
AcDbLine
 10
171.1062900000000013
 20
-114.8504989999999992
 30
0
 11
171.1062959999999862
 21
-114.8504989999999992
 31
0
  0
LINE
  5
F98
330
1A
100
AcDbEntity
  8
B.Cu
  6
CONTINUOUS
100
AcDbLine
 10
171.1062959999999862
 20
-114.8504989999999992
 30
0
 11
171.2054760000000044
 21
-114.8347890000000007
 31
0
  0
LINE
  5
F99
330
1A
100
AcDbEntity
  8
B.Cu
  6
CONTINUOUS
100
AcDbLine
 10
171.2054760000000044
 20
-114.8347890000000007
 30
0
 11
171.3162429999999858
 21
-114.8172459999999973
 31
0
  0
LINE
  5
F9A
330
1A
100
AcDbEntity
  8
B.Cu
  6
CONTINUOUS
100
AcDbLine
 10
171.3162429999999858
 20
-114.8172459999999973
 30
0
 11
171.5184119999999837
 21
-114.7515569999999911
 31
0
  0
LINE
  5
F9B
330
1A
100
AcDbEntity
  8
B.Cu
  6
CONTINUOUS
100
AcDbLine
 10
171.5184119999999837
 20
-114.7515569999999911
 30
0
 11
171.7078159999999798
 21
-114.6550510000000003
 31
0
  0
LINE
  5
F9C
330
1A
100
AcDbEntity
  8
B.Cu
  6
CONTINUOUS
100
AcDbLine
 10
171.7078159999999798
 20
-114.6550510000000003
 30
0
 11
171.8797919999999806
 21
-114.5301039999999944
 31
0
  0
LINE
  5
F9D
330
1A
100
AcDbEntity
  8
B.Cu
  6
CONTINUOUS
100
AcDbLine
 10
171.8797919999999806
 20
-114.5301039999999944
 30
0
 11
172.0301039999999944
 21
-114.3797919999999948
 31
0
  0
LINE
  5
F9E
330
1A
100
AcDbEntity
  8
B.Cu
  6
CONTINUOUS
100
AcDbLine
 10
172.0301039999999944
 20
-114.3797919999999948
 30
0
 11
172.1550509999999861
 21
-114.207815999999994
 31
0
  0
LINE
  5
F9F
330
1A
100
AcDbEntity
  8
B.Cu
  6
CONTINUOUS
100
AcDbLine
 10
172.1550509999999861
 20
-114.207815999999994
 30
0
 11
172.2515569999999911
 21
-114.0184119999999979
 31
0
  0
LINE
  5
FA0
330
1A
100
AcDbEntity
  8
B.Cu
  6
CONTINUOUS
100
AcDbLine
 10
172.2515569999999911
 20
-114.0184119999999979
 30
0
 11
172.317245999999983
 21
-113.8162430000000001
 31
0
  0
LINE
  5
FA1
330
1A
100
AcDbEntity
  8
B.Cu
  6
CONTINUOUS
100
AcDbLine
 10
172.317245999999983
 20
-113.8162430000000001
 30
0
 11
172.3335999999999899
 21
-113.7129879999999957
 31
0
  0
LINE
  5
FA2
330
1A
100
AcDbEntity
  8
B.Cu
  6
CONTINUOUS
100
AcDbLine
 10
172.3335999999999899
 20
-113.7129879999999957
 30
0
 11
172.3672249999999906
 21
-113.6218429999999984
 31
0
  0
LINE
  5
FA3
330
1A
100
AcDbEntity
  8
B.Cu
  6
CONTINUOUS
100
AcDbLine
 10
172.3672249999999906
 20
-113.6218429999999984
 30
0
 11
172.4034649999999829
 21
-113.5758730000000014
 31
0
  0
LINE
  5
FA4
330
1A
100
AcDbEntity
  8
B.Cu
  6
CONTINUOUS
100
AcDbLine
 10
172.4034649999999829
 20
-113.5758730000000014
 30
0
 11
172.4793389999999818
 21
-113.5
 31
0
  0
LINE
  5
FA5
330
1A
100
AcDbEntity
  8
B.Cu
  6
CONTINUOUS
100
AcDbLine
 10
172.4793389999999818
 20
-113.5
 30
0
 11
172.4135129999999947
 21
-113.4341739999999987
 31
0
  0
LINE
  5
FA6
330
1A
100
AcDbEntity
  8
B.Cu
  6
CONTINUOUS
100
AcDbLine
 10
172.4135129999999947
 20
-113.4341739999999987
 30
0
 11
172.4034619999999904
 21
-113.4241229999999945
 31
0
  0
LINE
  5
FA7
330
1A
100
AcDbEntity
  8
B.Cu
  6
CONTINUOUS
100
AcDbLine
 10
172.4034619999999904
 20
-113.4241229999999945
 30
0
 11
172.3494859999999846
 21
-113.3433409999999952
 31
0
  0
LINE
  5
FA8
330
1A
100
AcDbEntity
  8
B.Cu
  6
CONTINUOUS
100
AcDbLine
 10
172.3494859999999846
 20
-113.3433409999999952
 30
0
 11
172.3335999999999899
 21
-113.2870139999999992
 31
0
  0
LINE
  5
FA9
330
1A
100
AcDbEntity
  8
B.Cu
  6
CONTINUOUS
100
AcDbLine
 10
172.3335999999999899
 20
-113.2870139999999992
 30
0
 11
172.317245999999983
 21
-113.1837569999999999
 31
0
  0
LINE
  5
FAA
330
1A
100
AcDbEntity
  8
B.Cu
  6
CONTINUOUS
100
AcDbLine
 10
172.317245999999983
 20
-113.1837569999999999
 30
0
 11
172.2515569999999911
 21
-112.9815879999999879
 31
0
  0
LINE
  5
FAB
330
1A
100
AcDbEntity
  8
B.Cu
  6
CONTINUOUS
100
AcDbLine
 10
172.2515569999999911
 20
-112.9815879999999879
 30
0
 11
172.1550509999999861
 21
-112.7921839999999918
 31
0
  0
LINE
  5
FAC
330
1A
100
AcDbEntity
  8
B.Cu
  6
CONTINUOUS
100
AcDbLine
 10
172.1550509999999861
 20
-112.7921839999999918
 30
0
 11
172.0301039999999944
 21
-112.620207999999991
 31
0
  0
LINE
  5
FAD
330
1A
100
AcDbEntity
  8
B.Cu
  6
CONTINUOUS
100
AcDbLine
 10
172.0301039999999944
 20
-112.620207999999991
 30
0
 11
171.8797919999999806
 21
-112.4698959999999914
 31
0
  0
LINE
  5
FAE
330
1A
100
AcDbEntity
  8
B.Cu
  6
CONTINUOUS
100
AcDbLine
 10
171.8797919999999806
 20
-112.4698959999999914
 30
0
 11
171.7078159999999798
 21
-112.3449489999999997
 31
0
  0
LINE
  5
FAF
330
1A
100
AcDbEntity
  8
B.Cu
  6
CONTINUOUS
100
AcDbLine
 10
171.7078159999999798
 20
-112.3449489999999997
 30
0
 11
171.5184119999999837
 21
-112.2484429999999946
 31
0
  0
LINE
  5
FB0
330
1A
100
AcDbEntity
  8
B.Cu
  6
CONTINUOUS
100
AcDbLine
 10
171.5184119999999837
 20
-112.2484429999999946
 30
0
 11
171.5184089999999912
 21
-112.2484419999999972
 31
0
  0
LINE
  5
FB1
330
1A
100
AcDbEntity
  8
B.Cu
  6
CONTINUOUS
100
AcDbLine
 10
171.5184089999999912
 20
-112.2484419999999972
 30
0
 11
171.5184069999999963
 21
-112.2484409999999997
 31
0
  0
LINE
  5
FB2
330
1A
100
AcDbEntity
  8
B.Cu
  6
CONTINUOUS
100
AcDbLine
 10
171.5184069999999963
 20
-112.2484409999999997
 30
0
 11
171.3162399999999934
 21
-112.1827529999999911
 31
0
  0
LINE
  5
FB3
330
1A
100
AcDbEntity
  8
B.Cu
  6
CONTINUOUS
100
AcDbLine
 10
171.3162399999999934
 20
-112.1827529999999911
 30
0
 11
171.2674999999999841
 21
-112.1750329999999991
 31
0
  0
LINE
  5
FB4
330
1A
100
AcDbEntity
  8
B.Cu
  6
CONTINUOUS
100
AcDbLine
 10
171.2674999999999841
 20
-112.1750329999999991
 30
0
 11
171.1062959999999862
 21
-112.1494999999999891
 31
0
  0
LINE
  5
FB5
330
1A
100
AcDbEntity
  8
B.Cu
  6
CONTINUOUS
100
AcDbLine
 10
171.1062959999999862
 20
-112.1494999999999891
 30
0
 11
171.1062869999999805
 21
-112.1494999999999891
 31
0
  0
LINE
  5
FB6
330
1A
100
AcDbEntity
  8
B.Cu
  6
CONTINUOUS
100
AcDbLine
 10
171.1062869999999805
 20
-112.1494999999999891
 30
0
 11
170.8937129999999911
 21
-112.1494999999999891
 31
0
  0
LINE
  5
FB7
330
1A
100
AcDbEntity
  8
B.Cu
  6
CONTINUOUS
100
AcDbLine
 10
170.8937129999999911
 20
-112.1494999999999891
 30
0
 11
170.8937029999999879
 21
-112.1494999999999891
 31
0
  0
LINE
  5
FB8
330
1A
100
AcDbEntity
  8
B.Cu
  6
CONTINUOUS
100
AcDbLine
 10
170.8937029999999879
 20
-112.1494999999999891
 30
0
 11
170.6837589999999807
 21
-112.1827529999999911
 31
0
  0
LINE
  5
FB9
330
1A
100
AcDbEntity
  8
B.Cu
  6
CONTINUOUS
100
AcDbLine
 10
170.6837589999999807
 20
-112.1827529999999911
 30
0
 11
170.4815920000000062
 21
-112.2484409999999997
 31
0
  0
LINE
  5
FBA
330
1A
100
AcDbEntity
  8
B.Cu
  6
CONTINUOUS
100
AcDbLine
 10
170.4815920000000062
 20
-112.2484409999999997
 30
0
 11
170.2921819999999968
 21
-112.3449499999999972
 31
0
  0
LINE
  5
FBB
330
1A
100
AcDbEntity
  8
B.Cu
  6
CONTINUOUS
100
AcDbLine
 10
170.2921819999999968
 20
-112.3449499999999972
 30
0
 11
170.120205999999996
 21
-112.4698969999999889
 31
0
  0
LINE
  5
FBC
330
1A
100
AcDbEntity
  8
B.Cu
  6
CONTINUOUS
100
AcDbLine
 10
170.120205999999996
 20
-112.4698969999999889
 30
0
 11
169.9698960000000056
 21
-112.6202069999999935
 31
0
  0
LINE
  5
FBD
330
1A
100
AcDbEntity
  8
B.Cu
  6
CONTINUOUS
100
AcDbLine
 10
169.9698960000000056
 20
-112.6202069999999935
 30
0
 11
169.9314449999999965
 21
-112.6731309999999979
 31
0
  0
LINE
  5
FBE
330
1A
100
AcDbEntity
  8
B.Cu
  6
CONTINUOUS
100
AcDbLine
 10
169.9314449999999965
 20
-112.6731309999999979
 30
0
 11
169.860100999999986
 21
-112.7390800000000013
 31
0
  0
LINE
  5
FBF
330
1A
100
AcDbEntity
  8
B.Cu
  6
CONTINUOUS
100
AcDbLine
 10
169.860100999999986
 20
-112.7390800000000013
 30
0
 11
169.7689509999999871
 21
-112.7727069999999969
 31
0
  0
LINE
  5
FC0
330
1A
100
AcDbEntity
  8
B.Cu
  6
CONTINUOUS
100
AcDbLine
 10
169.7689509999999871
 20
-112.7727069999999969
 30
0
 11
169.6718709999999817
 21
-112.7688919999999939
 31
0
  0
LINE
  5
FC1
330
1A
100
AcDbEntity
  8
B.Cu
  6
CONTINUOUS
100
AcDbLine
 10
169.6718709999999817
 20
-112.7688919999999939
 30
0
 11
169.5836410000000001
 21
-112.7282170000000008
 31
0
  0
LINE
  5
FC2
330
1A
100
AcDbEntity
  8
B.Cu
  6
CONTINUOUS
100
AcDbLine
 10
169.5836410000000001
 20
-112.7282170000000008
 30
0
 11
169.528554999999983
 21
-112.6731309999999979
 31
0
  0
LINE
  5
FC3
330
1A
100
AcDbEntity
  8
B.Cu
  6
CONTINUOUS
100
AcDbLine
 10
169.528554999999983
 20
-112.6731309999999979
 30
0
 11
169.4901030000000048
 21
-112.6202069999999935
 31
0
  0
LINE
  5
FC4
330
1A
100
AcDbEntity
  8
B.Cu
  6
CONTINUOUS
100
AcDbLine
 10
169.4901030000000048
 20
-112.6202069999999935
 30
0
 11
169.339792999999986
 21
-112.4698969999999889
 31
0
  0
LINE
  5
FC5
330
1A
100
AcDbEntity
  8
B.Cu
  6
CONTINUOUS
100
AcDbLine
 10
169.339792999999986
 20
-112.4698969999999889
 30
0
 11
169.2977339999999913
 21
-112.4393389999999897
 31
0
  0
LINE
  5
FC6
330
1A
100
AcDbEntity
  8
B.Cu
  6
CONTINUOUS
100
AcDbLine
 10
169.2977339999999913
 20
-112.4393389999999897
 30
0
 11
169.1678159999999878
 21
-112.3449489999999997
 31
0
  0
LINE
  5
FC7
330
1A
100
AcDbEntity
  8
B.Cu
  6
CONTINUOUS
100
AcDbLine
 10
169.1678159999999878
 20
-112.3449489999999997
 30
0
 11
168.9784119999999916
 21
-112.2484429999999946
 31
0
  0
LINE
  5
FC8
330
1A
100
AcDbEntity
  8
B.Cu
  6
CONTINUOUS
100
AcDbLine
 10
168.9784119999999916
 20
-112.2484429999999946
 30
0
 11
168.9784089999999992
 21
-112.2484419999999972
 31
0
  0
LINE
  5
FC9
330
1A
100
AcDbEntity
  8
B.Cu
  6
CONTINUOUS
100
AcDbLine
 10
168.9784089999999992
 20
-112.2484419999999972
 30
0
 11
168.9784070000000042
 21
-112.2484409999999997
 31
0
  0
LINE
  5
FCA
330
1A
100
AcDbEntity
  8
B.Cu
  6
CONTINUOUS
100
AcDbLine
 10
168.9784070000000042
 20
-112.2484409999999997
 30
0
 11
168.7762400000000014
 21
-112.1827529999999911
 31
0
  0
LINE
  5
FCB
330
1A
100
AcDbEntity
  8
B.Cu
  6
CONTINUOUS
100
AcDbLine
 10
168.7762400000000014
 20
-112.1827529999999911
 30
0
 11
168.5662959999999941
 21
-112.1494999999999891
 31
0
  0
LINE
  5
FCC
330
1A
100
AcDbEntity
  8
B.Cu
  6
CONTINUOUS
100
AcDbLine
 10
168.5662959999999941
 20
-112.1494999999999891
 30
0
 11
168.5662869999999884
 21
-112.1494999999999891
 31
0
  0
LINE
  5
FCD
330
1A
100
AcDbEntity
  8
B.Cu
  6
CONTINUOUS
100
AcDbLine
 10
168.5662869999999884
 20
-112.1494999999999891
 30
0
 11
168.3537129999999991
 21
-112.1494999999999891
 31
0
  0
LINE
  5
FCE
330
1A
100
AcDbEntity
  8
B.Cu
  6
CONTINUOUS
100
AcDbLine
 10
168.3537129999999991
 20
-112.1494999999999891
 30
0
 11
168.3537029999999959
 21
-112.1494999999999891
 31
0
  0
LINE
  5
FCF
330
1A
100
AcDbEntity
  8
B.Cu
  6
CONTINUOUS
100
AcDbLine
 10
168.3537029999999959
 20
-112.1494999999999891
 30
0
 11
168.1437589999999886
 21
-112.1827529999999911
 31
0
  0
LINE
  5
FD0
330
1A
100
AcDbEntity
  8
B.Cu
  6
CONTINUOUS
100
AcDbLine
 10
168.1437589999999886
 20
-112.1827529999999911
 30
0
 11
167.9415919999999858
 21
-112.2484409999999997
 31
0
  0
LINE
  5
FD1
330
1A
100
AcDbEntity
  8
B.Cu
  6
CONTINUOUS
100
AcDbLine
 10
167.9415919999999858
 20
-112.2484409999999997
 30
0
 11
167.7521820000000048
 21
-112.3449499999999972
 31
0
  0
LINE
  5
FD2
330
1A
100
AcDbEntity
  8
B.Cu
  6
CONTINUOUS
100
AcDbLine
 10
167.7521820000000048
 20
-112.3449499999999972
 30
0
 11
167.580206000000004
 21
-112.4698969999999889
 31
0
  0
LINE
  5
FD3
330
1A
100
AcDbEntity
  8
B.Cu
  6
CONTINUOUS
100
AcDbLine
 10
167.580206000000004
 20
-112.4698969999999889
 30
0
 11
167.4298959999999852
 21
-112.6202069999999935
 31
0
  0
LINE
  5
FD4
330
1A
100
AcDbEntity
  8
B.Cu
  6
CONTINUOUS
100
AcDbLine
 10
167.4298959999999852
 20
-112.6202069999999935
 30
0
 11
167.3914450000000045
 21
-112.6731309999999979
 31
0
  0
LINE
  5
FD5
330
1A
100
AcDbEntity
  8
B.Cu
  6
CONTINUOUS
100
AcDbLine
 10
167.3914450000000045
 20
-112.6731309999999979
 30
0
 11
167.320100999999994
 21
-112.7390800000000013
 31
0
  0
LINE
  5
FD6
330
1A
100
AcDbEntity
  8
B.Cu
  6
CONTINUOUS
100
AcDbLine
 10
167.320100999999994
 20
-112.7390800000000013
 30
0
 11
167.228950999999995
 21
-112.7727069999999969
 31
0
  0
LINE
  5
FD7
330
1A
100
AcDbEntity
  8
B.Cu
  6
CONTINUOUS
100
AcDbLine
 10
167.228950999999995
 20
-112.7727069999999969
 30
0
 11
167.1318709999999896
 21
-112.7688919999999939
 31
0
  0
LINE
  5
FD8
330
1A
100
AcDbEntity
  8
B.Cu
  6
CONTINUOUS
100
AcDbLine
 10
167.1318709999999896
 20
-112.7688919999999939
 30
0
 11
167.0436409999999796
 21
-112.7282170000000008
 31
0
  0
LINE
  5
FD9
330
1A
100
AcDbEntity
  8
B.Cu
  6
CONTINUOUS
100
AcDbLine
 10
167.0436409999999796
 20
-112.7282170000000008
 30
0
 11
166.988554999999991
 21
-112.6731309999999979
 31
0
  0
LINE
  5
FDA
330
1A
100
AcDbEntity
  8
B.Cu
  6
CONTINUOUS
100
AcDbLine
 10
166.988554999999991
 20
-112.6731309999999979
 30
0
 11
166.9501029999999844
 21
-112.6202069999999935
 31
0
  0
LINE
  5
FDB
330
1A
100
AcDbEntity
  8
B.Cu
  6
CONTINUOUS
100
AcDbLine
 10
166.9501029999999844
 20
-112.6202069999999935
 30
0
 11
166.799792999999994
 21
-112.4698969999999889
 31
0
  0
LINE
  5
FDC
330
1A
100
AcDbEntity
  8
B.Cu
  6
CONTINUOUS
100
AcDbLine
 10
166.799792999999994
 20
-112.4698969999999889
 30
0
 11
166.7577339999999992
 21
-112.4393389999999897
 31
0
  0
LINE
  5
FDD
330
1A
100
AcDbEntity
  8
B.Cu
  6
CONTINUOUS
100
AcDbLine
 10
166.7577339999999992
 20
-112.4393389999999897
 30
0
 11
166.6278159999999957
 21
-112.3449489999999997
 31
0
  0
LINE
  5
FDE
330
1A
100
AcDbEntity
  8
B.Cu
  6
CONTINUOUS
100
AcDbLine
 10
166.6278159999999957
 20
-112.3449489999999997
 30
0
 11
166.4384119999999996
 21
-112.2484429999999946
 31
0
  0
LINE
  5
FDF
330
1A
100
AcDbEntity
  8
B.Cu
  6
CONTINUOUS
100
AcDbLine
 10
166.4384119999999996
 20
-112.2484429999999946
 30
0
 11
166.4384089999999787
 21
-112.2484419999999972
 31
0
  0
LINE
  5
FE0
330
1A
100
AcDbEntity
  8
B.Cu
  6
CONTINUOUS
100
AcDbLine
 10
166.4384089999999787
 20
-112.2484419999999972
 30
0
 11
166.4384069999999838
 21
-112.2484409999999997
 31
0
  0
LINE
  5
FE1
330
1A
100
AcDbEntity
  8
B.Cu
  6
CONTINUOUS
100
AcDbLine
 10
166.4384069999999838
 20
-112.2484409999999997
 30
0
 11
166.2362399999999809
 21
-112.1827529999999911
 31
0
  0
LINE
  5
FE2
330
1A
100
AcDbEntity
  8
B.Cu
  6
CONTINUOUS
100
AcDbLine
 10
166.2362399999999809
 20
-112.1827529999999911
 30
0
 11
166.0262960000000021
 21
-112.1494999999999891
 31
0
  0
LINE
  5
FE3
330
1A
100
AcDbEntity
  8
B.Cu
  6
CONTINUOUS
100
AcDbLine
 10
166.0262960000000021
 20
-112.1494999999999891
 30
0
 11
166.0262869999999964
 21
-112.1494999999999891
 31
0
  0
LINE
  5
FE4
330
1A
100
AcDbEntity
  8
B.Cu
  6
CONTINUOUS
100
AcDbLine
 10
166.0262869999999964
 20
-112.1494999999999891
 30
0
 11
165.8137129999999786
 21
-112.1494999999999891
 31
0
  0
LINE
  5
FE5
330
1A
100
AcDbEntity
  8
B.Cu
  6
CONTINUOUS
100
AcDbLine
 10
165.8137129999999786
 20
-112.1494999999999891
 30
0
 11
165.8137030000000038
 21
-112.1494999999999891
 31
0
  0
LINE
  5
FE6
330
1A
100
AcDbEntity
  8
B.Cu
  6
CONTINUOUS
100
AcDbLine
 10
165.8137030000000038
 20
-112.1494999999999891
 30
0
 11
165.6037589999999966
 21
-112.1827529999999911
 31
0
  0
LINE
  5
FE7
330
1A
100
AcDbEntity
  8
B.Cu
  6
CONTINUOUS
100
AcDbLine
 10
165.6037589999999966
 20
-112.1827529999999911
 30
0
 11
165.4015919999999937
 21
-112.2484409999999997
 31
0
  0
LINE
  5
FE8
330
1A
100
AcDbEntity
  8
B.Cu
  6
CONTINUOUS
100
AcDbLine
 10
165.4015919999999937
 20
-112.2484409999999997
 30
0
 11
165.2121819999999843
 21
-112.3449499999999972
 31
0
  0
LINE
  5
FE9
330
1A
100
AcDbEntity
  8
B.Cu
  6
CONTINUOUS
100
AcDbLine
 10
165.2121819999999843
 20
-112.3449499999999972
 30
0
 11
165.0402059999999835
 21
-112.4698969999999889
 31
0
  0
LINE
  5
FEA
330
1A
100
AcDbEntity
  8
B.Cu
  6
CONTINUOUS
100
AcDbLine
 10
165.0402059999999835
 20
-112.4698969999999889
 30
0
 11
164.8898959999999931
 21
-112.6202069999999935
 31
0
  0
LINE
  5
FEB
330
1A
100
AcDbEntity
  8
B.Cu
  6
CONTINUOUS
100
AcDbLine
 10
164.8898959999999931
 20
-112.6202069999999935
 30
0
 11
164.851444999999984
 21
-112.6731309999999979
 31
0
  0
LINE
  5
FEC
330
1A
100
AcDbEntity
  8
B.Cu
  6
CONTINUOUS
100
AcDbLine
 10
164.851444999999984
 20
-112.6731309999999979
 30
0
 11
164.7801010000000019
 21
-112.7390800000000013
 31
0
  0
LINE
  5
FED
330
1A
100
AcDbEntity
  8
B.Cu
  6
CONTINUOUS
100
AcDbLine
 10
164.7801010000000019
 20
-112.7390800000000013
 30
0
 11
164.688951000000003
 21
-112.7727069999999969
 31
0
  0
LINE
  5
FEE
330
1A
100
AcDbEntity
  8
B.Cu
  6
CONTINUOUS
100
AcDbLine
 10
164.688951000000003
 20
-112.7727069999999969
 30
0
 11
164.5918709999999976
 21
-112.7688919999999939
 31
0
  0
LINE
  5
FEF
330
1A
100
AcDbEntity
  8
B.Cu
  6
CONTINUOUS
100
AcDbLine
 10
164.5918709999999976
 20
-112.7688919999999939
 30
0
 11
164.5036409999999876
 21
-112.7282170000000008
 31
0
  0
LINE
  5
FF0
330
1A
100
AcDbEntity
  8
B.Cu
  6
CONTINUOUS
100
AcDbLine
 10
164.5036409999999876
 20
-112.7282170000000008
 30
0
 11
164.4485549999999989
 21
-112.6731309999999979
 31
0
  0
LINE
  5
FF1
330
1A
100
AcDbEntity
  8
B.Cu
  6
CONTINUOUS
100
AcDbLine
 10
164.4485549999999989
 20
-112.6731309999999979
 30
0
 11
164.4101029999999923
 21
-112.6202069999999935
 31
0
  0
LINE
  5
FF2
330
1A
100
AcDbEntity
  8
B.Cu
  6
CONTINUOUS
100
AcDbLine
 10
164.4101029999999923
 20
-112.6202069999999935
 30
0
 11
164.2597930000000019
 21
-112.4698969999999889
 31
0
  0
LINE
  5
FF3
330
1A
100
AcDbEntity
  8
B.Cu
  6
CONTINUOUS
100
AcDbLine
 10
164.2597930000000019
 20
-112.4698969999999889
 30
0
 11
164.2177339999999788
 21
-112.4393389999999897
 31
0
  0
LINE
  5
FF4
330
1A
100
AcDbEntity
  8
B.Cu
  6
CONTINUOUS
100
AcDbLine
 10
164.2177339999999788
 20
-112.4393389999999897
 30
0
 11
164.0878160000000037
 21
-112.3449489999999997
 31
0
  0
LINE
  5
FF5
330
1A
100
AcDbEntity
  8
B.Cu
  6
CONTINUOUS
100
AcDbLine
 10
164.0878160000000037
 20
-112.3449489999999997
 30
0
 11
163.8984119999999791
 21
-112.2484429999999946
 31
0
  0
LINE
  5
FF6
330
1A
100
AcDbEntity
  8
B.Cu
  6
CONTINUOUS
100
AcDbLine
 10
163.8984119999999791
 20
-112.2484429999999946
 30
0
 11
163.8984089999999867
 21
-112.2484419999999972
 31
0
  0
LINE
  5
FF7
330
1A
100
AcDbEntity
  8
B.Cu
  6
CONTINUOUS
100
AcDbLine
 10
163.8984089999999867
 20
-112.2484419999999972
 30
0
 11
163.8984069999999917
 21
-112.2484409999999997
 31
0
  0
LINE
  5
FF8
330
1A
100
AcDbEntity
  8
B.Cu
  6
CONTINUOUS
100
AcDbLine
 10
163.8984069999999917
 20
-112.2484409999999997
 30
0
 11
163.6962399999999889
 21
-112.1827529999999911
 31
0
  0
LINE
  5
FF9
330
1A
100
AcDbEntity
  8
B.Cu
  6
CONTINUOUS
100
AcDbLine
 10
163.6962399999999889
 20
-112.1827529999999911
 30
0
 11
163.4862959999999816
 21
-112.1494999999999891
 31
0
  0
LINE
  5
FFA
330
1A
100
AcDbEntity
  8
B.Cu
  6
CONTINUOUS
100
AcDbLine
 10
163.4862959999999816
 20
-112.1494999999999891
 30
0
 11
163.4862870000000044
 21
-112.1494999999999891
 31
0
  0
LINE
  5
FFB
330
1A
100
AcDbEntity
  8
B.Cu
  6
CONTINUOUS
100
AcDbLine
 10
163.4862870000000044
 20
-112.1494999999999891
 30
0
 11
163.2737129999999866
 21
-112.1494999999999891
 31
0
  0
LINE
  5
FFC
330
1A
100
AcDbEntity
  8
B.Cu
  6
CONTINUOUS
100
AcDbLine
 10
163.2737129999999866
 20
-112.1494999999999891
 30
0
 11
163.2737029999999834
 21
-112.1494999999999891
 31
0
  0
LINE
  5
FFD
330
1A
100
AcDbEntity
  8
B.Cu
  6
CONTINUOUS
100
AcDbLine
 10
163.2737029999999834
 20
-112.1494999999999891
 30
0
 11
163.0637590000000046
 21
-112.1827529999999911
 31
0
  0
LINE
  5
FFE
330
1A
100
AcDbEntity
  8
B.Cu
  6
CONTINUOUS
100
AcDbLine
 10
163.0637590000000046
 20
-112.1827529999999911
 30
0
 11
162.8615920000000017
 21
-112.2484409999999997
 31
0
  0
LINE
  5
FFF
330
1A
100
AcDbEntity
  8
B.Cu
  6
CONTINUOUS
100
AcDbLine
 10
162.8615920000000017
 20
-112.2484409999999997
 30
0
 11
162.6721819999999923
 21
-112.3449499999999972
 31
0
  0
LINE
  5
1000
330
1A
100
AcDbEntity
  8
B.Cu
  6
CONTINUOUS
100
AcDbLine
 10
162.6721819999999923
 20
-112.3449499999999972
 30
0
 11
162.6576849999999865
 21
-112.3554829999999924
 31
0
  0
LINE
  5
1001
330
1A
100
AcDbEntity
  8
B.Cu
  6
CONTINUOUS
100
AcDbLine
 10
162.6576849999999865
 20
-112.3554829999999924
 30
0
 11
162.5002079999999864
 21
-112.4698959999999914
 31
0
  0
LINE
  5
1002
330
1A
100
AcDbEntity
  8
B.Cu
  6
CONTINUOUS
100
AcDbLine
 10
162.5002079999999864
 20
-112.4698959999999914
 30
0
 11
162.5002059999999915
 21
-112.4698969999999889
 31
0
  0
LINE
  5
1003
330
1A
100
AcDbEntity
  8
B.Cu
  6
CONTINUOUS
100
AcDbLine
 10
162.5002059999999915
 20
-112.4698969999999889
 30
0
 11
162.4922929999999894
 21
-112.475646999999995
 31
0
  0
LINE
  5
1004
330
1A
100
AcDbEntity
  8
B.Cu
  6
CONTINUOUS
100
AcDbLine
 10
162.4922929999999894
 20
-112.475646999999995
 30
0
 11
162.4906299999999817
 21
-112.4733589999999879
 31
0
  0
LINE
  5
1005
330
1A
100
AcDbEntity
  8
B.Cu
  6
CONTINUOUS
100
AcDbLine
 10
162.4906299999999817
 20
-112.4733589999999879
 30
0
 11
162.4218139999999835
 21
-112.5118339999999932
 31
0
  0
LINE
  5
1006
330
1A
100
AcDbEntity
  8
B.Cu
  6
CONTINUOUS
100
AcDbLine
 10
162.4218139999999835
 20
-112.5118339999999932
 30
0
 11
162.3253239999999948
 21
-112.5231840000000005
 31
0
  0
LINE
  5
1007
330
1A
100
AcDbEntity
  8
B.Cu
  6
CONTINUOUS
100
AcDbLine
 10
162.3253239999999948
 20
-112.5231840000000005
 30
0
 11
162.2318349999999896
 21
-112.4967460000000017
 31
0
  0
LINE
  5
1008
330
1A
100
AcDbEntity
  8
B.Cu
  6
CONTINUOUS
100
AcDbLine
 10
162.2318349999999896
 20
-112.4967460000000017
 30
0
 11
162.1555809999999838
 21
-112.4365430000000003
 31
0
  0
LINE
  5
1009
330
1A
100
AcDbEntity
  8
B.Cu
  6
CONTINUOUS
100
AcDbLine
 10
162.1555809999999838
 20
-112.4365430000000003
 30
0
 11
162.1451600000000042
 21
-112.421408999999997
 31
0
  0
LINE
  5
100A
330
1A
100
AcDbEntity
  8
B.Cu
  6
CONTINUOUS
100
AcDbLine
 10
162.1451600000000042
 20
-112.421408999999997
 30
0
 11
162.1444689999999866
 21
-112.4219269999999966
 31
0
  0
LINE
  5
100B
330
1A
100
AcDbEntity
  8
B.Cu
  6
CONTINUOUS
100
AcDbLine
 10
162.1444689999999866
 20
-112.4219269999999966
 30
0
 11
162.1337959999999896
 21
-112.407669999999996
 31
0
  0
LINE
  5
100C
330
1A
100
AcDbEntity
  8
B.Cu
  6
CONTINUOUS
100
AcDbLine
 10
162.1337959999999896
 20
-112.407669999999996
 30
0
 11
162.1337959999999896
 21
-112.4076689999999985
 31
0
  0
LINE
  5
100D
330
1A
100
AcDbEntity
  8
B.Cu
  6
CONTINUOUS
100
AcDbLine
 10
162.1337959999999896
 20
-112.4076689999999985
 30
0
 11
162.0475459999999828
 21
-112.2924539999999922
 31
0
  0
LINE
  5
100E
330
1A
100
AcDbEntity
  8
B.Cu
  6
CONTINUOUS
100
AcDbLine
 10
162.0475459999999828
 20
-112.2924539999999922
 30
0
 11
161.9323310000000049
 21
-112.2062039999999996
 31
0
  0
LINE
  5
100F
330
1A
100
AcDbEntity
  8
B.Cu
  6
CONTINUOUS
100
AcDbLine
 10
161.9323310000000049
 20
-112.2062039999999996
 30
0
 11
161.8487570000000062
 21
-112.1750329999999991
 31
0
  0
LINE
  5
1010
330
1A
100
AcDbEntity
  8
B.Cu
  6
CONTINUOUS
100
AcDbLine
 10
161.8487570000000062
 20
-112.1750329999999991
 30
0
 11
161.7974810000000048
 21
-112.1559079999999966
 31
0
  0
LINE
  5
1011
330
1A
100
AcDbEntity
  8
B.Cu
  6
CONTINUOUS
100
AcDbLine
 10
161.7974810000000048
 20
-112.1559079999999966
 30
0
 11
161.7378729999999791
 21
-112.1494999999999891
 31
0
  0
LINE
  5
1012
330
1A
100
AcDbEntity
  8
B.Cu
  6
CONTINUOUS
100
AcDbLine
 10
161.7378729999999791
 20
-112.1494999999999891
 30
0
 11
159.9421339999999816
 21
-112.1494999999999891
 31
0
  0
LINE
  5
1013
330
1A
100
AcDbEntity
  8
B.Cu
  6
CONTINUOUS
100
AcDbLine
 10
159.9421339999999816
 20
-112.1494999999999891
 30
0
 11
159.9421299999999917
 21
-112.1494999999999891
 31
0
  0
LINE
  5
1014
330
1A
100
AcDbEntity
  8
B.Cu
  6
CONTINUOUS
100
AcDbLine
 10
159.9421299999999917
 20
-112.1494999999999891
 30
0
 11
159.9421279999999967
 21
-112.1495010000000008
 31
0
  0
LINE
  5
1015
330
1A
100
AcDbEntity
  8
B.Cu
  6
CONTINUOUS
100
AcDbLine
 10
159.9421279999999967
 20
-112.1495010000000008
 30
0
 11
159.9293140000000051
 21
-112.1508779999999916
 31
0
  0
LINE
  5
1016
330
1A
100
AcDbEntity
  8
B.Cu
  6
CONTINUOUS
100
AcDbLine
 10
159.9293140000000051
 20
-112.1508779999999916
 30
0
 11
159.8825190000000021
 21
-112.1559079999999966
 31
0
  0
LINE
  5
1017
330
1A
100
AcDbEntity
  8
B.Cu
  6
CONTINUOUS
100
AcDbLine
 10
159.8825190000000021
 20
-112.1559079999999966
 30
0
 11
159.8825149999999837
 21
-112.1559089999999941
 31
0
  0
LINE
  5
1018
330
1A
100
AcDbEntity
  8
B.Cu
  6
CONTINUOUS
100
AcDbLine
 10
159.8825149999999837
 20
-112.1559089999999941
 30
0
 11
159.7476699999999994
 21
-112.2062029999999879
 31
0
  0
LINE
  5
1019
330
1A
100
AcDbEntity
  8
B.Cu
  6
CONTINUOUS
100
AcDbLine
 10
159.7476699999999994
 20
-112.2062029999999879
 30
0
 11
159.6324549999999931
 21
-112.2924529999999947
 31
0
  0
LINE
  5
101A
330
1A
100
AcDbEntity
  8
B.Cu
  6
CONTINUOUS
100
AcDbLine
 10
159.6324549999999931
 20
-112.2924529999999947
 30
0
 11
159.6324529999999982
 21
-112.2924549999999897
 31
0
  0
LINE
  5
101B
330
1A
100
AcDbEntity
  8
B.Cu
  6
CONTINUOUS
100
AcDbLine
 10
159.6324529999999982
 20
-112.2924549999999897
 30
0
 11
159.5462039999999888
 21
-112.4076689999999985
 31
0
  0
LINE
  5
101C
330
1A
100
AcDbEntity
  8
B.Cu
  6
CONTINUOUS
100
AcDbLine
 10
159.5462039999999888
 20
-112.4076689999999985
 30
0
 11
159.4959079999999858
 21
-112.5425180000000012
 31
0
  0
LINE
  5
101D
330
1A
100
AcDbEntity
  8
B.Cu
  6
CONTINUOUS
100
AcDbLine
 10
159.4959079999999858
 20
-112.5425180000000012
 30
0
 11
159.4894999999999925
 21
-112.6021229999999917
 31
0
  0
LINE
  5
101E
330
1A
100
AcDbEntity
  8
B.Cu
  6
CONTINUOUS
100
AcDbLine
 10
159.4894999999999925
 20
-112.6021229999999917
 30
0
 11
159.4894999999999925
 21
-114.3978649999999959
 31
0
  0
LINE
  5
101F
330
1A
100
AcDbEntity
  8
B.Cu
  6
CONTINUOUS
100
AcDbLine
 10
131.6606600000000071
 20
-113.149998999999994
 30
0
 11
131.924964999999986
 21
-113.4143040000000013
 31
0
  0
LINE
  5
1020
330
1A
100
AcDbEntity
  8
B.Cu
  6
CONTINUOUS
100
AcDbLine
 10
131.924964999999986
 20
-113.4143040000000013
 30
0
 11
131.9499989999999912
 21
-113.2562539999999984
 31
0
  0
LINE
  5
1021
330
1A
100
AcDbEntity
  8
B.Cu
  6
CONTINUOUS
100
AcDbLine
 10
131.9499989999999912
 20
-113.2562539999999984
 30
0
 11
131.9499999999999886
 21
-113.2562449999999927
 31
0
  0
LINE
  5
1022
330
1A
100
AcDbEntity
  8
B.Cu
  6
CONTINUOUS
100
AcDbLine
 10
131.9499999999999886
 20
-113.2562449999999927
 30
0
 11
131.9499999999999886
 21
-113.0437560000000019
 31
0
  0
LINE
  5
1023
330
1A
100
AcDbEntity
  8
B.Cu
  6
CONTINUOUS
100
AcDbLine
 10
131.9499999999999886
 20
-113.0437560000000019
 30
0
 11
131.9499989999999912
 21
-113.0437450000000013
 31
0
  0
LINE
  5
1024
330
1A
100
AcDbEntity
  8
B.Cu
  6
CONTINUOUS
100
AcDbLine
 10
131.9499989999999912
 20
-113.0437450000000013
 30
0
 11
131.9249639999999886
 21
-112.8856929999999892
 31
0
  0
LINE
  5
1025
330
1A
100
AcDbEntity
  8
B.Cu
  6
CONTINUOUS
100
AcDbLine
 10
131.9249639999999886
 20
-112.8856929999999892
 30
0
 11
131.6606600000000071
 21
-113.149998999999994
 31
0
  0
LINE
  5
1026
330
1A
100
AcDbEntity
  8
B.Cu
  6
CONTINUOUS
100
AcDbLine
 10
127.9749999999999943
 20
-105.7249989999999968
 30
0
 11
127.9559699999999935
 21
-105.8206699999999927
 31
0
  0
LINE
  5
1027
330
1A
100
AcDbEntity
  8
B.Cu
  6
CONTINUOUS
100
AcDbLine
 10
127.9559699999999935
 20
-105.8206699999999927
 30
0
 11
127.9017759999999981
 21
-105.9017759999999981
 31
0
  0
LINE
  5
1028
330
1A
100
AcDbEntity
  8
B.Cu
  6
CONTINUOUS
100
AcDbLine
 10
127.9017759999999981
 20
-105.9017759999999981
 30
0
 11
127.8206699999999927
 21
-105.9559699999999935
 31
0
  0
LINE
  5
1029
330
1A
100
AcDbEntity
  8
B.Cu
  6
CONTINUOUS
100
AcDbLine
 10
127.8206699999999927
 20
-105.9559699999999935
 30
0
 11
127.7249979999999994
 21
-105.9749989999999968
 31
0
  0
LINE
  5
102A
330
1A
100
AcDbEntity
  8
B.Cu
  6
CONTINUOUS
100
AcDbLine
 10
127.7249979999999994
 20
-105.9749989999999968
 30
0
 11
126.4749999999999943
 21
-105.9749989999999968
 31
0
  0
LINE
  5
102B
330
1A
100
AcDbEntity
  8
B.Cu
  6
CONTINUOUS
100
AcDbLine
 10
126.4749999999999943
 20
-105.9749989999999968
 30
0
 11
126.4749999999999943
 21
-106.4749989999999968
 31
0
  0
LINE
  5
102C
330
1A
100
AcDbEntity
  8
B.Cu
  6
CONTINUOUS
100
AcDbLine
 10
126.4749999999999943
 20
-106.4749989999999968
 30
0
 11
126.4750009999999918
 21
-106.4749999999999943
 31
0
  0
LINE
  5
102D
330
1A
100
AcDbEntity
  8
B.Cu
  6
CONTINUOUS
100
AcDbLine
 10
126.4750009999999918
 20
-106.4749999999999943
 30
0
 11
127.7749699999999962
 21
-106.4749999999999943
 31
0
  0
LINE
  5
102E
330
1A
100
AcDbEntity
  8
B.Cu
  6
CONTINUOUS
100
AcDbLine
 10
127.7749699999999962
 20
-106.4749999999999943
 30
0
 11
127.7749799999999993
 21
-106.4749989999999968
 31
0
  0
LINE
  5
102F
330
1A
100
AcDbEntity
  8
B.Cu
  6
CONTINUOUS
100
AcDbLine
 10
127.7749799999999993
 20
-106.4749989999999968
 30
0
 11
127.8776929999999936
 21
-106.4645049999999884
 31
0
  0
LINE
  5
1030
330
1A
100
AcDbEntity
  8
B.Cu
  6
CONTINUOUS
100
AcDbLine
 10
127.8776929999999936
 20
-106.4645049999999884
 30
0
 11
127.8776999999999902
 21
-106.4645039999999909
 31
0
  0
LINE
  5
1031
330
1A
100
AcDbEntity
  8
B.Cu
  6
CONTINUOUS
100
AcDbLine
 10
127.8776999999999902
 20
-106.4645039999999909
 30
0
 11
128.0441189999999949
 21
-106.4093589999999949
 31
0
  0
LINE
  5
1032
330
1A
100
AcDbEntity
  8
B.Cu
  6
CONTINUOUS
100
AcDbLine
 10
128.0441189999999949
 20
-106.4093589999999949
 30
0
 11
128.0441199999999924
 21
-106.4093579999999974
 31
0
  0
LINE
  5
1033
330
1A
100
AcDbEntity
  8
B.Cu
  6
CONTINUOUS
100
AcDbLine
 10
128.0441199999999924
 20
-106.4093579999999974
 30
0
 11
128.1933400000000063
 21
-106.3173180000000002
 31
0
  0
LINE
  5
1034
330
1A
100
AcDbEntity
  8
B.Cu
  6
CONTINUOUS
100
AcDbLine
 10
128.1933400000000063
 20
-106.3173180000000002
 30
0
 11
128.1933439999999962
 21
-106.3173149999999936
 31
0
  0
LINE
  5
1035
330
1A
100
AcDbEntity
  8
B.Cu
  6
CONTINUOUS
100
AcDbLine
 10
128.1933439999999962
 20
-106.3173149999999936
 30
0
 11
128.3173150000000078
 21
-106.1933439999999962
 31
0
  0
LINE
  5
1036
330
1A
100
AcDbEntity
  8
B.Cu
  6
CONTINUOUS
100
AcDbLine
 10
128.3173150000000078
 20
-106.1933439999999962
 30
0
 11
128.3173180000000002
 21
-106.1933399999999921
 31
0
  0
LINE
  5
1037
330
1A
100
AcDbEntity
  8
B.Cu
  6
CONTINUOUS
100
AcDbLine
 10
128.3173180000000002
 20
-106.1933399999999921
 30
0
 11
128.4093579999999974
 21
-106.0441199999999924
 31
0
  0
LINE
  5
1038
330
1A
100
AcDbEntity
  8
B.Cu
  6
CONTINUOUS
100
AcDbLine
 10
128.4093579999999974
 20
-106.0441199999999924
 30
0
 11
128.4093589999999949
 21
-106.0441189999999949
 31
0
  0
LINE
  5
1039
330
1A
100
AcDbEntity
  8
B.Cu
  6
CONTINUOUS
100
AcDbLine
 10
128.4093589999999949
 20
-106.0441189999999949
 30
0
 11
128.4645040000000051
 21
-105.8776999999999902
 31
0
  0
LINE
  5
103A
330
1A
100
AcDbEntity
  8
B.Cu
  6
CONTINUOUS
100
AcDbLine
 10
128.4645040000000051
 20
-105.8776999999999902
 30
0
 11
128.4645050000000026
 21
-105.8776929999999936
 31
0
  0
LINE
  5
103B
330
1A
100
AcDbEntity
  8
B.Cu
  6
CONTINUOUS
100
AcDbLine
 10
128.4645050000000026
 20
-105.8776929999999936
 30
0
 11
128.4749989999999968
 21
-105.7749799999999993
 31
0
  0
LINE
  5
103C
330
1A
100
AcDbEntity
  8
B.Cu
  6
CONTINUOUS
100
AcDbLine
 10
128.4749989999999968
 20
-105.7749799999999993
 30
0
 11
128.4749999999999943
 21
-105.7749699999999962
 31
0
  0
LINE
  5
103D
330
1A
100
AcDbEntity
  8
B.Cu
  6
CONTINUOUS
100
AcDbLine
 10
128.4749999999999943
 20
-105.7749699999999962
 30
0
 11
128.4749999999999943
 21
-105.6750009999999946
 31
0
  0
LINE
  5
103E
330
1A
100
AcDbEntity
  8
B.Cu
  6
CONTINUOUS
100
AcDbLine
 10
128.4749999999999943
 20
-105.6750009999999946
 30
0
 11
128.4749989999999968
 21
-105.6749999999999972
 31
0
  0
LINE
  5
103F
330
1A
100
AcDbEntity
  8
B.Cu
  6
CONTINUOUS
100
AcDbLine
 10
128.4749989999999968
 20
-105.6749999999999972
 30
0
 11
127.9749999999999943
 21
-105.6749999999999972
 31
0
  0
LINE
  5
1040
330
1A
100
AcDbEntity
  8
B.Cu
  6
CONTINUOUS
100
AcDbLine
 10
127.9749999999999943
 20
-105.6749999999999972
 30
0
 11
127.9749999999999943
 21
-105.7249989999999968
 31
0
  0
LINE
  5
1041
330
1A
100
AcDbEntity
  8
B.Cu
  6
CONTINUOUS
100
AcDbLine
 10
128.8499999999999943
 20
-99.25
 30
0
 11
126.75
 21
-99.25
 31
0
  0
LINE
  5
1042
330
1A
100
AcDbEntity
  8
B.Cu
  6
CONTINUOUS
100
AcDbLine
 10
126.75
 20
-99.25
 30
0
 11
126.75
 21
-99.7499990000000025
 31
0
  0
LINE
  5
1043
330
1A
100
AcDbEntity
  8
B.Cu
  6
CONTINUOUS
100
AcDbLine
 10
126.75
 20
-99.7499990000000025
 30
0
 11
126.7500009999999975
 21
-99.75
 31
0
  0
LINE
  5
1044
330
1A
100
AcDbEntity
  8
B.Cu
  6
CONTINUOUS
100
AcDbLine
 10
126.7500009999999975
 20
-99.75
 30
0
 11
128.8978249999999832
 21
-99.75
 31
0
  0
LINE
  5
1045
330
1A
100
AcDbEntity
  8
B.Cu
  6
CONTINUOUS
100
AcDbLine
 10
128.8978249999999832
 20
-99.75
 30
0
 11
128.897831999999994
 21
-99.7499990000000025
 31
0
  0
LINE
  5
1046
330
1A
100
AcDbEntity
  8
B.Cu
  6
CONTINUOUS
100
AcDbLine
 10
128.897831999999994
 20
-99.7499990000000025
 30
0
 11
128.9573709999999949
 21
-99.7435979999999915
 31
0
  0
LINE
  5
1047
330
1A
100
AcDbEntity
  8
B.Cu
  6
CONTINUOUS
100
AcDbLine
 10
128.9573709999999949
 20
-99.7435979999999915
 30
0
 11
128.9573780000000056
 21
-99.7435959999999966
 31
0
  0
LINE
  5
1048
330
1A
100
AcDbEntity
  8
B.Cu
  6
CONTINUOUS
100
AcDbLine
 10
128.9573780000000056
 20
-99.7435959999999966
 30
0
 11
129.0920869999999923
 21
-99.6933530000000019
 31
0
  0
LINE
  5
1049
330
1A
100
AcDbEntity
  8
B.Cu
  6
CONTINUOUS
100
AcDbLine
 10
129.0920869999999923
 20
-99.6933530000000019
 30
0
 11
129.2071870000000047
 21
-99.6071889999999911
 31
0
  0
LINE
  5
104A
330
1A
100
AcDbEntity
  8
B.Cu
  6
CONTINUOUS
100
AcDbLine
 10
129.2071870000000047
 20
-99.6071889999999911
 30
0
 11
129.2071889999999996
 21
-99.6071869999999961
 31
0
  0
LINE
  5
104B
330
1A
100
AcDbEntity
  8
B.Cu
  6
CONTINUOUS
100
AcDbLine
 10
129.2071889999999996
 20
-99.6071869999999961
 30
0
 11
129.2933529999999962
 21
-99.4920869999999979
 31
0
  0
LINE
  5
104C
330
1A
100
AcDbEntity
  8
B.Cu
  6
CONTINUOUS
100
AcDbLine
 10
129.2933529999999962
 20
-99.4920869999999979
 30
0
 11
129.3435959999999909
 21
-99.3573779999999971
 31
0
  0
LINE
  5
104D
330
1A
100
AcDbEntity
  8
B.Cu
  6
CONTINUOUS
100
AcDbLine
 10
129.3435959999999909
 20
-99.3573779999999971
 30
0
 11
129.3435979999999859
 21
-99.3573710000000005
 31
0
  0
LINE
  5
104E
330
1A
100
AcDbEntity
  8
B.Cu
  6
CONTINUOUS
100
AcDbLine
 10
129.3435979999999859
 20
-99.3573710000000005
 30
0
 11
129.3499989999999968
 21
-99.2978319999999997
 31
0
  0
LINE
  5
104F
330
1A
100
AcDbEntity
  8
B.Cu
  6
CONTINUOUS
100
AcDbLine
 10
129.3499989999999968
 20
-99.2978319999999997
 30
0
 11
129.3499999999999943
 21
-99.2978249999999889
 31
0
  0
LINE
  5
1050
330
1A
100
AcDbEntity
  8
B.Cu
  6
CONTINUOUS
100
AcDbLine
 10
129.3499999999999943
 20
-99.2978249999999889
 30
0
 11
129.3499999999999943
 21
-97.7500009999999975
 31
0
  0
LINE
  5
1051
330
1A
100
AcDbEntity
  8
B.Cu
  6
CONTINUOUS
100
AcDbLine
 10
129.3499999999999943
 20
-97.7500009999999975
 30
0
 11
129.3499989999999968
 21
-97.75
 31
0
  0
LINE
  5
1052
330
1A
100
AcDbEntity
  8
B.Cu
  6
CONTINUOUS
100
AcDbLine
 10
129.3499989999999968
 20
-97.75
 30
0
 11
128.8499999999999943
 21
-97.75
 31
0
  0
LINE
  5
1053
330
1A
100
AcDbEntity
  8
B.Cu
  6
CONTINUOUS
100
AcDbLine
 10
128.8499999999999943
 20
-97.75
 30
0
 11
128.8499999999999943
 21
-99.25
 31
0
  0
LINE
  5
1054
330
1A
100
AcDbEntity
  8
B.Cu
  6
CONTINUOUS
100
AcDbLine
 10
144.3937449999999956
 20
-143.9299989999999809
 30
0
 11
144.3937559999999962
 21
-143.9300000000000068
 31
0
  0
LINE
  5
1055
330
1A
100
AcDbEntity
  8
B.Cu
  6
CONTINUOUS
100
AcDbLine
 10
144.3937559999999962
 20
-143.9300000000000068
 30
0
 11
144.6062450000000013
 21
-143.9300000000000068
 31
0
  0
LINE
  5
1056
330
1A
100
AcDbEntity
  8
B.Cu
  6
CONTINUOUS
100
AcDbLine
 10
144.6062450000000013
 20
-143.9300000000000068
 30
0
 11
144.606254000000007
 21
-143.9299989999999809
 31
0
  0
LINE
  5
1057
330
1A
100
AcDbEntity
  8
B.Cu
  6
CONTINUOUS
100
AcDbLine
 10
144.606254000000007
 20
-143.9299989999999809
 30
0
 11
144.7643039999999814
 21
-143.9049650000000042
 31
0
  0
LINE
  5
1058
330
1A
100
AcDbEntity
  8
B.Cu
  6
CONTINUOUS
100
AcDbLine
 10
144.7643039999999814
 20
-143.9049650000000042
 30
0
 11
144.4999990000000025
 21
-143.6406599999999969
 31
0
  0
LINE
  5
1059
330
1A
100
AcDbEntity
  8
B.Cu
  6
CONTINUOUS
100
AcDbLine
 10
144.4999990000000025
 20
-143.6406599999999969
 30
0
 11
144.2356929999999977
 21
-143.9049640000000068
 31
0
  0
LINE
  5
105A
330
1A
100
AcDbEntity
  8
B.Cu
  6
CONTINUOUS
100
AcDbLine
 10
144.2356929999999977
 20
-143.9049640000000068
 30
0
 11
144.3937449999999956
 21
-143.9299989999999809
 31
0
  0
LINE
  5
105B
330
1A
100
AcDbEntity
  8
B.Cu
  6
CONTINUOUS
100
AcDbLine
 10
161.1500000000000057
 20
-128.6862419999999929
 30
0
 11
161.1500010000000032
 21
-128.6862549999999885
 31
0
  0
LINE
  5
105C
330
1A
100
AcDbEntity
  8
B.Cu
  6
CONTINUOUS
100
AcDbLine
 10
161.1500010000000032
 20
-128.6862549999999885
 30
0
 11
161.1750329999999849
 21
-128.8443039999999939
 31
0
  0
LINE
  5
105D
330
1A
100
AcDbEntity
  8
B.Cu
  6
CONTINUOUS
100
AcDbLine
 10
161.1750329999999849
 20
-128.8443039999999939
 30
0
 11
161.1750339999999824
 21
-128.8443049999999914
 31
0
  0
LINE
  5
105E
330
1A
100
AcDbEntity
  8
B.Cu
  6
CONTINUOUS
100
AcDbLine
 10
161.1750339999999824
 20
-128.8443049999999914
 30
0
 11
161.4393389999999897
 21
-128.5799999999999841
 31
0
  0
LINE
  5
105F
330
1A
100
AcDbEntity
  8
B.Cu
  6
CONTINUOUS
100
AcDbLine
 10
161.4393389999999897
 20
-128.5799999999999841
 30
0
 11
161.3735130000000026
 21
-128.514173999999997
 31
0
  0
LINE
  5
1060
330
1A
100
AcDbEntity
  8
B.Cu
  6
CONTINUOUS
100
AcDbLine
 10
161.3735130000000026
 20
-128.514173999999997
 30
0
 11
161.1750329999999849
 21
-128.3156940000000077
 31
0
  0
LINE
  5
1061
330
1A
100
AcDbEntity
  8
B.Cu
  6
CONTINUOUS
100
AcDbLine
 10
161.1750329999999849
 20
-128.3156940000000077
 30
0
 11
161.1500010000000032
 21
-128.4737409999999898
 31
0
  0
LINE
  5
1062
330
1A
100
AcDbEntity
  8
B.Cu
  6
CONTINUOUS
100
AcDbLine
 10
161.1500010000000032
 20
-128.4737409999999898
 30
0
 11
161.1500000000000057
 21
-128.4737570000000062
 31
0
  0
LINE
  5
1063
330
1A
100
AcDbEntity
  8
B.Cu
  6
CONTINUOUS
100
AcDbLine
 10
161.1500000000000057
 20
-128.4737570000000062
 30
0
 11
161.1500000000000057
 21
-128.6862419999999929
 31
0
  0
LINE
  5
1064
330
1A
100
AcDbEntity
  8
B.Cu
  6
CONTINUOUS
100
AcDbLine
 10
145.0749999999999886
 20
-126.9499989999999912
 30
0
 11
145.0750009999999861
 21
-126.9499999999999886
 31
0
  0
LINE
  5
1065
330
1A
100
AcDbEntity
  8
B.Cu
  6
CONTINUOUS
100
AcDbLine
 10
145.0750009999999861
 20
-126.9499999999999886
 30
0
 11
145.8572619999999915
 21
-126.9499999999999886
 31
0
  0
LINE
  5
1066
330
1A
100
AcDbEntity
  8
B.Cu
  6
CONTINUOUS
100
AcDbLine
 10
145.8572619999999915
 20
-126.9499999999999886
 30
0
 11
145.8343559999999854
 21
-126.8808739999999915
 31
0
  0
LINE
  5
1067
330
1A
100
AcDbEntity
  8
B.Cu
  6
CONTINUOUS
100
AcDbLine
 10
145.8343559999999854
 20
-126.8808739999999915
 30
0
 11
145.7423189999999806
 21
-126.7316579999999959
 31
0
  0
LINE
  5
1068
330
1A
100
AcDbEntity
  8
B.Cu
  6
CONTINUOUS
100
AcDbLine
 10
145.7423189999999806
 20
-126.7316579999999959
 30
0
 11
145.618345000000005
 21
-126.6076839999999919
 31
0
  0
LINE
  5
1069
330
1A
100
AcDbEntity
  8
B.Cu
  6
CONTINUOUS
100
AcDbLine
 10
145.618345000000005
 20
-126.6076839999999919
 30
0
 11
145.6183409999999867
 21
-126.6076809999999995
 31
0
  0
LINE
  5
106A
330
1A
100
AcDbEntity
  8
B.Cu
  6
CONTINUOUS
100
AcDbLine
 10
145.6183409999999867
 20
-126.6076809999999995
 30
0
 11
145.4691210000000012
 21
-126.515640999999988
 31
0
  0
LINE
  5
106B
330
1A
100
AcDbEntity
  8
B.Cu
  6
CONTINUOUS
100
AcDbLine
 10
145.4691210000000012
 20
-126.515640999999988
 30
0
 11
145.4691200000000038
 21
-126.5156399999999906
 31
0
  0
LINE
  5
106C
330
1A
100
AcDbEntity
  8
B.Cu
  6
CONTINUOUS
100
AcDbLine
 10
145.4691200000000038
 20
-126.5156399999999906
 30
0
 11
145.3027009999999848
 21
-126.4604949999999945
 31
0
  0
LINE
  5
106D
330
1A
100
AcDbEntity
  8
B.Cu
  6
CONTINUOUS
100
AcDbLine
 10
145.3027009999999848
 20
-126.4604949999999945
 30
0
 11
145.3026940000000025
 21
-126.4604939999999971
 31
0
  0
LINE
  5
106E
330
1A
100
AcDbEntity
  8
B.Cu
  6
CONTINUOUS
100
AcDbLine
 10
145.3026940000000025
 20
-126.4604939999999971
 30
0
 11
145.1999809999999798
 21
-126.4499999999999886
 31
0
  0
LINE
  5
106F
330
1A
100
AcDbEntity
  8
B.Cu
  6
CONTINUOUS
100
AcDbLine
 10
145.1999809999999798
 20
-126.4499999999999886
 30
0
 11
145.0750009999999861
 21
-126.4499999999999886
 31
0
  0
LINE
  5
1070
330
1A
100
AcDbEntity
  8
B.Cu
  6
CONTINUOUS
100
AcDbLine
 10
145.0750009999999861
 20
-126.4499999999999886
 30
0
 11
145.0749999999999886
 21
-126.4500010000000003
 31
0
  0
LINE
  5
1071
330
1A
100
AcDbEntity
  8
B.Cu
  6
CONTINUOUS
100
AcDbLine
 10
145.0749999999999886
 20
-126.4500010000000003
 30
0
 11
145.0749999999999886
 21
-126.9499989999999912
 31
0
  0
LINE
  5
1072
330
1A
100
AcDbEntity
  8
B.Cu
  6
CONTINUOUS
100
AcDbLine
 10
129.25
 20
-113.2562420000000003
 30
0
 11
129.2500009999999975
 21
-113.2562549999999959
 31
0
  0
LINE
  5
1073
330
1A
100
AcDbEntity
  8
B.Cu
  6
CONTINUOUS
100
AcDbLine
 10
129.2500009999999975
 20
-113.2562549999999959
 30
0
 11
129.2750330000000076
 21
-113.4143040000000013
 31
0
  0
LINE
  5
1074
330
1A
100
AcDbEntity
  8
B.Cu
  6
CONTINUOUS
100
AcDbLine
 10
129.2750330000000076
 20
-113.4143040000000013
 30
0
 11
129.2750340000000051
 21
-113.4143049999999988
 31
0
  0
LINE
  5
1075
330
1A
100
AcDbEntity
  8
B.Cu
  6
CONTINUOUS
100
AcDbLine
 10
129.2750340000000051
 20
-113.4143049999999988
 30
0
 11
129.539338999999984
 21
-113.1499999999999915
 31
0
  0
LINE
  5
1076
330
1A
100
AcDbEntity
  8
B.Cu
  6
CONTINUOUS
100
AcDbLine
 10
129.539338999999984
 20
-113.1499999999999915
 30
0
 11
129.473512999999997
 21
-113.0841739999999902
 31
0
  0
LINE
  5
1077
330
1A
100
AcDbEntity
  8
B.Cu
  6
CONTINUOUS
100
AcDbLine
 10
129.473512999999997
 20
-113.0841739999999902
 30
0
 11
129.2750330000000076
 21
-112.8856940000000009
 31
0
  0
LINE
  5
1078
330
1A
100
AcDbEntity
  8
B.Cu
  6
CONTINUOUS
100
AcDbLine
 10
129.2750330000000076
 20
-112.8856940000000009
 30
0
 11
129.2500009999999975
 21
-113.0437409999999971
 31
0
  0
LINE
  5
1079
330
1A
100
AcDbEntity
  8
B.Cu
  6
CONTINUOUS
100
AcDbLine
 10
129.2500009999999975
 20
-113.0437409999999971
 30
0
 11
129.25
 21
-113.0437569999999994
 31
0
  0
LINE
  5
107A
330
1A
100
AcDbEntity
  8
B.Cu
  6
CONTINUOUS
100
AcDbLine
 10
129.25
 20
-113.0437569999999994
 30
0
 11
129.25
 21
-113.2562420000000003
 31
0
  0
LINE
  5
107B
330
1A
100
AcDbEntity
  8
B.Cu
  6
CONTINUOUS
100
AcDbLine
 10
173.539999999999992
 20
-112.4393389999999897
 30
0
 11
173.8043049999999994
 21
-112.1750339999999966
 31
0
  0
LINE
  5
107C
330
1A
100
AcDbEntity
  8
B.Cu
  6
CONTINUOUS
100
AcDbLine
 10
173.8043049999999994
 20
-112.1750339999999966
 30
0
 11
173.8043040000000019
 21
-112.1750329999999991
 31
0
  0
LINE
  5
107D
330
1A
100
AcDbEntity
  8
B.Cu
  6
CONTINUOUS
100
AcDbLine
 10
173.8043040000000019
 20
-112.1750329999999991
 30
0
 11
173.6462549999999965
 21
-112.1500009999999889
 31
0
  0
LINE
  5
107E
330
1A
100
AcDbEntity
  8
B.Cu
  6
CONTINUOUS
100
AcDbLine
 10
173.6462549999999965
 20
-112.1500009999999889
 30
0
 11
173.6462429999999983
 21
-112.1499999999999915
 31
0
  0
LINE
  5
107F
330
1A
100
AcDbEntity
  8
B.Cu
  6
CONTINUOUS
100
AcDbLine
 10
173.6462429999999983
 20
-112.1499999999999915
 30
0
 11
173.4337569999999857
 21
-112.1499999999999915
 31
0
  0
LINE
  5
1080
330
1A
100
AcDbEntity
  8
B.Cu
  6
CONTINUOUS
100
AcDbLine
 10
173.4337569999999857
 20
-112.1499999999999915
 30
0
 11
173.4337409999999977
 21
-112.1500009999999889
 31
0
  0
LINE
  5
1081
330
1A
100
AcDbEntity
  8
B.Cu
  6
CONTINUOUS
100
AcDbLine
 10
173.4337409999999977
 20
-112.1500009999999889
 30
0
 11
173.2756939999999872
 21
-112.1750329999999991
 31
0
  0
LINE
  5
1082
330
1A
100
AcDbEntity
  8
B.Cu
  6
CONTINUOUS
100
AcDbLine
 10
173.2756939999999872
 20
-112.1750329999999991
 30
0
 11
173.539999999999992
 21
-112.4393389999999897
 31
0
  0
LINE
  5
1083
330
1A
100
AcDbEntity
  8
B.Cu
  6
CONTINUOUS
100
AcDbLine
 10
130.5999999999999943
 20
-112.0893389999999954
 30
0
 11
130.8643050000000017
 21
-111.8250339999999881
 31
0
  0
LINE
  5
1084
330
1A
100
AcDbEntity
  8
B.Cu
  6
CONTINUOUS
100
AcDbLine
 10
130.8643050000000017
 20
-111.8250339999999881
 30
0
 11
130.8643040000000042
 21
-111.8250329999999906
 31
0
  0
LINE
  5
1085
330
1A
100
AcDbEntity
  8
B.Cu
  6
CONTINUOUS
100
AcDbLine
 10
130.8643040000000042
 20
-111.8250329999999906
 30
0
 11
130.7062549999999987
 21
-111.8000009999999946
 31
0
  0
LINE
  5
1086
330
1A
100
AcDbEntity
  8
B.Cu
  6
CONTINUOUS
100
AcDbLine
 10
130.7062549999999987
 20
-111.8000009999999946
 30
0
 11
130.7062430000000006
 21
-111.7999999999999972
 31
0
  0
LINE
  5
1087
330
1A
100
AcDbEntity
  8
B.Cu
  6
CONTINUOUS
100
AcDbLine
 10
130.7062430000000006
 20
-111.7999999999999972
 30
0
 11
130.493756999999988
 21
-111.7999999999999972
 31
0
  0
LINE
  5
1088
330
1A
100
AcDbEntity
  8
B.Cu
  6
CONTINUOUS
100
AcDbLine
 10
130.493756999999988
 20
-111.7999999999999972
 30
0
 11
130.493741
 21
-111.8000009999999946
 31
0
  0
LINE
  5
1089
330
1A
100
AcDbEntity
  8
B.Cu
  6
CONTINUOUS
100
AcDbLine
 10
130.493741
 20
-111.8000009999999946
 30
0
 11
130.3356939999999895
 21
-111.8250329999999906
 31
0
  0
LINE
  5
108A
330
1A
100
AcDbEntity
  8
B.Cu
  6
CONTINUOUS
100
AcDbLine
 10
130.3356939999999895
 20
-111.8250329999999906
 30
0
 11
130.5999999999999943
 21
-112.0893389999999954
 31
0
  0
LINE
  5
108B
330
1A
100
AcDbEntity
  8
B.Cu
  6
CONTINUOUS
100
AcDbLine
 10
122.9749999999999943
 20
-105.7749799999999993
 30
0
 11
122.9854939999999885
 21
-105.8776929999999936
 31
0
  0
LINE
  5
108C
330
1A
100
AcDbEntity
  8
B.Cu
  6
CONTINUOUS
100
AcDbLine
 10
122.9854939999999885
 20
-105.8776929999999936
 30
0
 11
122.9854950000000002
 21
-105.8776999999999902
 31
0
  0
LINE
  5
108D
330
1A
100
AcDbEntity
  8
B.Cu
  6
CONTINUOUS
100
AcDbLine
 10
122.9854950000000002
 20
-105.8776999999999902
 30
0
 11
123.0406399999999962
 21
-106.0441189999999949
 31
0
  0
LINE
  5
108E
330
1A
100
AcDbEntity
  8
B.Cu
  6
CONTINUOUS
100
AcDbLine
 10
123.0406399999999962
 20
-106.0441189999999949
 30
0
 11
123.0406409999999937
 21
-106.0441199999999924
 31
0
  0
LINE
  5
108F
330
1A
100
AcDbEntity
  8
B.Cu
  6
CONTINUOUS
100
AcDbLine
 10
123.0406409999999937
 20
-106.0441199999999924
 30
0
 11
123.1326809999999909
 21
-106.1933399999999921
 31
0
  0
LINE
  5
1090
330
1A
100
AcDbEntity
  8
B.Cu
  6
CONTINUOUS
100
AcDbLine
 10
123.1326809999999909
 20
-106.1933399999999921
 30
0
 11
123.1326839999999976
 21
-106.1933439999999962
 31
0
  0
LINE
  5
1091
330
1A
100
AcDbEntity
  8
B.Cu
  6
CONTINUOUS
100
AcDbLine
 10
123.1326839999999976
 20
-106.1933439999999962
 30
0
 11
123.256654999999995
 21
-106.3173149999999936
 31
0
  0
LINE
  5
1092
330
1A
100
AcDbEntity
  8
B.Cu
  6
CONTINUOUS
100
AcDbLine
 10
123.256654999999995
 20
-106.3173149999999936
 30
0
 11
123.2566589999999991
 21
-106.3173180000000002
 31
0
  0
LINE
  5
1093
330
1A
100
AcDbEntity
  8
B.Cu
  6
CONTINUOUS
100
AcDbLine
 10
123.2566589999999991
 20
-106.3173180000000002
 30
0
 11
123.4058789999999988
 21
-106.4093579999999974
 31
0
  0
LINE
  5
1094
330
1A
100
AcDbEntity
  8
B.Cu
  6
CONTINUOUS
100
AcDbLine
 10
123.4058789999999988
 20
-106.4093579999999974
 30
0
 11
123.4058799999999962
 21
-106.4093589999999949
 31
0
  0
LINE
  5
1095
330
1A
100
AcDbEntity
  8
B.Cu
  6
CONTINUOUS
100
AcDbLine
 10
123.4058799999999962
 20
-106.4093589999999949
 30
0
 11
123.572299000000001
 21
-106.4645039999999909
 31
0
  0
LINE
  5
1096
330
1A
100
AcDbEntity
  8
B.Cu
  6
CONTINUOUS
100
AcDbLine
 10
123.572299000000001
 20
-106.4645039999999909
 30
0
 11
123.5723059999999975
 21
-106.4645049999999884
 31
0
  0
LINE
  5
1097
330
1A
100
AcDbEntity
  8
B.Cu
  6
CONTINUOUS
100
AcDbLine
 10
123.5723059999999975
 20
-106.4645049999999884
 30
0
 11
123.6750189999999918
 21
-106.4749989999999968
 31
0
  0
LINE
  5
1098
330
1A
100
AcDbEntity
  8
B.Cu
  6
CONTINUOUS
100
AcDbLine
 10
123.6750189999999918
 20
-106.4749989999999968
 30
0
 11
123.6750299999999925
 21
-106.4749999999999943
 31
0
  0
LINE
  5
1099
330
1A
100
AcDbEntity
  8
B.Cu
  6
CONTINUOUS
100
AcDbLine
 10
123.6750299999999925
 20
-106.4749999999999943
 30
0
 11
124.9749989999999968
 21
-106.4749999999999943
 31
0
  0
LINE
  5
109A
330
1A
100
AcDbEntity
  8
B.Cu
  6
CONTINUOUS
100
AcDbLine
 10
124.9749989999999968
 20
-106.4749999999999943
 30
0
 11
124.9749999999999943
 21
-106.4749989999999968
 31
0
  0
LINE
  5
109B
330
1A
100
AcDbEntity
  8
B.Cu
  6
CONTINUOUS
100
AcDbLine
 10
124.9749999999999943
 20
-106.4749989999999968
 30
0
 11
124.9749999999999943
 21
-105.9749989999999968
 31
0
  0
LINE
  5
109C
330
1A
100
AcDbEntity
  8
B.Cu
  6
CONTINUOUS
100
AcDbLine
 10
124.9749999999999943
 20
-105.9749989999999968
 30
0
 11
123.7250009999999918
 21
-105.9749999999999943
 31
0
  0
LINE
  5
109D
330
1A
100
AcDbEntity
  8
B.Cu
  6
CONTINUOUS
100
AcDbLine
 10
123.7250009999999918
 20
-105.9749999999999943
 30
0
 11
123.6293299999999959
 21
-105.9559699999999935
 31
0
  0
LINE
  5
109E
330
1A
100
AcDbEntity
  8
B.Cu
  6
CONTINUOUS
100
AcDbLine
 10
123.6293299999999959
 20
-105.9559699999999935
 30
0
 11
123.5482239999999905
 21
-105.9017759999999981
 31
0
  0
LINE
  5
109F
330
1A
100
AcDbEntity
  8
B.Cu
  6
CONTINUOUS
100
AcDbLine
 10
123.5482239999999905
 20
-105.9017759999999981
 30
0
 11
123.4940299999999951
 21
-105.8206699999999927
 31
0
  0
LINE
  5
10A0
330
1A
100
AcDbEntity
  8
B.Cu
  6
CONTINUOUS
100
AcDbLine
 10
123.4940299999999951
 20
-105.8206699999999927
 30
0
 11
123.4750009999999918
 21
-105.7249979999999994
 31
0
  0
LINE
  5
10A1
330
1A
100
AcDbEntity
  8
B.Cu
  6
CONTINUOUS
100
AcDbLine
 10
123.4750009999999918
 20
-105.7249979999999994
 30
0
 11
123.4750009999999918
 21
-105.6749999999999972
 31
0
  0
LINE
  5
10A2
330
1A
100
AcDbEntity
  8
B.Cu
  6
CONTINUOUS
100
AcDbLine
 10
123.4750009999999918
 20
-105.6749999999999972
 30
0
 11
122.9750009999999918
 21
-105.6749999999999972
 31
0
  0
LINE
  5
10A3
330
1A
100
AcDbEntity
  8
B.Cu
  6
CONTINUOUS
100
AcDbLine
 10
122.9750009999999918
 20
-105.6749999999999972
 30
0
 11
122.9749999999999943
 21
-105.6750009999999946
 31
0
  0
LINE
  5
10A4
330
1A
100
AcDbEntity
  8
B.Cu
  6
CONTINUOUS
100
AcDbLine
 10
122.9749999999999943
 20
-105.6750009999999946
 30
0
 11
122.9749999999999943
 21
-105.7749799999999993
 31
0
  0
LINE
  5
10A5
330
1A
100
AcDbEntity
  8
B.Cu
  6
CONTINUOUS
100
AcDbLine
 10
122.9749999999999943
 20
-104.1749989999999997
 30
0
 11
122.9750009999999918
 21
-104.1749999999999972
 31
0
  0
LINE
  5
10A6
330
1A
100
AcDbEntity
  8
B.Cu
  6
CONTINUOUS
100
AcDbLine
 10
122.9750009999999918
 20
-104.1749999999999972
 30
0
 11
123.4749999999999943
 21
-104.1749999999999972
 31
0
  0
LINE
  5
10A7
330
1A
100
AcDbEntity
  8
B.Cu
  6
CONTINUOUS
100
AcDbLine
 10
123.4749999999999943
 20
-104.1749999999999972
 30
0
 11
123.4749999999999943
 21
-104.1250009999999975
 31
0
  0
LINE
  5
10A8
330
1A
100
AcDbEntity
  8
B.Cu
  6
CONTINUOUS
100
AcDbLine
 10
123.4749999999999943
 20
-104.1250009999999975
 30
0
 11
123.4940299999999951
 21
-104.0293300000000016
 31
0
  0
LINE
  5
10A9
330
1A
100
AcDbEntity
  8
B.Cu
  6
CONTINUOUS
100
AcDbLine
 10
123.4940299999999951
 20
-104.0293300000000016
 30
0
 11
123.5482239999999905
 21
-103.9482239999999962
 31
0
  0
LINE
  5
10AA
330
1A
100
AcDbEntity
  8
B.Cu
  6
CONTINUOUS
100
AcDbLine
 10
123.5482239999999905
 20
-103.9482239999999962
 30
0
 11
123.6293299999999959
 21
-103.8940300000000008
 31
0
  0
LINE
  5
10AB
330
1A
100
AcDbEntity
  8
B.Cu
  6
CONTINUOUS
100
AcDbLine
 10
123.6293299999999959
 20
-103.8940300000000008
 30
0
 11
123.7250019999999893
 21
-103.8750009999999975
 31
0
  0
LINE
  5
10AC
330
1A
100
AcDbEntity
  8
B.Cu
  6
CONTINUOUS
100
AcDbLine
 10
123.7250019999999893
 20
-103.8750009999999975
 30
0
 11
124.9749999999999943
 21
-103.875
 31
0
  0
LINE
  5
10AD
330
1A
100
AcDbEntity
  8
B.Cu
  6
CONTINUOUS
100
AcDbLine
 10
124.9749999999999943
 20
-103.875
 30
0
 11
124.9749999999999943
 21
-103.3750009999999975
 31
0
  0
LINE
  5
10AE
330
1A
100
AcDbEntity
  8
B.Cu
  6
CONTINUOUS
100
AcDbLine
 10
124.9749999999999943
 20
-103.3750009999999975
 30
0
 11
124.9749989999999968
 21
-103.375
 31
0
  0
LINE
  5
10AF
330
1A
100
AcDbEntity
  8
B.Cu
  6
CONTINUOUS
100
AcDbLine
 10
124.9749989999999968
 20
-103.375
 30
0
 11
123.6750189999999918
 21
-103.375
 31
0
  0
LINE
  5
10B0
330
1A
100
AcDbEntity
  8
B.Cu
  6
CONTINUOUS
100
AcDbLine
 10
123.6750189999999918
 20
-103.375
 30
0
 11
123.5723059999999975
 21
-103.3854939999999942
 31
0
  0
LINE
  5
10B1
330
1A
100
AcDbEntity
  8
B.Cu
  6
CONTINUOUS
100
AcDbLine
 10
123.5723059999999975
 20
-103.3854939999999942
 30
0
 11
123.572299000000001
 21
-103.3854949999999917
 31
0
  0
LINE
  5
10B2
330
1A
100
AcDbEntity
  8
B.Cu
  6
CONTINUOUS
100
AcDbLine
 10
123.572299000000001
 20
-103.3854949999999917
 30
0
 11
123.4058799999999962
 21
-103.4406400000000019
 31
0
  0
LINE
  5
10B3
330
1A
100
AcDbEntity
  8
B.Cu
  6
CONTINUOUS
100
AcDbLine
 10
123.4058799999999962
 20
-103.4406400000000019
 30
0
 11
123.4058789999999988
 21
-103.4406409999999994
 31
0
  0
LINE
  5
10B4
330
1A
100
AcDbEntity
  8
B.Cu
  6
CONTINUOUS
100
AcDbLine
 10
123.4058789999999988
 20
-103.4406409999999994
 30
0
 11
123.2566589999999991
 21
-103.5326809999999966
 31
0
  0
LINE
  5
10B5
330
1A
100
AcDbEntity
  8
B.Cu
  6
CONTINUOUS
100
AcDbLine
 10
123.2566589999999991
 20
-103.5326809999999966
 30
0
 11
123.256654999999995
 21
-103.5326839999999891
 31
0
  0
LINE
  5
10B6
330
1A
100
AcDbEntity
  8
B.Cu
  6
CONTINUOUS
100
AcDbLine
 10
123.256654999999995
 20
-103.5326839999999891
 30
0
 11
123.1326839999999976
 21
-103.6566550000000007
 31
0
  0
LINE
  5
10B7
330
1A
100
AcDbEntity
  8
B.Cu
  6
CONTINUOUS
100
AcDbLine
 10
123.1326839999999976
 20
-103.6566550000000007
 30
0
 11
123.1326809999999909
 21
-103.6566589999999906
 31
0
  0
LINE
  5
10B8
330
1A
100
AcDbEntity
  8
B.Cu
  6
CONTINUOUS
100
AcDbLine
 10
123.1326809999999909
 20
-103.6566589999999906
 30
0
 11
123.0406409999999937
 21
-103.8058789999999902
 31
0
  0
LINE
  5
10B9
330
1A
100
AcDbEntity
  8
B.Cu
  6
CONTINUOUS
100
AcDbLine
 10
123.0406409999999937
 20
-103.8058789999999902
 30
0
 11
123.0406399999999962
 21
-103.8058800000000019
 31
0
  0
LINE
  5
10BA
330
1A
100
AcDbEntity
  8
B.Cu
  6
CONTINUOUS
100
AcDbLine
 10
123.0406399999999962
 20
-103.8058800000000019
 30
0
 11
122.9854950000000002
 21
-103.9722989999999925
 31
0
  0
LINE
  5
10BB
330
1A
100
AcDbEntity
  8
B.Cu
  6
CONTINUOUS
100
AcDbLine
 10
122.9854950000000002
 20
-103.9722989999999925
 30
0
 11
122.9854939999999885
 21
-103.972305999999989
 31
0
  0
LINE
  5
10BC
330
1A
100
AcDbEntity
  8
B.Cu
  6
CONTINUOUS
100
AcDbLine
 10
122.9854939999999885
 20
-103.972305999999989
 30
0
 11
122.9749999999999943
 21
-104.0750189999999975
 31
0
  0
LINE
  5
10BD
330
1A
100
AcDbEntity
  8
B.Cu
  6
CONTINUOUS
100
AcDbLine
 10
122.9749999999999943
 20
-104.0750189999999975
 30
0
 11
122.9749999999999943
 21
-104.1749989999999997
 31
0
  0
LINE
  5
10BE
330
1A
100
AcDbEntity
  8
B.Cu
  6
CONTINUOUS
100
AcDbLine
 10
126.4749999999999943
 20
-103.875
 30
0
 11
127.7249989999999968
 21
-103.875
 31
0
  0
LINE
  5
10BF
330
1A
100
AcDbEntity
  8
B.Cu
  6
CONTINUOUS
100
AcDbLine
 10
127.7249989999999968
 20
-103.875
 30
0
 11
127.8206699999999927
 21
-103.8940300000000008
 31
0
  0
LINE
  5
10C0
330
1A
100
AcDbEntity
  8
B.Cu
  6
CONTINUOUS
100
AcDbLine
 10
127.8206699999999927
 20
-103.8940300000000008
 30
0
 11
127.9017759999999981
 21
-103.9482239999999962
 31
0
  0
LINE
  5
10C1
330
1A
100
AcDbEntity
  8
B.Cu
  6
CONTINUOUS
100
AcDbLine
 10
127.9017759999999981
 20
-103.9482239999999962
 30
0
 11
127.9559699999999935
 21
-104.0293300000000016
 31
0
  0
LINE
  5
10C2
330
1A
100
AcDbEntity
  8
B.Cu
  6
CONTINUOUS
100
AcDbLine
 10
127.9559699999999935
 20
-104.0293300000000016
 30
0
 11
127.9749989999999968
 21
-104.125001999999995
 31
0
  0
LINE
  5
10C3
330
1A
100
AcDbEntity
  8
B.Cu
  6
CONTINUOUS
100
AcDbLine
 10
127.9749989999999968
 20
-104.125001999999995
 30
0
 11
127.9749989999999968
 21
-104.1749999999999972
 31
0
  0
LINE
  5
10C4
330
1A
100
AcDbEntity
  8
B.Cu
  6
CONTINUOUS
100
AcDbLine
 10
127.9749989999999968
 20
-104.1749999999999972
 30
0
 11
128.4749989999999968
 21
-104.1749999999999972
 31
0
  0
LINE
  5
10C5
330
1A
100
AcDbEntity
  8
B.Cu
  6
CONTINUOUS
100
AcDbLine
 10
128.4749989999999968
 20
-104.1749999999999972
 30
0
 11
128.4749999999999943
 21
-104.1749989999999997
 31
0
  0
LINE
  5
10C6
330
1A
100
AcDbEntity
  8
B.Cu
  6
CONTINUOUS
100
AcDbLine
 10
128.4749999999999943
 20
-104.1749989999999997
 30
0
 11
128.4749999999999943
 21
-104.0750290000000007
 31
0
  0
LINE
  5
10C7
330
1A
100
AcDbEntity
  8
B.Cu
  6
CONTINUOUS
100
AcDbLine
 10
128.4749999999999943
 20
-104.0750290000000007
 30
0
 11
128.4749989999999968
 21
-104.0750189999999975
 31
0
  0
LINE
  5
10C8
330
1A
100
AcDbEntity
  8
B.Cu
  6
CONTINUOUS
100
AcDbLine
 10
128.4749989999999968
 20
-104.0750189999999975
 30
0
 11
128.4645050000000026
 21
-103.972305999999989
 31
0
  0
LINE
  5
10C9
330
1A
100
AcDbEntity
  8
B.Cu
  6
CONTINUOUS
100
AcDbLine
 10
128.4645050000000026
 20
-103.972305999999989
 30
0
 11
128.4645040000000051
 21
-103.9722989999999925
 31
0
  0
LINE
  5
10CA
330
1A
100
AcDbEntity
  8
B.Cu
  6
CONTINUOUS
100
AcDbLine
 10
128.4645040000000051
 20
-103.9722989999999925
 30
0
 11
128.4093589999999949
 21
-103.8058800000000019
 31
0
  0
LINE
  5
10CB
330
1A
100
AcDbEntity
  8
B.Cu
  6
CONTINUOUS
100
AcDbLine
 10
128.4093589999999949
 20
-103.8058800000000019
 30
0
 11
128.4093579999999974
 21
-103.8058789999999902
 31
0
  0
LINE
  5
10CC
330
1A
100
AcDbEntity
  8
B.Cu
  6
CONTINUOUS
100
AcDbLine
 10
128.4093579999999974
 20
-103.8058789999999902
 30
0
 11
128.3173180000000002
 21
-103.6566589999999906
 31
0
  0
LINE
  5
10CD
330
1A
100
AcDbEntity
  8
B.Cu
  6
CONTINUOUS
100
AcDbLine
 10
128.3173180000000002
 20
-103.6566589999999906
 30
0
 11
128.3173150000000078
 21
-103.6566550000000007
 31
0
  0
LINE
  5
10CE
330
1A
100
AcDbEntity
  8
B.Cu
  6
CONTINUOUS
100
AcDbLine
 10
128.3173150000000078
 20
-103.6566550000000007
 30
0
 11
128.1933439999999962
 21
-103.5326839999999891
 31
0
  0
LINE
  5
10CF
330
1A
100
AcDbEntity
  8
B.Cu
  6
CONTINUOUS
100
AcDbLine
 10
128.1933439999999962
 20
-103.5326839999999891
 30
0
 11
128.1933400000000063
 21
-103.5326809999999966
 31
0
  0
LINE
  5
10D0
330
1A
100
AcDbEntity
  8
B.Cu
  6
CONTINUOUS
100
AcDbLine
 10
128.1933400000000063
 20
-103.5326809999999966
 30
0
 11
128.0441199999999924
 21
-103.4406409999999994
 31
0
  0
LINE
  5
10D1
330
1A
100
AcDbEntity
  8
B.Cu
  6
CONTINUOUS
100
AcDbLine
 10
128.0441199999999924
 20
-103.4406409999999994
 30
0
 11
128.0441189999999949
 21
-103.4406400000000019
 31
0
  0
LINE
  5
10D2
330
1A
100
AcDbEntity
  8
B.Cu
  6
CONTINUOUS
100
AcDbLine
 10
128.0441189999999949
 20
-103.4406400000000019
 30
0
 11
127.8776999999999902
 21
-103.3854949999999917
 31
0
  0
LINE
  5
10D3
330
1A
100
AcDbEntity
  8
B.Cu
  6
CONTINUOUS
100
AcDbLine
 10
127.8776999999999902
 20
-103.3854949999999917
 30
0
 11
127.8776929999999936
 21
-103.3854939999999942
 31
0
  0
LINE
  5
10D4
330
1A
100
AcDbEntity
  8
B.Cu
  6
CONTINUOUS
100
AcDbLine
 10
127.8776929999999936
 20
-103.3854939999999942
 30
0
 11
127.7749799999999993
 21
-103.375
 31
0
  0
LINE
  5
10D5
330
1A
100
AcDbEntity
  8
B.Cu
  6
CONTINUOUS
100
AcDbLine
 10
127.7749799999999993
 20
-103.375
 30
0
 11
126.4750009999999918
 21
-103.375
 31
0
  0
LINE
  5
10D6
330
1A
100
AcDbEntity
  8
B.Cu
  6
CONTINUOUS
100
AcDbLine
 10
126.4750009999999918
 20
-103.375
 30
0
 11
126.4749999999999943
 21
-103.3750009999999975
 31
0
  0
LINE
  5
10D7
330
1A
100
AcDbEntity
  8
B.Cu
  6
CONTINUOUS
100
AcDbLine
 10
126.4749999999999943
 20
-103.3750009999999975
 30
0
 11
126.4749999999999943
 21
-103.875
 31
0
  0
LINE
  5
10D8
330
1A
100
AcDbEntity
  8
B.Cu
  6
CONTINUOUS
100
AcDbLine
 10
122.6499999999999915
 20
-99.2978319999999997
 30
0
 11
122.6564009999999882
 21
-99.3573710000000005
 31
0
  0
LINE
  5
10D9
330
1A
100
AcDbEntity
  8
B.Cu
  6
CONTINUOUS
100
AcDbLine
 10
122.6564009999999882
 20
-99.3573710000000005
 30
0
 11
122.6564029999999974
 21
-99.3573779999999971
 31
0
  0
LINE
  5
10DA
330
1A
100
AcDbEntity
  8
B.Cu
  6
CONTINUOUS
100
AcDbLine
 10
122.6564029999999974
 20
-99.3573779999999971
 30
0
 11
122.7066459999999921
 21
-99.4920869999999979
 31
0
  0
LINE
  5
10DB
330
1A
100
AcDbEntity
  8
B.Cu
  6
CONTINUOUS
100
AcDbLine
 10
122.7066459999999921
 20
-99.4920869999999979
 30
0
 11
122.7928099999999887
 21
-99.6071869999999961
 31
0
  0
LINE
  5
10DC
330
1A
100
AcDbEntity
  8
B.Cu
  6
CONTINUOUS
100
AcDbLine
 10
122.7928099999999887
 20
-99.6071869999999961
 30
0
 11
122.7928119999999979
 21
-99.6071889999999911
 31
0
  0
LINE
  5
10DD
330
1A
100
AcDbEntity
  8
B.Cu
  6
CONTINUOUS
100
AcDbLine
 10
122.7928119999999979
 20
-99.6071889999999911
 30
0
 11
122.9079119999999961
 21
-99.6933530000000019
 31
0
  0
LINE
  5
10DE
330
1A
100
AcDbEntity
  8
B.Cu
  6
CONTINUOUS
100
AcDbLine
 10
122.9079119999999961
 20
-99.6933530000000019
 30
0
 11
123.0426209999999969
 21
-99.7435959999999966
 31
0
  0
LINE
  5
10DF
330
1A
100
AcDbEntity
  8
B.Cu
  6
CONTINUOUS
100
AcDbLine
 10
123.0426209999999969
 20
-99.7435959999999966
 30
0
 11
123.0426279999999934
 21
-99.7435979999999915
 31
0
  0
LINE
  5
10E0
330
1A
100
AcDbEntity
  8
B.Cu
  6
CONTINUOUS
100
AcDbLine
 10
123.0426279999999934
 20
-99.7435979999999915
 30
0
 11
123.1021669999999943
 21
-99.7499990000000025
 31
0
  0
LINE
  5
10E1
330
1A
100
AcDbEntity
  8
B.Cu
  6
CONTINUOUS
100
AcDbLine
 10
123.1021669999999943
 20
-99.7499990000000025
 30
0
 11
123.1021749999999884
 21
-99.75
 31
0
  0
LINE
  5
10E2
330
1A
100
AcDbEntity
  8
B.Cu
  6
CONTINUOUS
100
AcDbLine
 10
123.1021749999999884
 20
-99.75
 30
0
 11
125.2499989999999883
 21
-99.75
 31
0
  0
LINE
  5
10E3
330
1A
100
AcDbEntity
  8
B.Cu
  6
CONTINUOUS
100
AcDbLine
 10
125.2499989999999883
 20
-99.75
 30
0
 11
125.25
 21
-99.7499990000000025
 31
0
  0
LINE
  5
10E4
330
1A
100
AcDbEntity
  8
B.Cu
  6
CONTINUOUS
100
AcDbLine
 10
125.25
 20
-99.7499990000000025
 30
0
 11
125.25
 21
-99.25
 31
0
  0
LINE
  5
10E5
330
1A
100
AcDbEntity
  8
B.Cu
  6
CONTINUOUS
100
AcDbLine
 10
125.25
 20
-99.25
 30
0
 11
123.1499999999999915
 21
-99.25
 31
0
  0
LINE
  5
10E6
330
1A
100
AcDbEntity
  8
B.Cu
  6
CONTINUOUS
100
AcDbLine
 10
123.1499999999999915
 20
-99.25
 30
0
 11
123.1499999999999915
 21
-97.75
 31
0
  0
LINE
  5
10E7
330
1A
100
AcDbEntity
  8
B.Cu
  6
CONTINUOUS
100
AcDbLine
 10
123.1499999999999915
 20
-97.75
 30
0
 11
122.6500009999999889
 21
-97.75
 31
0
  0
LINE
  5
10E8
330
1A
100
AcDbEntity
  8
B.Cu
  6
CONTINUOUS
100
AcDbLine
 10
122.6500009999999889
 20
-97.75
 30
0
 11
122.6499999999999915
 21
-97.7500009999999975
 31
0
  0
LINE
  5
10E9
330
1A
100
AcDbEntity
  8
B.Cu
  6
CONTINUOUS
100
AcDbLine
 10
122.6499999999999915
 20
-97.7500009999999975
 30
0
 11
122.6499999999999915
 21
-99.2978319999999997
 31
0
  0
LINE
  5
10EA
330
1A
100
AcDbEntity
  8
B.Cu
  6
CONTINUOUS
100
AcDbLine
 10
122.6499999999999915
 20
-96.2499990000000025
 30
0
 11
122.6500009999999889
 21
-96.25
 31
0
  0
LINE
  5
10EB
330
1A
100
AcDbEntity
  8
B.Cu
  6
CONTINUOUS
100
AcDbLine
 10
122.6500009999999889
 20
-96.25
 30
0
 11
123.1499999999999915
 21
-96.25
 31
0
  0
LINE
  5
10EC
330
1A
100
AcDbEntity
  8
B.Cu
  6
CONTINUOUS
100
AcDbLine
 10
123.1499999999999915
 20
-96.25
 30
0
 11
123.1499999999999915
 21
-94.75
 31
0
  0
LINE
  5
10ED
330
1A
100
AcDbEntity
  8
B.Cu
  6
CONTINUOUS
100
AcDbLine
 10
123.1499999999999915
 20
-94.75
 30
0
 11
125.25
 21
-94.75
 31
0
  0
LINE
  5
10EE
330
1A
100
AcDbEntity
  8
B.Cu
  6
CONTINUOUS
100
AcDbLine
 10
125.25
 20
-94.75
 30
0
 11
125.25
 21
-94.2500009999999975
 31
0
  0
LINE
  5
10EF
330
1A
100
AcDbEntity
  8
B.Cu
  6
CONTINUOUS
100
AcDbLine
 10
125.25
 20
-94.2500009999999975
 30
0
 11
125.2499989999999883
 21
-94.25
 31
0
  0
LINE
  5
10F0
330
1A
100
AcDbEntity
  8
B.Cu
  6
CONTINUOUS
100
AcDbLine
 10
125.2499989999999883
 20
-94.25
 30
0
 11
123.1021669999999943
 21
-94.25
 31
0
  0
LINE
  5
10F1
330
1A
100
AcDbEntity
  8
B.Cu
  6
CONTINUOUS
100
AcDbLine
 10
123.1021669999999943
 20
-94.25
 30
0
 11
123.0426279999999934
 21
-94.2564009999999968
 31
0
  0
LINE
  5
10F2
330
1A
100
AcDbEntity
  8
B.Cu
  6
CONTINUOUS
100
AcDbLine
 10
123.0426279999999934
 20
-94.2564009999999968
 30
0
 11
123.0426209999999969
 21
-94.2564029999999917
 31
0
  0
LINE
  5
10F3
330
1A
100
AcDbEntity
  8
B.Cu
  6
CONTINUOUS
100
AcDbLine
 10
123.0426209999999969
 20
-94.2564029999999917
 30
0
 11
122.9079119999999961
 21
-94.3066460000000006
 31
0
  0
LINE
  5
10F4
330
1A
100
AcDbEntity
  8
B.Cu
  6
CONTINUOUS
100
AcDbLine
 10
122.9079119999999961
 20
-94.3066460000000006
 30
0
 11
122.7928119999999979
 21
-94.3928099999999972
 31
0
  0
LINE
  5
10F5
330
1A
100
AcDbEntity
  8
B.Cu
  6
CONTINUOUS
100
AcDbLine
 10
122.7928119999999979
 20
-94.3928099999999972
 30
0
 11
122.7928099999999887
 21
-94.3928119999999922
 31
0
  0
LINE
  5
10F6
330
1A
100
AcDbEntity
  8
B.Cu
  6
CONTINUOUS
100
AcDbLine
 10
122.7928099999999887
 20
-94.3928119999999922
 30
0
 11
122.7066459999999921
 21
-94.5079119999999904
 31
0
  0
LINE
  5
10F7
330
1A
100
AcDbEntity
  8
B.Cu
  6
CONTINUOUS
100
AcDbLine
 10
122.7066459999999921
 20
-94.5079119999999904
 30
0
 11
122.6564029999999974
 21
-94.6426209999999912
 31
0
  0
LINE
  5
10F8
330
1A
100
AcDbEntity
  8
B.Cu
  6
CONTINUOUS
100
AcDbLine
 10
122.6564029999999974
 20
-94.6426209999999912
 30
0
 11
122.6564009999999882
 21
-94.642628000000002
 31
0
  0
LINE
  5
10F9
330
1A
100
AcDbEntity
  8
B.Cu
  6
CONTINUOUS
100
AcDbLine
 10
122.6564009999999882
 20
-94.642628000000002
 30
0
 11
122.6499999999999915
 21
-94.7021669999999887
 31
0
  0
LINE
  5
10FA
330
1A
100
AcDbEntity
  8
B.Cu
  6
CONTINUOUS
100
AcDbLine
 10
122.6499999999999915
 20
-94.7021669999999887
 30
0
 11
122.6499999999999915
 21
-96.2499990000000025
 31
0
  0
LINE
  5
10FB
330
1A
100
AcDbEntity
  8
B.Cu
  6
CONTINUOUS
100
AcDbLine
 10
126.75
 20
-94.75
 30
0
 11
128.8499999999999943
 21
-94.75
 31
0
  0
LINE
  5
10FC
330
1A
100
AcDbEntity
  8
B.Cu
  6
CONTINUOUS
100
AcDbLine
 10
128.8499999999999943
 20
-94.75
 30
0
 11
128.8499999999999943
 21
-96.25
 31
0
  0
LINE
  5
10FD
330
1A
100
AcDbEntity
  8
B.Cu
  6
CONTINUOUS
100
AcDbLine
 10
128.8499999999999943
 20
-96.25
 30
0
 11
129.3499989999999968
 21
-96.25
 31
0
  0
LINE
  5
10FE
330
1A
100
AcDbEntity
  8
B.Cu
  6
CONTINUOUS
100
AcDbLine
 10
129.3499989999999968
 20
-96.25
 30
0
 11
129.3499999999999943
 21
-96.2499990000000025
 31
0
  0
LINE
  5
10FF
330
1A
100
AcDbEntity
  8
B.Cu
  6
CONTINUOUS
100
AcDbLine
 10
129.3499999999999943
 20
-96.2499990000000025
 30
0
 11
129.3499999999999943
 21
-94.7021749999999969
 31
0
  0
LINE
  5
1100
330
1A
100
AcDbEntity
  8
B.Cu
  6
CONTINUOUS
100
AcDbLine
 10
129.3499999999999943
 20
-94.7021749999999969
 30
0
 11
129.3499989999999968
 21
-94.7021669999999887
 31
0
  0
LINE
  5
1101
330
1A
100
AcDbEntity
  8
B.Cu
  6
CONTINUOUS
100
AcDbLine
 10
129.3499989999999968
 20
-94.7021669999999887
 30
0
 11
129.3435979999999859
 21
-94.642628000000002
 31
0
  0
LINE
  5
1102
330
1A
100
AcDbEntity
  8
B.Cu
  6
CONTINUOUS
100
AcDbLine
 10
129.3435979999999859
 20
-94.642628000000002
 30
0
 11
129.3435959999999909
 21
-94.6426209999999912
 31
0
  0
LINE
  5
1103
330
1A
100
AcDbEntity
  8
B.Cu
  6
CONTINUOUS
100
AcDbLine
 10
129.3435959999999909
 20
-94.6426209999999912
 30
0
 11
129.2933529999999962
 21
-94.5079119999999904
 31
0
  0
LINE
  5
1104
330
1A
100
AcDbEntity
  8
B.Cu
  6
CONTINUOUS
100
AcDbLine
 10
129.2933529999999962
 20
-94.5079119999999904
 30
0
 11
129.2071889999999996
 21
-94.3928119999999922
 31
0
  0
LINE
  5
1105
330
1A
100
AcDbEntity
  8
B.Cu
  6
CONTINUOUS
100
AcDbLine
 10
129.2071889999999996
 20
-94.3928119999999922
 30
0
 11
129.2071870000000047
 21
-94.3928099999999972
 31
0
  0
LINE
  5
1106
330
1A
100
AcDbEntity
  8
B.Cu
  6
CONTINUOUS
100
AcDbLine
 10
129.2071870000000047
 20
-94.3928099999999972
 30
0
 11
129.0920869999999923
 21
-94.3066460000000006
 31
0
  0
LINE
  5
1107
330
1A
100
AcDbEntity
  8
B.Cu
  6
CONTINUOUS
100
AcDbLine
 10
129.0920869999999923
 20
-94.3066460000000006
 30
0
 11
128.9573780000000056
 21
-94.2564029999999917
 31
0
  0
LINE
  5
1108
330
1A
100
AcDbEntity
  8
B.Cu
  6
CONTINUOUS
100
AcDbLine
 10
128.9573780000000056
 20
-94.2564029999999917
 30
0
 11
128.9573709999999949
 21
-94.2564009999999968
 31
0
  0
LINE
  5
1109
330
1A
100
AcDbEntity
  8
B.Cu
  6
CONTINUOUS
100
AcDbLine
 10
128.9573709999999949
 20
-94.2564009999999968
 30
0
 11
128.897831999999994
 21
-94.25
 31
0
  0
LINE
  5
110A
330
1A
100
AcDbEntity
  8
B.Cu
  6
CONTINUOUS
100
AcDbLine
 10
128.897831999999994
 20
-94.25
 30
0
 11
126.7500009999999975
 21
-94.25
 31
0
  0
LINE
  5
110B
330
1A
100
AcDbEntity
  8
B.Cu
  6
CONTINUOUS
100
AcDbLine
 10
126.7500009999999975
 20
-94.25
 30
0
 11
126.75
 21
-94.2500009999999975
 31
0
  0
LINE
  5
110C
330
1A
100
AcDbEntity
  8
B.Cu
  6
CONTINUOUS
100
AcDbLine
 10
126.75
 20
-94.2500009999999975
 30
0
 11
126.75
 21
-94.75
 31
0
  0
LINE
  5
110D
330
1A
100
AcDbEntity
  8
B.Cu
  6
CONTINUOUS
100
AcDbLine
 10
119.8499999999999943
 20
-70.75
 30
0
 11
114.1499999999999915
 21
-70.75
 31
0
  0
LINE
  5
110E
330
1A
100
AcDbEntity
  8
B.Cu
  6
CONTINUOUS
100
AcDbLine
 10
114.1499999999999915
 20
-70.75
 30
0
 11
114.1499999999999915
 21
-66.25
 31
0
  0
LINE
  5
110F
330
1A
100
AcDbEntity
  8
B.Cu
  6
CONTINUOUS
100
AcDbLine
 10
114.1499999999999915
 20
-66.25
 30
0
 11
119.8499999999999943
 21
-66.25
 31
0
  0
LINE
  5
1110
330
1A
100
AcDbEntity
  8
B.Cu
  6
CONTINUOUS
100
AcDbLine
 10
119.8499999999999943
 20
-66.25
 30
0
 11
119.8499999999999943
 21
-70.75
 31
0
  0
LINE
  5
1111
330
1A
100
AcDbEntity
  8
B.Cu
  6
CONTINUOUS
100
AcDbLine
 10
128.8499999999999943
 20
-70.75
 30
0
 11
123.1499999999999915
 21
-70.75
 31
0
  0
LINE
  5
1112
330
1A
100
AcDbEntity
  8
B.Cu
  6
CONTINUOUS
100
AcDbLine
 10
123.1499999999999915
 20
-70.75
 30
0
 11
123.1499999999999915
 21
-66.25
 31
0
  0
LINE
  5
1113
330
1A
100
AcDbEntity
  8
B.Cu
  6
CONTINUOUS
100
AcDbLine
 10
123.1499999999999915
 20
-66.25
 30
0
 11
128.8499999999999943
 21
-66.25
 31
0
  0
LINE
  5
1114
330
1A
100
AcDbEntity
  8
B.Cu
  6
CONTINUOUS
100
AcDbLine
 10
128.8499999999999943
 20
-66.25
 30
0
 11
128.8499999999999943
 21
-70.75
 31
0
  0
CIRCLE
  5
1115
330
1A
100
AcDbEntity
  8
B.Cu
100
AcDbCircle
 10
168.125
 20
-137.4749999999999943
 30
0
 40
0.475
  0
CIRCLE
  5
1116
330
1A
100
AcDbEntity
  8
B.Cu
100
AcDbCircle
 10
168.125
 20
-139.9749999999999943
 30
0
 40
0.475
  0
CIRCLE
  5
1117
330
1A
100
AcDbEntity
  8
B.Cu
100
AcDbCircle
 10
168.125
 20
-142.4749999999999943
 30
0
 40
0.475
  0
POINT
  5
1118
330
1A
100
AcDbEntity
  8
B.Cu
100
AcDbPoint
 10
155.3199999999999932
 20
-124.7299999999999898
 30
0
  0
POINT
  5
1119
330
1A
100
AcDbEntity
  8
B.Cu
100
AcDbPoint
 10
155.3199999999999932
 20
-122.1899999999999977
 30
0
  0
POINT
  5
111A
330
1A
100
AcDbEntity
  8
B.Cu
100
AcDbPoint
 10
155.3199999999999932
 20
-119.6499999999999915
 30
0
  0
CIRCLE
  5
111B
330
1A
100
AcDbEntity
  8
B.Cu
100
AcDbCircle
 10
140.0799999999999841
 20
-124.7299999999999898
 30
0
 40
0.5
  0
POINT
  5
111C
330
1A
100
AcDbEntity
  8
B.Cu
100
AcDbPoint
 10
155.3199999999999932
 20
-117.1099999999999994
 30
0
  0
POINT
  5
111D
330
1A
100
AcDbEntity
  8
B.Cu
100
AcDbPoint
 10
155.3199999999999932
 20
-114.5699999999999932
 30
0
  0
CIRCLE
  5
111E
330
1A
100
AcDbEntity
  8
B.Cu
100
AcDbCircle
 10
140.0799999999999841
 20
-129.8100000000000023
 30
0
 40
0.5
  0
POINT
  5
111F
330
1A
100
AcDbEntity
  8
B.Cu
100
AcDbPoint
 10
155.3199999999999932
 20
-112.0300000000000011
 30
0
  0
POINT
  5
1120
330
1A
100
AcDbEntity
  8
B.Cu
100
AcDbPoint
 10
155.3199999999999932
 20
-109.4899999999999949
 30
0
  0
POINT
  5
1121
330
1A
100
AcDbEntity
  8
B.Cu
100
AcDbPoint
 10
140.0799999999999841
 20
-109.4899999999999949
 30
0
  0
POINT
  5
1122
330
1A
100
AcDbEntity
  8
B.Cu
100
AcDbPoint
 10
140.0799999999999841
 20
-112.0300000000000011
 30
0
  0
POINT
  5
1123
330
1A
100
AcDbEntity
  8
B.Cu
100
AcDbPoint
 10
140.0799999999999841
 20
-114.5699999999999932
 30
0
  0
POINT
  5
1124
330
1A
100
AcDbEntity
  8
B.Cu
100
AcDbPoint
 10
140.0799999999999841
 20
-117.1099999999999994
 30
0
  0
POINT
  5
1125
330
1A
100
AcDbEntity
  8
B.Cu
100
AcDbPoint
 10
140.0799999999999841
 20
-119.6499999999999915
 30
0
  0
POINT
  5
1126
330
1A
100
AcDbEntity
  8
B.Cu
100
AcDbPoint
 10
140.0799999999999841
 20
-122.1499999999999915
 30
0
  0
CIRCLE
  5
1127
330
1A
100
AcDbEntity
  8
B.Cu
100
AcDbCircle
 10
140.0799999999999841
 20
-127.269999999999996
 30
0
 40
0.5
  0
POINT
  5
1128
330
1A
100
AcDbEntity
  8
B.Cu
100
AcDbPoint
 10
155.3199999999999932
 20
-127.269999999999996
 30
0
  0
POINT
  5
1129
330
1A
100
AcDbEntity
  8
B.Cu
100
AcDbPoint
 10
155.3199999999999932
 20
-129.8100000000000023
 30
0
  0
CIRCLE
  5
112A
330
1A
100
AcDbEntity
  8
B.Cu
100
AcDbCircle
 10
160.8400000000000034
 20
-113.5
 30
0
 40
0.5
  0
CIRCLE
  5
112B
330
1A
100
AcDbEntity
  8
B.Cu
100
AcDbCircle
 10
163.3799999999999955
 20
-113.5
 30
0
 40
0.5
  0
CIRCLE
  5
112C
330
1A
100
AcDbEntity
  8
B.Cu
100
AcDbCircle
 10
165.9199999999999875
 20
-113.5
 30
0
 40
0.5
  0
CIRCLE
  5
112D
330
1A
100
AcDbEntity
  8
B.Cu
100
AcDbCircle
 10
168.4599999999999795
 20
-113.5
 30
0
 40
0.5
  0
CIRCLE
  5
112E
330
1A
100
AcDbEntity
  8
B.Cu
100
AcDbCircle
 10
171.
 20
-113.5
 30
0
 40
0.5
  0
CIRCLE
  5
112F
330
1A
100
AcDbEntity
  8
B.Cu
100
AcDbCircle
 10
173.539999999999992
 20
-113.5
 30
0
 40
0.5
  0
CIRCLE
  5
1130
330
1A
100
AcDbEntity
  8
B.Cu
100
AcDbCircle
 10
176.0799999999999841
 20
-113.5
 30
0
 40
0.5
  0
CIRCLE
  5
1131
330
1A
100
AcDbEntity
  8
B.Cu
100
AcDbCircle
 10
126.5
 20
-139.
 30
0
 40
0.475
  0
CIRCLE
  5
1132
330
1A
100
AcDbEntity
  8
B.Cu
100
AcDbCircle
 10
124.
 20
-139.
 30
0
 40
0.475
  0
CIRCLE
  5
1133
330
1A
100
AcDbEntity
  8
B.Cu
100
AcDbCircle
 10
121.5
 20
-139.
 30
0
 40
0.475
  0
CIRCLE
  5
1134
330
1A
100
AcDbEntity
  8
B.Cu
100
AcDbCircle
 10
119.
 20
-139.
 30
0
 40
0.475
  0
CIRCLE
  5
1135
330
1A
100
AcDbEntity
  8
B.Cu
100
AcDbCircle
 10
116.5
 20
-139.
 30
0
 40
0.475
  0
CIRCLE
  5
1136
330
1A
100
AcDbEntity
  8
B.Cu
100
AcDbCircle
 10
133.
 20
-143.
 30
0
 40
0.475
  0
CIRCLE
  5
1137
330
1A
100
AcDbEntity
  8
B.Cu
100
AcDbCircle
 10
133.
 20
-140.5
 30
0
 40
0.475
  0
CIRCLE
  5
1138
330
1A
100
AcDbEntity
  8
B.Cu
100
AcDbCircle
 10
133.
 20
-138.
 30
0
 40
0.475
  0
CIRCLE
  5
1139
330
1A
100
AcDbEntity
  8
B.Cu
100
AcDbCircle
 10
130.5999999999999943
 20
-125.8499999999999943
 30
0
 40
0.5
  0
POINT
  5
113A
330
1A
100
AcDbEntity
  8
B.Cu
100
AcDbPoint
 10
130.5999999999999943
 20
-123.3099999999999881
 30
0
  0
POINT
  5
113B
330
1A
100
AcDbEntity
  8
B.Cu
100
AcDbPoint
 10
130.5999999999999943
 20
-120.769999999999996
 30
0
  0
POINT
  5
113C
330
1A
100
AcDbEntity
  8
B.Cu
100
AcDbPoint
 10
130.5999999999999943
 20
-118.2299999999999898
 30
0
  0
POINT
  5
113D
330
1A
100
AcDbEntity
  8
B.Cu
100
AcDbPoint
 10
130.5999999999999943
 20
-115.6899999999999977
 30
0
  0
CIRCLE
  5
113E
330
1A
100
AcDbEntity
  8
B.Cu
100
AcDbCircle
 10
130.5999999999999943
 20
-113.1499999999999915
 30
0
 40
0.5
  0
CIRCLE
  5
113F
330
1A
100
AcDbEntity
  8
B.Cu
100
AcDbCircle
 10
162.5
 20
-118.4200000000000017
 30
0
 40
0.5
  0
CIRCLE
  5
1140
330
1A
100
AcDbEntity
  8
B.Cu
100
AcDbCircle
 10
162.5
 20
-120.9599999999999937
 30
0
 40
0.5
  0
CIRCLE
  5
1141
330
1A
100
AcDbEntity
  8
B.Cu
100
AcDbCircle
 10
162.5
 20
-123.5
 30
0
 40
0.5
  0
CIRCLE
  5
1142
330
1A
100
AcDbEntity
  8
B.Cu
100
AcDbCircle
 10
162.5
 20
-126.039999999999992
 30
0
 40
0.5
  0
CIRCLE
  5
1143
330
1A
100
AcDbEntity
  8
B.Cu
100
AcDbCircle
 10
162.5
 20
-128.5799999999999841
 30
0
 40
0.5
  0
CIRCLE
  5
1144
330
1A
100
AcDbEntity
  8
B.Cu
100
AcDbCircle
 10
152.1200000000000045
 20
-142.5799999999999841
 30
0
 40
0.5
  0
CIRCLE
  5
1145
330
1A
100
AcDbEntity
  8
B.Cu
100
AcDbCircle
 10
152.1200000000000045
 20
-140.039999999999992
 30
0
 40
0.5
  0
CIRCLE
  5
1146
330
1A
100
AcDbEntity
  8
B.Cu
100
AcDbCircle
 10
152.1200000000000045
 20
-137.5
 30
0
 40
0.5
  0
CIRCLE
  5
1147
330
1A
100
AcDbEntity
  8
B.Cu
100
AcDbCircle
 10
144.5
 20
-142.5799999999999841
 30
0
 40
0.5
  0
CIRCLE
  5
1148
330
1A
100
AcDbEntity
  8
B.Cu
100
AcDbCircle
 10
144.5
 20
-140.039999999999992
 30
0
 40
0.5
  0
CIRCLE
  5
1149
330
1A
100
AcDbEntity
  8
B.Cu
100
AcDbCircle
 10
144.5
 20
-137.5
 30
0
 40
0.5
  0
CIRCLE
  5
114A
330
1A
100
AcDbEntity
  8
B.Cu
100
AcDbCircle
 10
168.125
 20
-137.4749999999999943
 30
0
 40
0.475
  0
CIRCLE
  5
114B
330
1A
100
AcDbEntity
  8
B.Cu
100
AcDbCircle
 10
168.125
 20
-139.9749999999999943
 30
0
 40
0.475
  0
CIRCLE
  5
114C
330
1A
100
AcDbEntity
  8
B.Cu
100
AcDbCircle
 10
168.125
 20
-142.4749999999999943
 30
0
 40
0.475
  0
POINT
  5
114D
330
1A
100
AcDbEntity
  8
B.Cu
100
AcDbPoint
 10
155.3199999999999932
 20
-124.7299999999999898
 30
0
  0
POINT
  5
114E
330
1A
100
AcDbEntity
  8
B.Cu
100
AcDbPoint
 10
155.3199999999999932
 20
-122.1899999999999977
 30
0
  0
POINT
  5
114F
330
1A
100
AcDbEntity
  8
B.Cu
100
AcDbPoint
 10
155.3199999999999932
 20
-119.6499999999999915
 30
0
  0
CIRCLE
  5
1150
330
1A
100
AcDbEntity
  8
B.Cu
100
AcDbCircle
 10
140.0799999999999841
 20
-124.7299999999999898
 30
0
 40
0.5
  0
POINT
  5
1151
330
1A
100
AcDbEntity
  8
B.Cu
100
AcDbPoint
 10
155.3199999999999932
 20
-117.1099999999999994
 30
0
  0
POINT
  5
1152
330
1A
100
AcDbEntity
  8
B.Cu
100
AcDbPoint
 10
155.3199999999999932
 20
-114.5699999999999932
 30
0
  0
CIRCLE
  5
1153
330
1A
100
AcDbEntity
  8
B.Cu
100
AcDbCircle
 10
140.0799999999999841
 20
-129.8100000000000023
 30
0
 40
0.5
  0
POINT
  5
1154
330
1A
100
AcDbEntity
  8
B.Cu
100
AcDbPoint
 10
155.3199999999999932
 20
-112.0300000000000011
 30
0
  0
POINT
  5
1155
330
1A
100
AcDbEntity
  8
B.Cu
100
AcDbPoint
 10
155.3199999999999932
 20
-109.4899999999999949
 30
0
  0
POINT
  5
1156
330
1A
100
AcDbEntity
  8
B.Cu
100
AcDbPoint
 10
140.0799999999999841
 20
-109.4899999999999949
 30
0
  0
POINT
  5
1157
330
1A
100
AcDbEntity
  8
B.Cu
100
AcDbPoint
 10
140.0799999999999841
 20
-112.0300000000000011
 30
0
  0
POINT
  5
1158
330
1A
100
AcDbEntity
  8
B.Cu
100
AcDbPoint
 10
140.0799999999999841
 20
-114.5699999999999932
 30
0
  0
POINT
  5
1159
330
1A
100
AcDbEntity
  8
B.Cu
100
AcDbPoint
 10
140.0799999999999841
 20
-117.1099999999999994
 30
0
  0
POINT
  5
115A
330
1A
100
AcDbEntity
  8
B.Cu
100
AcDbPoint
 10
140.0799999999999841
 20
-119.6499999999999915
 30
0
  0
POINT
  5
115B
330
1A
100
AcDbEntity
  8
B.Cu
100
AcDbPoint
 10
140.0799999999999841
 20
-122.1499999999999915
 30
0
  0
CIRCLE
  5
115C
330
1A
100
AcDbEntity
  8
B.Cu
100
AcDbCircle
 10
140.0799999999999841
 20
-127.269999999999996
 30
0
 40
0.5
  0
POINT
  5
115D
330
1A
100
AcDbEntity
  8
B.Cu
100
AcDbPoint
 10
155.3199999999999932
 20
-127.269999999999996
 30
0
  0
POINT
  5
115E
330
1A
100
AcDbEntity
  8
B.Cu
100
AcDbPoint
 10
155.3199999999999932
 20
-129.8100000000000023
 30
0
  0
CIRCLE
  5
115F
330
1A
100
AcDbEntity
  8
B.Cu
100
AcDbCircle
 10
160.8400000000000034
 20
-113.5
 30
0
 40
0.5
  0
CIRCLE
  5
1160
330
1A
100
AcDbEntity
  8
B.Cu
100
AcDbCircle
 10
163.3799999999999955
 20
-113.5
 30
0
 40
0.5
  0
CIRCLE
  5
1161
330
1A
100
AcDbEntity
  8
B.Cu
100
AcDbCircle
 10
165.9199999999999875
 20
-113.5
 30
0
 40
0.5
  0
CIRCLE
  5
1162
330
1A
100
AcDbEntity
  8
B.Cu
100
AcDbCircle
 10
168.4599999999999795
 20
-113.5
 30
0
 40
0.5
  0
CIRCLE
  5
1163
330
1A
100
AcDbEntity
  8
B.Cu
100
AcDbCircle
 10
171.
 20
-113.5
 30
0
 40
0.5
  0
CIRCLE
  5
1164
330
1A
100
AcDbEntity
  8
B.Cu
100
AcDbCircle
 10
173.539999999999992
 20
-113.5
 30
0
 40
0.5
  0
CIRCLE
  5
1165
330
1A
100
AcDbEntity
  8
B.Cu
100
AcDbCircle
 10
176.0799999999999841
 20
-113.5
 30
0
 40
0.5
  0
CIRCLE
  5
1166
330
1A
100
AcDbEntity
  8
B.Cu
100
AcDbCircle
 10
126.5
 20
-139.
 30
0
 40
0.475
  0
CIRCLE
  5
1167
330
1A
100
AcDbEntity
  8
B.Cu
100
AcDbCircle
 10
124.
 20
-139.
 30
0
 40
0.475
  0
CIRCLE
  5
1168
330
1A
100
AcDbEntity
  8
B.Cu
100
AcDbCircle
 10
121.5
 20
-139.
 30
0
 40
0.475
  0
CIRCLE
  5
1169
330
1A
100
AcDbEntity
  8
B.Cu
100
AcDbCircle
 10
119.
 20
-139.
 30
0
 40
0.475
  0
CIRCLE
  5
116A
330
1A
100
AcDbEntity
  8
B.Cu
100
AcDbCircle
 10
116.5
 20
-139.
 30
0
 40
0.475
  0
CIRCLE
  5
116B
330
1A
100
AcDbEntity
  8
B.Cu
100
AcDbCircle
 10
133.
 20
-143.
 30
0
 40
0.475
  0
CIRCLE
  5
116C
330
1A
100
AcDbEntity
  8
B.Cu
100
AcDbCircle
 10
133.
 20
-140.5
 30
0
 40
0.475
  0
CIRCLE
  5
116D
330
1A
100
AcDbEntity
  8
B.Cu
100
AcDbCircle
 10
133.
 20
-138.
 30
0
 40
0.475
  0
CIRCLE
  5
116E
330
1A
100
AcDbEntity
  8
B.Cu
100
AcDbCircle
 10
130.5999999999999943
 20
-125.8499999999999943
 30
0
 40
0.5
  0
POINT
  5
116F
330
1A
100
AcDbEntity
  8
B.Cu
100
AcDbPoint
 10
130.5999999999999943
 20
-123.3099999999999881
 30
0
  0
POINT
  5
1170
330
1A
100
AcDbEntity
  8
B.Cu
100
AcDbPoint
 10
130.5999999999999943
 20
-120.769999999999996
 30
0
  0
POINT
  5
1171
330
1A
100
AcDbEntity
  8
B.Cu
100
AcDbPoint
 10
130.5999999999999943
 20
-118.2299999999999898
 30
0
  0
POINT
  5
1172
330
1A
100
AcDbEntity
  8
B.Cu
100
AcDbPoint
 10
130.5999999999999943
 20
-115.6899999999999977
 30
0
  0
CIRCLE
  5
1173
330
1A
100
AcDbEntity
  8
B.Cu
100
AcDbCircle
 10
130.5999999999999943
 20
-113.1499999999999915
 30
0
 40
0.5
  0
CIRCLE
  5
1174
330
1A
100
AcDbEntity
  8
B.Cu
100
AcDbCircle
 10
162.5
 20
-118.4200000000000017
 30
0
 40
0.5
  0
CIRCLE
  5
1175
330
1A
100
AcDbEntity
  8
B.Cu
100
AcDbCircle
 10
162.5
 20
-120.9599999999999937
 30
0
 40
0.5
  0
CIRCLE
  5
1176
330
1A
100
AcDbEntity
  8
B.Cu
100
AcDbCircle
 10
162.5
 20
-123.5
 30
0
 40
0.5
  0
CIRCLE
  5
1177
330
1A
100
AcDbEntity
  8
B.Cu
100
AcDbCircle
 10
162.5
 20
-126.039999999999992
 30
0
 40
0.5
  0
CIRCLE
  5
1178
330
1A
100
AcDbEntity
  8
B.Cu
100
AcDbCircle
 10
162.5
 20
-128.5799999999999841
 30
0
 40
0.5
  0
CIRCLE
  5
1179
330
1A
100
AcDbEntity
  8
B.Cu
100
AcDbCircle
 10
152.1200000000000045
 20
-142.5799999999999841
 30
0
 40
0.5
  0
CIRCLE
  5
117A
330
1A
100
AcDbEntity
  8
B.Cu
100
AcDbCircle
 10
152.1200000000000045
 20
-140.039999999999992
 30
0
 40
0.5
  0
CIRCLE
  5
117B
330
1A
100
AcDbEntity
  8
B.Cu
100
AcDbCircle
 10
152.1200000000000045
 20
-137.5
 30
0
 40
0.5
  0
CIRCLE
  5
117C
330
1A
100
AcDbEntity
  8
B.Cu
100
AcDbCircle
 10
144.5
 20
-142.5799999999999841
 30
0
 40
0.5
  0
CIRCLE
  5
117D
330
1A
100
AcDbEntity
  8
B.Cu
100
AcDbCircle
 10
144.5
 20
-140.039999999999992
 30
0
 40
0.5
  0
CIRCLE
  5
117E
330
1A
100
AcDbEntity
  8
B.Cu
100
AcDbCircle
 10
144.5
 20
-137.5
 30
0
 40
0.5
  0
ENDSEC
  0
SECTION
  2
OBJECTS
  0
DICTIONARY
  5
20
330
0
100
AcDbDictionary
281
1
  3
ACAD_GROUP
350
117F
  3
ACAD_LAYOUT
350
21
  3
ACAD_PLOTSTYLENAME
350
11
  0
DICTIONARY
  5
117F
330
20
100
AcDbDictionary
281
1
  0
ACDBDICTIONARYWDFLT
  5
11
330
20
100
AcDbDictionary
281
1
  3
Normal
350
10
100
AcDbDictionaryWithDefault
340
10
  0
ACDBPLACEHOLDER
  5
10
330
11
  0
DICTIONARY
  5
21
330
20
100
AcDbDictionary
281
1
  3
Model
350
1D
  3
Layout1
350
1E
  3
Layout2
350
1F
  0
LAYOUT
  5
1D
330
21
100
AcDbPlotSettings
  1

  2
none_device
  4
A3
  6

 40
0.0
 41
0.0
 42
0.0
 43
0.0
 44
420.0
 45
297.0
 46
0.0
 47
0.0
 48
0.0
 49
0.0
140
0.0
141
0.0
142
1.0
143
1.0
 70
1024
 72
1
 73
0
 74
5
  7

 75
16
 76
0
 77
2
 78
300
147
1.0
148
0.0
149
0.0
100
AcDbLayout
  1
Model
 70
1
 71
0
 10
0.0
 20
0.0
 11
420.0
 21
297.0
 12
0.0
 22
0.0
 32
0.0
 14
1e+20
 24
1e+20
 34
1e+20
 15
-1e+20
 25
-1e+20
 35
-1e+20
146
0.0
 13
0.0
 23
0.0
 33
0.0
 16
1.0
 26
0.0
 36
0.0
 17
0.0
 27
1.0
 37
0.0
 76
0
330
1A
  0
LAYOUT
  5
1E
330
21
100
AcDbPlotSettings
  1

  2
none_device
  4
A3
  6

 40
0.0
 41
0.0
 42
0.0
 43
0.0
 44
420.0
 45
297.0
 46
0.0
 47
0.0
 48
0.0
 49
0.0
140
0.0
141
0.0
142
1.0
143
1.0
 70
0
 72
1
 73
0
 74
5
  7

 75
16
 76
0
 77
2
 78
300
147
1.0
148
0.0
149
0.0
100
AcDbLayout
  1
Layout1
 70
1
 71
1
 10
0.0
 20
0.0
 11
420.0
 21
297.0
 12
0.0
 22
0.0
 32
0.0
 14
1e+20
 24
1e+20
 34
1e+20
 15
-1e+20
 25
-1e+20
 35
-1e+20
146
0.0
 13
0.0
 23
0.0
 33
0.0
 16
1.0
 26
0.0
 36
0.0
 17
0.0
 27
1.0
 37
0.0
 76
0
330
1B
  0
LAYOUT
  5
1F
330
21
100
AcDbPlotSettings
  1

  2
none_device
  4
A3
  6

 40
0.0
 41
0.0
 42
0.0
 43
0.0
 44
420.0
 45
297.0
 46
0.0
 47
0.0
 48
0.0
 49
0.0
140
0.0
141
0.0
142
1.0
143
1.0
 70
0
 72
1
 73
0
 74
5
  7

 75
16
 76
0
 77
2
 78
300
147
1.0
148
0.0
149
0.0
100
AcDbLayout
  1
Layout2
 70
1
 71
2
 10
0.0
 20
0.0
 11
420.0
 21
297.0
 12
0.0
 22
0.0
 32
0.0
 14
1e+20
 24
1e+20
 34
1e+20
 15
-1e+20
 25
-1e+20
 35
-1e+20
146
0.0
 13
0.0
 23
0.0
 33
0.0
 16
1.0
 26
0.0
 36
0.0
 17
0.0
 27
1.0
 37
0.0
 76
0
330
1C
  0
ENDSEC
  0
EOF
